app,content,rating,date
BukuWarung,"walaupun ngga bli edc harusnya bisa buat transfer,ngga ush bl edc nya kl udh punya masa harus bl lagi",1,2026-09-23 08:13:44
BukuWarung,"NYESEL data penjualan kita hilamg, tapi ga bisa pulih sama sekali. padahal aku udh percaya sama aplikasi ini dari 5 tahun lalu loh. kecewa banget.",1,2026-09-22 17:57:08
BukuWarung,"kenpa sih buku warung dan buku agen di pisahkan aplikasinya, kenpa gak di satukan aja biar kita selaku pengguna tidak kebanyakan aplikasi di dalam hp nya , pemborosan penyimpanan ajja....😌",3,2026-09-19 12:01:41
BukuWarung,"udah gak pake, adminnya semua trx mahal",1,2026-09-15 09:38:54
BukuWarung,"Bang IT timpa² file, tambahin mode login google",2,2026-09-15 09:25:51
BukuWarung,tolong dong jangan dipersulit ...kok susah di download nya . .terus susah jg apdate data nya ...cadangan data susah kembali / pemulihan data susah banget ....lamaaaaaa...,4,2026-09-14 18:17:21
BukuWarung,kompatiblenya os android 5.0 keatas..tapi punya saya android 12 malah jadi ga bisa..data tercatat hilang semua.. bego..!!!,1,2026-09-14 15:34:22
BukuWarung,kenapa saya tidak bisa download aplikasi ini ...sebelumnya saya sudah menggunakan aplikasi ini,5,2026-09-14 15:17:04
BukuWarung,"semenjak rekening penampung diubah ke Nobu, penarikan sering pending, tolong diperbaiki",2,2026-09-11 13:54:10
BukuWarung,mantap,5,2026-09-10 18:56:10
BukuWarung,Buka,5,2026-09-08 16:20:35
BukuWarung,tolong di aplikasi ini banyak penipu cs tolong balas dari aplikasi buku warung saya telah tertipu oleh salah satu pengguna buku warung,5,2026-09-07 12:09:50
BukuWarung,kenapa tombol dowload laporan tidak berfungsi. mohon untuk diperbaiki ya,3,2026-09-07 07:46:37
BukuWarung,parah memang ini aplikasi... kmrn ada org tarik tunai ditmpt saya sebanyak 2juta..diaplikasi ini proses tarik tunai gagal tapi di rekening dia diliat mutasi uda terpotong dan uang yg di tarik td gk masuk2 ke rekening saya sampai sekarang uda hampir seminggu... di tanya sama marketing di suruh sabar menunggu kalah bank dibuatnya...gk usah pakai aplikasi ini la klen parah penangan masalahnya... ku perbaiki ulasan saya ini kalau ada penyelesaian yang baik dari kalian,1,2026-09-06 09:43:23
BukuWarung,Aplikasi Buku warung sangat membantu untuk pencatatan keuangan dan yang memiliki usaha UMKM. sangat direkomendasikan 👍,5,2026-09-05 19:36:19
BukuWarung,lelet,1,2026-09-02 02:48:25
BukuWarung,izin min kenapa dana pengajuan belum masuk ke rekening ya min biasanya estimasi 1 hari kerja langsung masuk min🙏,5,2026-09-01 10:08:08
BukuWarung,"banyak yg memberi ulasan buruk bukannya melakukan perbaikan malah kinerja bot yang balas ulasan. tolonglah, ini akun buku warung saya tidak bisa diakses sudah 2 hari, banyak catatan utan piutang di usaha saya. sudah bergadang saya melakukan segala cara agar dapat kembali login ke apk namun selalu gagal. dan CS nya susah dihubungi dan dimintai bantuan, hanya bot dan bot yang balas chat.. aahhh kacau.!!!!",1,2026-08-31 23:20:11
BukuWarung,"aplikasi tolol, kalau transaksi lemot percuma beli mesin EDC nya 2jt, gaada cs buat komplen. cs bot bikin kesal",1,2026-08-31 19:30:21
BukuWarung,"transaksi 2 kali pending,, gimana nih min bikin pusing ajh, takut saldo ga balik lagi",1,2026-08-31 19:03:37
BukuWarung,tidak bisa di ketik nol mohon segera di atasi masalah ini,2,2026-08-30 18:01:57
BukuWarung,aduh aplikasine gimana sih kok ngga bisa masuk.catatan org pada utang iya ilang,3,2026-08-30 13:35:43
BukuWarung,"CS mohon bantuan nya kenapa aplikasi nya tiba tiba keluar sendiri??? Dan saat masuk kembali, data nya lemot di ambil kembali kenapa ya?? Sedang kan di situ bnyk catatan hutang orang²..",5,2026-08-30 08:40:01
BukuWarung,halo kak tolong bantu saya. akun saya kluar namun tidak masuk lagi. minta kode otp sudah tidak valid. beda hari jg tetap tidak bisa. pikir saya krena sudah terlalu banyak login. tolong kak catatan data penting saya bnyak disitu 😭😭,3,2026-08-30 06:31:33
BukuWarung,"mohon bantuannya admin saya Ng bisa buka aplikasi buku warung, mohon di bantu, soalnya masih banyak catatan hutang disitu",4,2026-08-29 21:59:37
BukuWarung,"gimana ini min,aku tiba2 langsung logut gak bisa masuk katanya time out padahal banyak catatan transaksi di sana,tolonglah",3,2026-08-29 21:58:13
BukuWarung,"Kenapa ya, kok tiba2 keluar lalu nggak bisa masuk lahi",5,2026-08-29 21:46:29
BukuWarung,"tidak menyimpan data sering hilang dan ga bs menggunakan 2 hp ,",1,2026-08-29 21:41:55
BukuWarung,"ini kenapa aplikasi tiba-tuba log out dan nggak bisa masuk lagi, huhu",3,2026-08-29 21:41:40
BukuWarung,"halo selamat malam mohon bantuan nya min , aku belum rekap data nya , bisa tolong di bantu min , bagaimana ini , tibatiba log out sendiri dan gabisa masuk lagi . trimakasih🙏",3,2026-08-29 21:32:38
BukuWarung,susah banget sih timbang memperbaiki edge to edge doang. gausah nyuruh live chat. buang² waktu,1,2026-08-29 20:22:23
BukuWarung,Bagusss... mantappp.. tapi kali ini pinjaman modal usaha saya lama cairnya,5,2026-08-29 16:48:04
BukuWarung,"babi capek"" nyatat hilang pulak cacatan pembukaan pengeluaran Denga pemasukan akhir, guah yg bingung sendiri .baby",1,2026-08-29 03:46:33
BukuWarung,"sangat mengecawakn, aplikasinya tidak bisa tekan tombol angka bawah",1,2026-08-25 00:30:30
BukuWarung,"tolong bantuannya, bagaimna cara memulihkan pembukuan yg hilang. semua catatan keuangan sy ada di situ. aplikasinya tdk sengaja ter uninstal. stelah di instal ulang catatan pmbukuannya hilang gak ada riwayat sma skli 😭😭😭",3,2026-08-22 12:13:28
BukuWarung,mohon diperbaiki aplikasi nya karena tombol tidak bisa mengetik angka 0 saat mencatat utang piutang,2,2026-08-22 06:44:41
BukuWarung,"Aplikasi nya bagus tapi sayang banget gak bisa input data pake numpad, padahal aku butuh banget fitur itu, kalo input data pake numpad kan lebih cepet. tolong di perbaiki aku suka banget padahal aplikasi ini",3,2026-08-20 16:44:23
BukuWarung,"Aplikasi ngga bisa buat transaksi udah laporan tetep aja ,saldo jadi beku di aplikasi ngga bisa di apa apain BALIKIN SALDO SAYA BARU SAYA GANTI ULASANNYA",1,2026-08-20 13:42:59
BukuWarung,Excellent,5,2026-08-20 09:10:04
BukuWarung,susah nulis angka nol mya,1,2026-08-19 15:45:58
BukuWarung,"tolong perbaiki ya..saya tidak bisa klik angka atau pun simpan,karna tertutup oleh tombol hp saya,terimakasih",5,2026-08-18 23:03:39
BukuWarung,g peduli kah sama bug layar navigasi masuk ke tombol bawah??,1,2026-08-16 19:16:28
BukuWarung,Tombol terlalu ke bawah angka 0 tak bisa. sama tombol bayar susah ketutup tolbar. kedua pin selalu gagal. sudah ganti pin tetap gagal. lke perbaiki min tolong.,3,2026-08-16 16:05:52
BukuWarung,wkwk sya pikir masalh tombol trlalu bawah saya doang. trnyata semua. udhbener gw gak update dulu. eh giliran di update malah tambah busuk apk nya,2,2026-08-15 14:58:18
BukuWarung,kok jadi tidak kompatibel sama perangkat..? padahal Hp android 12 syaratnya aja android 5 semakin buruk aplikasinya.. setelah memakai lebih dari 3 tahun... kecewa.. data yang sudah tercatat jadi hilang semua..🤦,1,2026-08-13 08:28:43
BukuWarung,min tombol 0 tertutup navigasi,1,2026-08-12 14:24:38
BukuWarung,layarnya ketutupan tombol jd g bisa masukkan angka 0.,1,2026-08-11 22:02:06
BukuWarung,ok,5,2026-08-11 16:53:34
BukuWarung,kenapa gak bisa dibuka aplikasinya?,3,2026-08-10 10:09:55
BukuWarung,"kenapa sekarang sulit klu mau nyatet,angka 0 nya g bisa di catet karena dihalang SM tombol keluar",2,2026-08-09 14:22:05
BukuWarung,"𝐠𝐢𝐦𝐚𝐧𝐚 𝐤𝐚𝐤 𝐦𝐚𝐬𝐚𝐥𝐚𝐡 𝐭𝐨𝐦𝐛𝐨𝐥𝐧𝐲𝐚, 𝐠𝐚𝐤𝐛𝐢𝐬𝐚 𝐝𝐢 𝐩𝐚𝐤𝐞 𝐝𝐨𝐧𝐠 𝐛𝐮𝐚𝐭 𝐩𝐦𝐛𝐮𝐤𝐮𝐚𝐧",3,2026-08-09 12:57:17
BukuWarung,"tombol bagian ujung ujung sisi gak bisa di tekan, mau bagian atas atau di bawa.",1,2026-08-07 15:26:57
BukuWarung,transaksi kebanyakan pending. sales di wa no respon.,1,2026-08-07 12:04:57
BukuWarung,"Alhamdulillah, semangat 💪💪 menggunakan buku warung",5,2026-08-06 16:55:02
BukuWarung,"Aplikasi bodoh, berbulan bulan bilang akan di perbaiki masalah tombol di android, sampe sekarang ketika mereka sudah update pun belum di perbaiki, untuk android sangat tidak bisa di gunakan karna tombol di bawah, giliran di laporin ke CS, CSnya ai, giliran tersambung sama cs manusia balesnya lama banget, APLIKASI GA GUNA, PANTES ORANG PADA PERGI!!!! GA ADA PERBAIKAN SAMA SEKALI!!!!!!",1,2026-08-06 12:42:07
BukuWarung,apk biasa aja.,1,2026-08-03 08:53:01
BukuWarung,aplikasi jelek sering eror jadi ilang catatan warung,1,2026-08-02 23:03:22
BukuWarung,macet transaksinya kebanyakan drakornya dari pada berhasilnya,1,2026-07-31 20:32:44
BukuWarung,gk bs tekan tombol 0 karena kehalang tombol navigasi gmn mau simpan atau bayar pbayarannya 🤦‍♀️🤦‍♀️🤦‍♀️ tolonh donk cepat diperbaiki,2,2026-07-28 13:11:34
BukuWarung,"Tolong perbaiki tombol simpan karena tertutup oleh tombol handphone, aplikasinya bagus cuma perlu revisi saja",2,2026-07-27 17:02:32
BukuWarung,"woy update papan tombolnya, susah ngetik angka 0",1,2026-07-24 19:59:26
BukuWarung,min masih banyak tulisan bertumpuk pada aplikasi tolong bintang akan segera naik jika segera bisa di perbaiki .,3,2026-07-24 11:37:37
BukuWarung,"tampilan terlalu luas menyatu sehingga anggka 0 bawah tertimpa tombol navigasi sehingga tidak bisa di pencet, os android 15, motorolla. mohon update ada perbaikan",3,2026-07-23 22:17:19
BukuWarung,Bwahahaha saya kira ada update untuk memperbaiki navigasi. ternyata masih sama 😆,1,2026-07-21 06:49:00
BukuWarung,gk bs tulis 0,1,2026-07-18 13:11:27
BukuWarung,kenapa tak bisa berjalan di hp saya lagi...???,5,2026-07-16 21:20:51
BukuWarung,susah mau masukan nominal 0/ 000 kolom ketutup tombol navigasi hp,4,2026-07-16 15:58:45
BukuWarung,"ribet, mau ganti nomor hp, harus sekalian ganti KTP, dikira wNI punya 2 KTP apa",3,2026-07-14 19:18:54
BukuWarung,"angka nol pas di bagian tombol bawah menu, jadi tidak bisa di tekan",1,2026-07-14 18:50:26
BukuWarung,laporan hutang gak bisa di unduh ya sekarang susah mau print,3,2026-07-14 11:14:31
BukuWarung,gak ada target bulanan itu yang bikin tenang. mau lagi sepi atau rame gak ada tekanan dari sistem. enak bgt! 🧘‍♂️💸,5,2026-07-13 16:00:06
BukuWarung,"aplikasinya enteng, gak makan memori hp. cocok buat saya yang hp-nya spek pas-pasan 📱🐢",5,2026-07-13 15:58:20
BukuWarung,mesin nya tidak dapat di gunakan RESPON PENJUAL TIDAK ADA !!!!,1,2026-07-11 19:31:12
BukuWarung,"Tidak Bisa Didownload, Tidak Bisa Share wa Pelanggan Melihat Langsung, Diupgrade Tambah Jelek, Bagusan Sejak Awal, Aplikasi Sering Keluar&Aplikasi Sering Beku",1,2026-07-11 17:39:00
BukuWarung,hai min kenapa setalah di update kok malah tambah gak bener. tombol paling bawah malah susah buat ngetik. gimana mau chat live buat ngetik tombol bawah nya gak bisa. belum juga ada perbaikan,1,2026-07-10 00:49:56
BukuWarung,"Kapan ni Updatenya ❓❓❓ parah nih aplikasi susah nulis catatan nominal angka 0 nya masih aja belum diupdate"" 👎🏼👎🏼👎🏼",1,2026-07-07 23:33:43
BukuWarung,bagian atas dan bawah aplikasi gak bisa dipencet terhalang menu hp,1,2026-07-06 21:53:32
BukuWarung,ini Aplikasi Buku Warungnya boleh di pake usernya apa cuma mentingin jualan EDC nya aja? dari awal tahun sampe sekarang mau ngetik Angka 0 aja susah. gk ada perbaikan sama sekali.,1,2026-07-06 18:44:06
BukuWarung,tdk bisa pencet angka 0,1,2026-07-05 13:23:07
BukuWarung,bukawarung jd susah angka nol tertutup gk bs di klik....mau hapus atau rubah jg susah,2,2026-07-05 08:57:14
BukuWarung,untuk foto profile belum bisa ambil dari galeri ya??,2,2026-07-04 20:49:00
BukuWarung,Usaha aaya makin lancar berkat BUKU WARUNG - Aplikasi UMKM,5,2026-07-04 04:15:52
BukuWarung,Laporan keuangannya bisa diunduh jadi PDF/Excel. Sangat berguna waktu saya mau mengajukan pinjaman modal ke bank,5,2026-07-01 12:10:52
BukuWarung,"Proses top up saldo dan pembayarannya aman, sejauh ini belum pernah ada kendala.""",5,2026-07-01 12:03:44
BukuWarung,"Aplikasinya ringan, gak bikin HP lemot, dan yang paling penting datanya aman tersimpan di cloud meskipun ganti HP",5,2026-07-01 11:59:49
BukuWarung,"Fitur tagih hutang via WhatsApp ini penyelamat banget! Pelanggan yang lupa bayar langsung sungkan begitu dikirimi pengingat otomatis. Mantap!""",5,2026-07-01 11:56:50
BukuWarung,"""Sangat merekomendasikan aplikasi ini untuk teman-teman sesama pedagang kaki lima agar keuangannya gak campur aduk dengan uang dapur.",5,2026-07-01 09:09:15
BukuWarung,"customer servis nomor xxxxxx ngajak ribut, sy cuma minta penghapusan data KTP sy yg masih tersangkut pada akun lama sy dipersulit, pdhl sy tidak punya pinjaman, pihak aplikasi sengaja menolak, mengabaikan, atau mempersulit pencabutan data KTP sy, mereka telah melakukan pelanggaran hukum berat. Di Indonesia, tindakan tersebut melanggar UU No. 27 Tahun 2022 tentang Pelindungan Data Pribadi (UU",1,2026-06-30 20:03:40
BukuWarung,Saya kesulitan menginput tombol nol di aplikasi saya saat mencatat pos pengeluaran,3,2026-06-30 12:29:55
BukuWarung,"Masih belum ada atau belum diperbarui untuk fitur “tambah kategori manual“.Seperti di versi 3.18.0 yang bisa tambah kategori manual.Dari versi 3.19.0 sampai terbaru saat ini kategori hanya ada “Penjualan, Penambahan Modal, Pendapatan Lain, Pendapatan Jasa, Hibah, Pinjaman, Piutang“.Hilangnya fitur tambah kategori manual yang membuat catatan berkategori selain di atas yang membuat tidak sinkronnya catatan terbaru dengan catatan lama.Semoga ke depannya fitur “kategori manual“ bisa ditambahkan lagi",1,2026-06-30 10:58:20
BukuWarung,"Dulu sering lupa siapa saja yang belum bayar utang, sekarang tinggal buka aplikasi langsung kelihatan totalnya. Sangat membantu arus kas toko.",5,2026-06-29 11:18:45
BukuWarung,Aplikasi cocok bagi umkm,5,2026-06-29 11:12:31
BukuWarung,Tampilannya bersih dan menunya tidak membingungkan. Sangat membantu mencatat pengeluaran operasional dapur produksi kue saya.,5,2026-06-29 10:37:02
BukuWarung,Bisa kelola banyak pembukuan sekaligus dalam satu aplikasi. Sangat efisien untuk yang punya beberapa cabang usaha kecil.,5,2026-06-29 10:37:00
BukuWarung,Saat print nota aplikasi langsung error tidak bisa dipencet,1,2026-06-28 12:19:40
BukuWarung,"Data langsung tersinkronisasi di cloud. Jadi kalau saya ganti HP, data warung saya gak hilang. Aman banget!",5,2026-06-28 11:30:34
BukuWarung,"pembukuan, BukuWarung yang paling pas di hati. Ringan, gratis, dan fiturnya lengkap banget untuk mencatat pengeluaran harian",5,2026-06-28 11:23:20
BukuWarung,"Sangat membantu, pertahankan gratisnya!",5,2026-06-28 11:03:19
BukuWarung,Bagus banget aplikasinya gratis dan tidak ada iklan yang mengganggu transaksi penjualan jadi lebih cepat diinput.,5,2026-06-27 13:03:36
BukuWarung,"tombol angka terlalu lebar sampe ke tombol menu di hp jadinya ga bisa klik angka nol,",3,2026-06-22 20:14:38
BukuWarung,gak bisa pencet tombol 0,1,2026-06-22 14:03:14
BukuWarung,tampilan bikin ga nyaman. krna terlalu full layar shingga susah untuk ketik angka dan tulisan krna kehalang banner tools hp,1,2026-06-22 11:51:28
BukuWarung,Alhamdulillah sangat terbantu dengan adanya aplikasi ini,5,2026-06-20 02:52:56
BukuWarung,"Pusat batuan sangat tidak bisa membantu. Tidak ada CS yang bisa dihubungi, pelayanan sanga sangat buruk dan sangatlah jelek",1,2026-06-16 21:55:13
BukuWarung,"aplikasi apa, ada kendala malah slowres, gak jelas",1,2026-06-16 21:02:18
BukuWarung,sekarang beli token listrik proses nya lama bgt. orang nungguin kelamaan,3,2026-06-16 20:35:33
BukuWarung,sangat payah beli token listrik pending 30 menit pas di kompalin di suruh menunggu 2 hari kan kita jadi rugi karna custumer minta uang kembali,1,2026-06-16 19:58:54
BukuWarung,saya kasik rating 1 karena sering terjadi proses atau pending lama sekali jadinya pelanggan kabur tidak mau menunggu lama jika transaksi lama pelanggan akan kabur semua jadinya konterku sepi,1,2026-06-16 19:44:49
BukuWarung,"Tolong lah aplikasi nya diperbaiki, jangan sebentar sebentar pending, udah gitu nunggu nya lama bgt. mau kadang sampai seharian.",3,2026-06-16 19:30:28
BukuWarung,"diperbaiki ya, tidak bisa nulis angka 0",1,2026-06-15 00:46:15
BukuWarung,"Setahun gak pakai app ini, sekali pakai angka 0 nya tertutup tombol navigasi.. gak bisa dipakai lagi",3,2026-06-14 12:56:11
BukuWarung,"Aneh bgt aplikasi ini. transaksi pending, dikasi solusi hapus aplikasi kemudian instal ulang & login kembali. sekalinya mau login, kode OTP gak dikirim2. padahal nomor telepon udah bener. duitku hangus di aplikasi ini. sampah!",1,2026-06-12 22:20:06
BukuWarung,tertutup ga bisa di pake,2,2026-06-10 23:37:55
BukuWarung,Sangat membantu .. Top banget 👍👍,3,2026-06-10 22:42:27
BukuWarung,Uninstal tombol bawah terlalu kebawah dan tidak berfungsi karena tertutup tombol navigasi hp.,1,2026-06-08 11:51:35
BukuWarung,"sangat buruk, transaksi lama kualitas jaringan jelek, bikin rugi usaha aja",1,2026-06-03 21:12:55
BukuWarung,aplikasinya sekarang loding banget harusnungulama baru bisa dipake tolongdong dii apdet,3,2026-06-02 20:56:34
BukuWarung,"perhitungan uang ada yang tidak akurat, tolong perbaiki",3,2026-06-02 15:36:38
BukuWarung,"2x daftar dan 2x juga akun di blokir tanpa kabar dan tanpa ngasih alasan kenapa, dan sekarang memilih pake aplikasi sebelah karena takut keblokir lagi",1,2026-06-01 20:40:45
BukuWarung,tolong dong di benerin knpa nggak di tanggepin sihhh tombol bawah nggak bisa di ketik,1,2026-05-31 20:32:52
BukuWarung,"tombol nol nya tertutup dengan bar navigasi,, sehingga susah untuk menyentuhnya.",3,2026-05-31 18:03:59
BukuWarung,kalo pinjaman itu kaya memberi utang saldo nya masuk kemana yak? notif sudah di terima tapi ga tau masuk kemana,5,2026-05-31 17:17:29
BukuWarung,aplikasinya bagus tapi tolong angka paling bawah di geser ke atas susah tekan angka 0 nya mohon untuk di perbaiki,4,2026-05-30 22:11:36
BukuWarung,baik,5,2026-05-28 21:54:58
BukuWarung,aplukasi sangat mantap,5,2026-05-27 13:56:37
BukuWarung,"untung mencet 0 susah sekarang terlalu d bawah, d pencet malah jd keluar",1,2026-05-26 16:19:37
BukuWarung,"aplikasi gagal,, ini gimana mau transaksi pas mau masukin pin,, tombol 0 nya di backdor handphone,, jadi gagal total buat transaksi,,, Aplikasi tolol,, udah pada komplain engga ada tanggapannya",1,2026-05-26 14:39:12
BukuWarung,mohon agar aplikasi ku bisa terbuka,4,2026-05-24 15:02:43
BukuWarung,"aplikasinya makin buruk ketika melakukan pencatatan transaksi malah data jadi tidak sesuai, banyak data yang hilang ...",1,2026-05-23 20:31:27
BukuWarung,lebih bagus sblmnya,1,2026-05-23 11:13:56
BukuWarung,makin kesini makin sering trouble,1,2026-05-22 19:30:54
BukuWarung,ok,5,2026-05-20 23:02:16
BukuWarung,bermanfaat,5,2026-05-20 21:54:47
BukuWarung,tolong tampilan aplikasi bisa diperkecil lagi atau bisa digeser keatas. terutama pada papan tombol angka saat pengetikan mau isi pulsa dan catatan hutang. barisan angka paling bawah tertutup tombol (back) oleh bawaan hp. padahal sebelumnya tidak tertutup. terima kasih,5,2026-05-19 21:33:45
BukuWarung,tolong lah di perbaharui app ini tidak dapat di gunakan tombol bawahnya kebesaran kolom app kecilkan dikit ukurannya biar bisa di gunakan,3,2026-05-19 06:40:13
BukuWarung,Terima kasih buku warung Akun saya setelah melapor ke cs supaya bisa mengunduh laporan,5,2026-05-19 01:20:35
BukuWarung,"sudah ada komplain sejak Januari terkait posisi angka 0 yang tidak dapat dipencet karena sejajar dengan tombol home android, namun sampai detik ini bulan Mei 2026 masih tidak diperbaiki. Mohon IT bagian user interface lakukan update agar tampilan bisa FIT di segala device. Tidak bisa pencet angka 0 sama dengan aplikasi tidak berguna.",2,2026-05-18 21:00:17
BukuWarung,"APLIKASI SAMPAH, GA USAH PADA DOWNLOAD INI APK UDAH BANGKRUT ?? MANAGE KEUANGAN KEK MANUAL QRIS GA BISA DIGUNAKAN HARUS TERUS AJA VERIFIKASI, YA DASARNYA APK INI SAMPAH! GRUP NYA AJA KOSONG",1,2026-05-18 07:53:48
BukuWarung,sekarang tidak bisa download pdf,1,2026-05-17 11:33:03
BukuWarung,tombol bawah kehalang jadi susah input,1,2026-05-15 11:09:37
BukuWarung,"Aplikasi sering error, lambat transaksi, kadang pengiriman gak masuk, yang lebih parahnya saldo kita hilang aplikasi ini gak bagus!",1,2026-05-15 08:02:58
BukuWarung,gabisa ubah data stok awal yg salah input,1,2026-05-15 00:22:15
BukuWarung,mohon untuk pihak pengembang di perbaiki lagi sedikit bug nya..karena pas mau mencatat keuangan angka paling bawah atau angka 0 nya terhalang tombol navigasi pada ponsel.sangat mengganggu sekali.Padahal saat versi lama aman2 saja.,4,2026-05-14 21:30:36
BukuWarung,udah berbulan bulan mesin edc ga bisa dipake lagi di semua transaksi. di chat ke adminnya lewat ig sama live chat aplikasi buku warung yg jawab robot semua. nyesel beli mesin edc nya. 800 ribu bagi saya yang usaha kecil itu sangat besar. buat kalian yg baru mau beli mesin edc disini mikir2 deh.,1,2026-05-14 20:39:09
BukuWarung,Padahal sdh lama pake ini skrg hilang data pelanggan.kecewa sama aplikasi ini catatan hutang orng jd hilang.,1,2026-05-14 17:46:18
BukuWarung,"sangat sangat tidak rekomen , pemakaian baru berjalan 3 bulan, alat tdk dpt dipakai sama sekali dan lapor cs tidak membantu.",1,2026-05-14 12:37:56
BukuWarung,"per hari ini tanggal 13 mei 2026, aplikasi buku warung tidak bisa unduh laporan PDF kenapa ya, apakah ada maintenance software atau terjadi bug / kerusakan pada software nya tolong di tindak lanjuti secepatnya terima kasih atas perhatian nya",4,2026-05-13 14:54:33
BukuWarung,"tidak bisa download laporan keuangan, beberapa fitur tidak berfungsi",1,2026-05-12 19:00:11
BukuWarung,habis di update malah tidak bisa download laporan,3,2026-05-12 17:33:42
BukuWarung,"pusing, masak mau buat catatan angka 000 tertutup sama tombol kembali <",2,2026-05-12 03:13:45
BukuWarung,gak bisa memuat laporan ke wps muser2 trs,1,2026-05-11 10:52:09
BukuWarung,"susah buat rekap, gk tertera tanggal",1,2026-05-11 02:46:45
BukuWarung,"tombol angka saat mencatat utang, ada tampilan yang tertutup oleh layar Home nya HP, jadi gak bisa ketik angka 0. Jadi gak berguna aplikasi ini",1,2026-05-10 20:28:45
BukuWarung,"bang, tombol yg bawah ketutupan navigasi android, jadi gak bisa diklik",1,2026-05-10 14:05:18
BukuWarung,please knp sekarsng sering pending.... sdh beberapa kali ngecewain pelanggan gara2 pending dan pasti minta cancel setiap transaksi.,1,2026-05-10 04:03:04
BukuWarung,"Aplikasi Buku Warung tampilannya sekarang terlalu kebawah, jadi kalo mau ketik angka Nol hpnya harus di miringkan dulu, jadi agak ribed ga kaya dulu",3,2026-05-09 10:12:27
BukuWarung,dari sekian lama pake buku warung baru kali ini aku kecewa... hasil rekapanya nggak bisa di download.... harus cari apk yg lebih bagus,2,2026-05-09 08:01:05
BukuWarung,"saya cek di ulasan sangat banyak mengeluhkan yerkait tampilan yg malah membuat susah menginput, terutama bagian bawah, tertutup tombol navigas. mohon segera di tindak lanjuti sebelum keluhan yg sama dan banyak ini memjadi penyebab di uninstall nya apk.",1,2026-05-08 09:44:26
BukuWarung,fitur pencatat pemasukan sudah tidak nyaman. karena terdapat penghalang saat Ingin mencatat pengeluaran pemasukan,1,2026-05-08 07:39:02
BukuWarung,kenapa sudah 3 hari jadi tidak bisa menyiapkan dokumen mohon diperbaiki trimakasih,5,2026-05-07 13:33:52
BukuWarung,ini gimana kok gak ada tindak lanjut saya tetep gak bisa masuk aplikasi ada langkah ke dua gak buat masuk nya tetep aja pas udah masukin nomor hp langsung ke beranda di tunggu konfirmasi nya terimakasih,4,2026-05-06 19:57:42
BukuWarung,tolong ya ini kok saya mau unduh laporan keuangan kok tidak bisa ini perbaiki dong padahal jaringan udah bagus,1,2026-05-06 17:04:13
BukuWarung,Mantap,5,2026-05-06 16:27:24
BukuWarung,kok gak bisa buat tablet kenapa ya ? kemarin Marin aman sekarang gak bisa,3,2026-05-06 15:47:32
BukuWarung,bagus,5,2026-05-05 10:13:34
BukuWarung,"saya mau bayar token listrik, gak bisa terus, kemudian semua saldo saya mau tak ambil, eh tidak mau, ada kata2 maaf ada gangguan dari provider, masak gangguan itu terus menerus, kan ya aneh,",1,2026-05-05 09:38:26
BukuWarung,"dalam pengiriman ke bank lama banget pending terussss, sedangkan customer yang pengen buru2 juga harus gimana.. tolong dong di tingkatkan lagi 🥲",2,2026-05-04 17:22:30
BukuWarung,angka nol kenapa tidak bisa di klik,4,2026-05-04 08:13:08
BukuWarung,berharap bisa jualan di sini.. sekalinya daftar dan kyc ..cuma 1 hari penggunaan sudah tidak bisa di pakai buat transaksi ewallet lagi🤷 saldo di dalam masih ada tapi gk bisa di gunakan,3,2026-05-03 19:13:20
BukuWarung,developer bego benerin aplikasi ketutup tombol navigasi aja gak beres2,1,2026-05-03 16:44:46
BukuWarung,nge bug di android 12 .... tidak pas dengan tombol,1,2026-05-02 18:04:02
BukuWarung,mantap,5,2026-05-02 16:11:42
BukuWarung,percuma aplikasi gak bisa di install di tablet,1,2026-05-02 15:02:16
BukuWarung,"kenapa skrg angka 0 nya tidak bisa karna tertutup jadi tidak bisa di klik , tolong segera di perbaiki ,krna susah kalau angka 0 tidak bisa di gunakan",1,2026-05-02 13:48:12
BukuWarung,ngetik tombol aplikasi kehalang tombol HP angka 0 ketutup tombol navigasi HP gimana kita mau ketik 0,1,2026-05-01 22:24:37
BukuWarung,udh gk bisa diandalkan sering gangguan buat chat cs aja susahnya minta ampun,1,2026-05-01 20:05:11
BukuWarung,"kenapa saya mau login kode otp tidak valid terus, tolong bantu kak karena saya perlu",1,2026-05-01 09:26:03
BukuWarung,kenapa sekarang aplikasi tombol 0 ketutup sama tombol menu tolong solusinya,5,2026-04-29 21:31:16
BukuWarung,Menu Bayar me bank mandiri saya kirkm 1 juta malah delay berjam jam. sebaiknya kalo gak mampu memperbaiki. tutup saja aplikasinyaa. rugi nunggu2,1,2026-04-29 18:19:39
BukuWarung,makin susah dipakai aplikasinya,1,2026-04-28 21:40:05
BukuWarung,"hi team mohon perbaikan untuk fitur utang, ga bisa pencet angka 0 nya karena ketutup setelah update fitur makasi",4,2026-04-28 15:30:24
BukuWarung,cukup sekian dan terimakasih,1,2026-04-28 14:34:30
BukuWarung,hai admin saya mau daftar buku warung kok stuck di kode otp terus ya?,2,2026-04-28 07:54:38
BukuWarung,bagus,4,2026-04-28 01:21:50
BukuWarung,tidak ada perbaikan aplikasi,1,2026-04-27 22:27:54
BukuWarung,"tolong aplikasinya di perbaiki, tombol nol tertutup bagaimana mau pakai nya",1,2026-04-26 21:43:57
BukuWarung,Tolong diperbaiki aplikasinya pada tombol 0(NOL) tidak bisa digunakan karena ketutup Dashboard. mohon atensinya segera diperiksa.,1,2026-04-26 11:38:01
BukuWarung,sampah,1,2026-04-26 11:29:54
BukuWarung,"Di update tgl 26 April 2026 malah tidak bisa dipakai .. keypad angka terlalu kebawah, sehingga angka 0 tidak bisa ditombol. padahal angka sangat penting untuk penggunaan aplikasi ini untuk pencatatan. tambah bintang klo masalah ini diatasi. Terima kasih",3,2026-04-26 11:11:21
BukuWarung,udah bertahun-tahun pakai buku warung. tp kok akhir2 ini gak bisa di unduh ya bagian laporannya,5,2026-04-26 08:17:14
BukuWarung,"proses lma x ,capek org + pembeli nunggu",1,2026-04-25 22:21:44
BukuWarung,"transaksi gagal, tpi uang ga dikembaliin, apaaalaaa",1,2026-04-25 18:26:04
BukuWarung,"DI perbarui kenapa tidak lebih baik BUKUWARUNG ini, sudah mulai jenuh ini untuk dilakukan saat aktivitas, apa tidak bisa segera di atasi oleh tim BUKUWARUNG, jangan sampai hilang kenyamanan di penggunaan aplikasi ini..",1,2026-04-24 22:40:14
BukuWarung,TDK cocok di hp realme c85,3,2026-04-24 19:48:46
BukuWarung,Tolong diperbaiki lagi tombol nol nya tertutup navigasi,1,2026-04-23 17:27:18
BukuWarung,ada menu yang tertutup oleh botton menu dan foward HP ja ketika mengtikkan angka 0 tidak bisa. saya memakai HP Samsung Galaxy S25 Ultra,3,2026-04-23 13:43:10
BukuWarung,"ini gimana di update tobol enol tertutup tobol navigasi,, saya coba hilangkan navi gator atas nya Ter tutup Icon sinyal..jdi ga bisa catat hutang piutang",1,2026-04-22 20:07:56
BukuWarung,semakin kesini aplikasinya makin parah,1,2026-04-22 11:19:34
BukuWarung,makin di update makin berantakan tampilannya. mau ngetik tombol 0 terlalu kebawah mendekati tombol kembali hp,4,2026-04-21 12:32:39
BukuWarung,lumayan,4,2026-04-21 08:10:06
BukuWarung,tolongbdi perbaiki aplikasinya.. masak tombol 0 ktutup tambol navigasi hp.. tombol back atas ktutup sama jam hp atas.. di xiaomi maupun samsung sama aja aplikasinya tidak kompetible dengan layar hp,1,2026-04-20 21:04:55
BukuWarung,"Bakal diperbaiki g sih, udh nunggu berbulan² angka nol msh terhalang tombol navigasi?! Dah banyak yg komplen juga.",1,2026-04-17 21:43:34
BukuWarung,very good,5,2026-04-17 16:14:59
BukuWarung,kecewa juragan EDC belum ada setahun udah rusak,1,2026-04-17 13:45:40
BukuWarung,Tampilannya jadi besar memenuhi layar setelah di upgrade,2,2026-04-17 08:18:40
BukuWarung,mau daftar aja susah banget....,1,2026-04-16 23:06:48
BukuWarung,sebenernya lebih praktis cara jualan dan dapet hasil untung sudah bagus tinggal pengurangan modalnya dari hasil pembelanjaan gtu biar bisa masuk keluar uangnya jangan cuma hasilnya aja jadi nanti dioffline misal ngga ada uangnya tapi hasilnya di app gk sesuai,3,2026-04-16 13:45:58
BukuWarung,"Tidak bisa keluar, kecuali pake menu home. Tombol bawah tertutup bilah navigasi.",1,2026-04-16 09:56:19
BukuWarung,"saya pengguna baru sebelumnya pakai aplikasi lama,mau coba buku warung yang ratingnya bagus pas dicoba ada yang kurang dan itu fatal banget tidak ada fitur untuk karyawan dimana fitur itu khusus kasir saja,coba ada fitur khusus karyawan keren kayaknya untuk sementara saya ga pakai dulu ini aplikasi tetap aplikasi griyo pos is the best maaf ya buku warung,,,bye bye",2,2026-04-15 20:08:02
BukuWarung,"aplikasinya sangat membantu, cuma sayang sekali sekarang tombol nol tertutup sama tombol navigasi, mohon diperbaiki",2,2026-04-15 08:35:14
BukuWarung,klo udh pending lamanya minta ampun,1,2026-04-14 16:13:02
BukuWarung,"aplikasi kog g bisa keluar angka nol nya, apa lg ngebug, soalnya di reset tetap spt itu min,,, kasih btg 1 krn msh g bisa dipake",1,2026-04-14 14:22:43
BukuWarung,gara gara beberapa bulan tombol 0 terlalu kebawah g BS di benerin jadi g BS nulis transaksi di bku warung JD g tau perbulan dapat brapa.,1,2026-04-12 14:34:49
BukuWarung,"masa saat menulis hutang, angka paling bawah ketutup navigasi android, gak bisa di klik",1,2026-04-11 03:26:26
BukuWarung,"Tidak bisa unduh laporan dan layar nya memanjang tidak bisa tekan angka nol Harus ganti hp baru, baru bisa normal kembali Saya pakai ada 2akun Harus beli 2 hp baru Besar biaya beli hp baru lagi tolong pihak bukuwarung di coba sendiro dan down load sendiri",2,2026-04-10 02:49:28
BukuWarung,"tolong min update apk nya biar nyatet gak ke halang navigasi,,,cape setiap tulis angka harus rubah navigasi terus......soalnya biasa pake navigasi tombol......",2,2026-04-09 01:37:37
BukuWarung,"saya sangat kecewa sekali dengan tampilan app ini saat menekan tombol 0 di bagiab bawah, sangat² jelek dan tdk memuaskan",1,2026-04-08 20:27:04
BukuWarung,"Buku warung tiba tiba tidak bisa di buka kenapa min ? semua catatan masih di situ semua, gimana cara mengatasinya ?",1,2026-04-08 06:38:03
BukuWarung,"TOLONG PERBAIKI APLIKASI NYA TOMBOL BAWAH ANGKA 0 NYA GAK BISA DI PENCET, YANG BUAT APLIKASI TIDUR YA , PERBAIKI BUG NYA",4,2026-04-07 19:05:23
BukuWarung,"sarang untuk bukuwarung, tolong dong biaya admin buat jurangan di pisah kan' maksudnya dibuatka, jangan disatukan agar pembeli token listrik, listrik pascabayar dan bpjs bisa mengetahui biaya jasa🙏",5,2026-04-07 17:51:40
BukuWarung,sekarang tombol nol tertutup sama tombol Navigasi. jadinya susah Harus melintang kalau mau nulis nol. tolong segera ditindaklanjuti. sudah tapi tidak bisa. tombol kirimnya tertutup tombol Navigasi. padahal sudah melintang.,2,2026-04-06 14:32:46
BukuWarung,"tolong dong ditambahin fitur buat input barang dengan harga satuan dan grosir, trus tambahin fitur buat edit tampilan struknya, kalo buat thermal 58 kekecilan tulisannya pada nyatu 🙏🙏",3,2026-04-05 22:27:20
BukuWarung,"Papan tulisan kebesaran, angka 0 ga bisa dimasukin",3,2026-04-05 10:05:44
BukuWarung,"Backup dan restorenya di perbaiki min, setelah ganti hp buku pencatatan dan pengelola stok hilang",2,2026-04-04 23:54:30
BukuWarung,"Kecewa, saat update data pemasukan & pengeluaran jadi tdk sinkron,",1,2026-04-04 19:29:28
BukuWarung,dengan berat hati terpaksa meninggalkan buku warung setelah 5 tahun menemani.Tidak ada perbaikan dr pencatatan angka yg terlalu kebawah jadi susah dalam pencatatan.,2,2026-04-02 19:48:55
BukuWarung,sangat membantu pencatatan sederhana dan invoice,5,2026-04-02 17:14:31
BukuWarung,"hati hati sama aplikasi ini, karna mereka bisa blokir akun kalian dengan suka' harap lebih bijak memilih aplikasi agar kalian tidak rugi, kalo sudah di blokir akun tidak akan bisa aktif lagi, jgn perna simpan saldo yg banyak di dalam apk ini. trimakasih",3,2026-04-02 11:28:23
BukuWarung,"banyak bug wajib dibenerin 1. saat mau catat hutang angka 0 dan 000 ketimpa tombol recent hp 2. mau chat online cs juga sama ketimpa tombol recent hp kalo uda di benerin ulasan akan diubah....smoga devnya denger keluhan pengguna, kalo ga ada tanggapan cepet alamat pindah apk lain",1,2026-04-02 07:28:10
BukuWarung,sudah berubah menjadi lebih tidak baik,1,2026-04-01 22:30:19
BukuWarung,"Kenapa yah Saya Sudah Berapa Minggu ini Sudah Tidak Bisa Transaksi PPOB Padahal Saldoku Masih Cukup...??? Sampai Detik ini Masalah Belum Selesai.. Kenapa Tidak Transaksi PPOB padahal Saldoku Masih Cukup,.. Tombol Transaksi Akhir Tidak bisa Berfungsi...",1,2026-03-31 10:13:30
BukuWarung,"ada masalah tapi tidak tindak lanjut dengan cepat, bintang 1 dulu",1,2026-03-31 08:19:35
BukuWarung,parah sekali pokoknya di beberapa hp blank semua,1,2026-03-30 14:56:43
BukuWarung,Setelah berbulan-bulan ternyata gak ada perubahan. Itu tombol-tombol bawah ketutupan. Susah banget ngetik angka 0-nya. 🤦,4,2026-03-30 08:48:59
BukuWarung,aplikasi Susah respon jelek gak bisa masuk rekening cek sldo dan trik tunai,1,2026-03-25 20:34:08
BukuWarung,"Bug aplikasi, angka kosong ngga bisa di pencet ketutup navigasi hp",1,2026-03-25 12:01:32
BukuWarung,tombol paling bawah gak bisa di pencet. tombol angka nol. payah. bagusan yg dulu,1,2026-03-24 10:07:40
BukuWarung,"Kasih bintang 1 saja dulu ya, adminnya lelet pelayannya. Nanti ganti bintang 5 klo sdh direspon kendala transaksiku",5,2026-03-23 11:08:46
BukuWarung,bagus bgt. tpi tergantung sama tombol menu bgian bawah,3,2026-03-21 20:47:35
BukuWarung,"tolong diupdate lagi kk, sy input nommt inal kesusahan terhalang oleh b nh5m t. tt? nn. .5.t.nt . hyar.",3,2026-03-21 00:36:30
BukuWarung,"aplikasinya bagus dan membantu banget, tp sayang setelah diperbaharui tampilan menjadi full layar tidak bisa ngetik angka paling bawah",1,2026-03-20 00:12:47
BukuWarung,ketentuannya sekarang jelek gak sebagus dulu. harus update akun premium dll verifikasi ktp verifikasi wajah. bahkan disuruh foto toko ada tulisan spanduk dll. ribet lah. gak semuanya punya toko. hanya jualan dirumah. usaha kecil2 n.,2,2026-03-17 09:56:11
BukuWarung,apk nya gk bisa ketik angka 0 sama gk bisa jg hubungi cs sama apknya sama kyak mau ketik angka 0 updet terbaru la apk nya bos nanti org uninstal semua apk ini coba orang buku warung pake apk nya cek jd tau kendalanya,1,2026-03-17 09:13:25
BukuWarung,"kenapa sekarang di hp saya susah klik,karna terlalu bawah...sekalinya bisa tp eror,saldo saya masih 130k tolong bantuannya",1,2026-03-15 00:43:45
BukuWarung,Halo ka mau nanya bug angka 0 yg ketutup tombol bawah kira2 akan terselesaikan kapan ?,1,2026-03-14 19:55:01
BukuWarung,"Seperti nya BukuWarung sudah tidak mau berbenah lagi,sebab sudah lebih satu bulan tidak ada perbaikan pada aplikasi.. Apa mungkin tim IT nya sudah pada resign??",1,2026-03-14 16:36:46
BukuWarung,Fiturnya sering gak respon,3,2026-03-13 21:57:15
BukuWarung,Tolong di perbaiki kami tidak bisa menekan angka nol paling bawah sangat kecewa,2,2026-03-13 18:30:57
BukuWarung,Buka Stok Aplikasi nya tegang2,3,2026-03-13 14:43:00
BukuWarung,tolongg admin stelah di update jadi susab tombol paling bwah dan paling atas krena bertabrakan dg tombol navigasi hp.,3,2026-03-13 14:22:45
BukuWarung,aplikasi terlalu besar jdi kena tombol navigasi xa. mau catat 000 xa gak bisa,1,2026-03-12 15:51:56
BukuWarung,Kenapa sekarang makin gak bagus ya. tombol angka 0 nya gak bisa. scroll paling bawah ga bisa.. gimana mau dj catat transaksi nya..,1,2026-03-12 15:19:40
BukuWarung,tolong di perbarui lagi. asli smakin parah. kt GK bisa ketik angka nol. tolonglah tolong,5,2026-03-12 09:18:17
BukuWarung,tidak bisa mencatat rupiah uang pengeluaran dan pemasukan karena tampilan terlalu besar full layar hp,1,2026-03-11 18:46:32
BukuWarung,"apk buku warung banyak sekali kekurangan nya pertama, susah untuk tekan tombol paling bawah seperti tertutup, tekan tombol bayar susah untuk di klik, kedua transaksi di setruk tidak tertulis nominal pembelian, yg ada cuma nominal harga, yang ketiga no seri token listrik terlalu kecil tidak seperti umum nya pada aplikasi lain, jadi tolong di tindak lanjuti semua kekurangan nya demi kepuasan pelanggan untuk ber transaksi menggunakan apk Buku warung. Terimakasih",1,2026-03-10 16:23:01
BukuWarung,"UI tabrakan, tampilan bagian bawah terutama angka tabrakan dengan UI menu HP. sangat menyulitkan",1,2026-03-10 16:00:05
BukuWarung,aplikasi tdk lg busa di perangkat saya kenapa ?,1,2026-03-10 05:53:20
BukuWarung,"aplikasi nya makin lama makin buruk, mau menulis catatan hutang angka 0 nya tidak bisa dietik karena keyboard bawaan aplikasi terlalu ke bawah, tertutup angka 0 nya, tolong solusinya",1,2026-03-09 22:46:31
BukuWarung,"Catatan transaksi hilang gk bisa di kembalikan, sudah hubungi pusat bantuan tetap juga tidak bisa, Nyesal deh gunakan aplikasi ini catatan keuangan saya jadi hilang semua",1,2026-03-08 22:52:04
BukuWarung,"ini kenapa udah 2 hari gak bisa isi listik dan sisi e walet,",1,2026-03-08 21:44:40
BukuWarung,sekarang tombol untuk transaksi ketutup layar jadi agak susah .. dan bukti struknya tidak bisa langsung di cetak,2,2026-03-08 20:45:26
BukuWarung,ini kenapa tempat saya 1 bulan ini aplikasinya kok gak bisa di pakai.?,2,2026-03-08 19:11:39
BukuWarung,mohon nav unduhaanya di perbaiki ... gak bisa ngunduh udah hampir sebulan bis.. nanti bintang tak tambahin kalo udah bagus lagi,2,2026-03-08 18:04:02
BukuWarung,"mohon di bantu ,tampilan aplikasi BW saya kebesaran hingga tidak bisa melakukan pencatatan secara normal di bagian utang nya,,menu yg muncul pada keyboar paling bawah tidak bisa di klik karna tertimpa menu exite di hp..jika ini diperbaiki maka sya akan ubah ulasan dan mmberikan bintang 5,,jika tidak di perbaiki akan sya ubah ke bintang 1",2,2026-03-08 16:27:30
BukuWarung,pindah HP banyak yg hilang datanya padahal sudah di back up,1,2026-03-08 11:39:54
BukuWarung,aplikasi bagus tapi kok kaya di hp sekarang tulisannya susah ya ...kaya di zoom kebesaran tadinya gampang kok,5,2026-03-08 11:14:43
BukuWarung,"Tolong di perbaiki masalah tabnya yang memenuhi layar sampai ke tampilan sinyal, kalo ada kesalahan catat susah diperbaiki karena hal tersebut. Terimakasih, nanti saya ganti ratingnya kalau sudah diperbaiki",1,2026-03-08 11:10:45
BukuWarung,harap revisi tampilan pencatat angka2,1,2026-03-07 22:58:07
BukuWarung,"gak diperbaiki ternyata, sampai hari ini gak bisa tekan angka nol. tampilannya kebesaran di layar hp, kapan mau diperbaiki woii",1,2026-03-06 23:21:38
BukuWarung,ok,5,2026-03-06 20:21:40
BukuWarung,layar masuk tombol navigasi,1,2026-03-06 14:45:33
BukuWarung,"udah banyak keluh kesah karena tampilan di belakang tombol home jadi susah klik,masih aja belom di benerin.",1,2026-03-06 10:57:37
BukuWarung,"nyesel ngeupdate gak bisa tekan tombo 0 soalnya ketindih sama tombol navigasi hp,jd gak bisa di pakai",1,2026-03-05 21:55:31
BukuWarung,ganggua nya lam dah sebulan lebih ga bisa d pakai kenapa yah,5,2026-03-05 19:54:56
BukuWarung,beli mesin EDC buku warung.. TDK bisa dipakai.. bikin laporan TPI TDK ada kejelasan..sudah mahal2 beli TDK bisa digunakan,1,2026-03-05 15:59:47
BukuWarung,tombol angka ke navigasi,1,2026-03-05 13:21:56
BukuWarung,"aplikasi ini jadi gak bisa untuk hp dengan navigasi dibawah,,tolong update lagi,,pdahal sebelum update bagus",1,2026-03-05 10:00:21
BukuWarung,Terimakasih,5,2026-03-04 20:16:26
BukuWarung,"Ini kenapa tombol angka saat mencatat utang, ada tampilan yang tertutup oleh layar Home nya HP, jadi gak bisa ketik angka 0. Jadi gak berguna aplikasi ini. Tolong segera dibereskan. Soalnya livechat CS juga gak bisa karena kolom chatnya tertutup juga oleh tombol navigasi.",1,2026-03-04 18:11:50
BukuWarung,"Aplikasi gak guna. ada CS gak guna. ga bantu sama sekali. ngasih solusi malah bikin semua data hilang. ga ada tanggungjawabnya sama sekali. lumayan lama pake aplikasi ini, tp malah ngecewain. update gak guna! gak usah bikin aplikasi kalo bisa tanggungjawab ke user. MERUGIKAN!",1,2026-03-04 11:10:45
BukuWarung,"tolong perbaiki jumlah nominal tidak bisa digunakan karena terlalu ke bawah, tertutup navigasi layar hp",1,2026-03-03 16:38:46
BukuWarung,"mohon di update lagi,layar terlalu lebar.tidak bisa ketik angka 0",1,2026-03-03 12:10:57
BukuWarung,"APLIKASI INI BIKIN RUGI ,Jangan di download aplikasi ini proses nya lama,keluhan nya tidak langsung ditangani,tidak direkomendasikan",1,2026-03-03 08:54:45
BukuWarung,"ga bisa nulis angka nol nya terhalang navigasi tlong di perbaiki dong, saya pengguna dari 2019 baru ini jadi susah ngetik angkanya",2,2026-03-02 16:21:21
BukuWarung,tolong perbaiki siapa sih yang bikin ini responsif jelek banget emang ga di uji coba dulu apa,1,2026-03-02 14:36:04
BukuWarung,setelah di upgred malah gak bisa di buat catat nominal angka karna menunya ngeblok layar menu,1,2026-03-02 13:18:13
BukuWarung,setelah update aplikasinya makin parah g BS chat cs Krn tertutup tombol,1,2026-03-02 06:49:00
BukuWarung,LAYARNYA MASUK KE DALAM NAVIGASI WOIIIIIII !! BURUAN DI BENERIN DONG !!!,1,2026-03-02 03:30:11
BukuWarung,"semakin kesini semakin kesana,, angka nol masih tertutup tombol navigasi,, login juga sulit dg notif akun ini sedang di non aktifkan, hubungi CS , akhirnya uninstall deh, daahhh",1,2026-03-01 18:38:40
BukuWarung,edc saku saya model yang warna hitam... sudah tidak bisa digunakan lagi.. katanya bakalan diganti yg baru tapi sampai sekarang tidak ada gantinya..,1,2026-03-01 11:52:16
BukuWarung,angka 0 ketutup navigasi harusnya solusi di perkecil kaya dlu coba ditinjak lanjuti sll,1,2026-03-01 11:20:26
BukuWarung,updated habiis tidak bisa tulis angka 0,1,2026-03-01 10:22:59
BukuWarung,aplikasi ketika buka piutang pelanggan menu tertutup oleh notifikasi hp,1,2026-03-01 08:45:20
BukuWarung,"sudah lama gaada perbaikan di aplikasinya. gabisa input angka 0, ketutupan layar menu",1,2026-03-01 01:12:44
BukuWarung,mau ketik angka 0 tapi terhalang navigasi. tolong di perbaiki.,1,2026-02-28 23:17:17
BukuWarung,ko sekarang ga bisa unduh laporan ya,3,2026-02-28 14:50:11
BukuWarung,"aplikasi butuk transaksi sering pending, mau komplain gak jelas kemana, ada sales tp gak respon kalo ada pengaduan",1,2026-02-28 13:17:11
BukuWarung,kak saat mau input nominal bagian bawah atau 0 tidak bisa. krna tertutup dengan navigasi handphone. tolong diperbaiki,1,2026-02-27 23:25:49
BukuWarung,makin kesini makin kesana. .layar nya susah mencet nya woi. .,1,2026-02-27 22:51:01
BukuWarung,parah buku warung tidak bisa di pakai lagi..😡,1,2026-02-27 17:54:27
BukuWarung,mohon solusi untuk saldo dana dan lain2 yang belum masuk ke castamer tapi saldo kami sudah terpotong,1,2026-02-27 10:31:19
BukuWarung,"tambahin aplikasi untuk karyawan yg bisa dipantau dari aplikasi utama min, misalnya cek stok dan penjualan karyawan secara realtime",5,2026-02-26 21:57:48
BukuWarung,ask yg terbaru ga bisa nyatet... tampilan layarny terlalu meet,3,2026-02-26 19:07:41
BukuWarung,"tolong di perbaiki kembali, aplikasinya jadi besar di layar hp saya samsung a26. mah ngetik angka 0 malah ke navigasi",1,2026-02-26 17:15:36
BukuWarung,ada bug min tampilan di Android 17 berantakan,2,2026-02-26 11:44:25
BukuWarung,Menu kurang lengkap di Yt saya tonton menu qris ada menu voucher game juga tidak adaaa,1,2026-02-26 06:10:54
BukuWarung,"kadang transaksi lama banget dan gagal, alhasil pembeli udah nunggu lama tapi malah yg muncul transaksi gagal",3,2026-02-25 21:05:08
BukuWarung,"skala keyboardnya tolong di sesuaikan dengan layar HP, agar tidak menutupi tombol angka dengan menu HP nya.",3,2026-02-25 18:56:11
BukuWarung,"sudah update malah tetap sama... angka nol tertutup sama tombol home, dan menu diatas kanan tertutup sama jaringan, sepertinya aplikasi ini hanya untuk OS lawas... team pengembangnya sepertinya kurang becus, sudh dikomplain lewat chat aplikasi namun tetap tdk ada perubahan setelah update...",1,2026-02-25 14:09:08
BukuWarung,tolong di perbaiki masa layar hp sudah kelewat dari napigasi.,1,2026-02-25 10:42:34
BukuWarung,"tolong utk fitur cetak via print Bluetooth kok selalu gagal tercetak, mohon segera diperbaiki. saya selaku pengguna BukuWarung sudah terlanjur nyaman dengan fitur2 nya. terimakasih dan semoga semakin bagus pelayanannya.",5,2026-02-25 10:00:14
BukuWarung,kenapa buat nekan angka nol nya skrg g bs y.. buruk sekali.. pdhl sy uda coco pake inj,1,2026-02-24 09:07:30
BukuWarung,"tolong update lagi. yak kira cuma di hp saya doang, ternyata semua sama, telalu besar aplikasi sehingga menutupi navigasi. tidak bisa nulis berikan dan Terima. dan tidak bisa menulis angka 0 karena terlalu kebawah. tambah kocak nih",2,2026-02-23 15:38:45
BukuWarung,mantap aplikasihny,5,2026-02-22 19:08:17
BukuWarung,kak maaf untuk aplikasi yang no hp nya udah ga aktiv bisa masuk lagi gak ke akun nya akun saya tadi kepencet uninstal pas mau masuk lagi saya ga bisa masuk karna harus pake kodo otp sms data saya ada di situ semua mohon bantuan nya,5,2026-02-22 17:21:04
BukuWarung,updatena terbaru bukan nya bagus tp malah tulisan yang paling bawah gak bisa di tekan karena terhalang,1,2026-02-22 11:03:02
BukuWarung,update terbaru aneh sekali. tidak bisa pencet tombol paling bawah!,1,2026-02-22 10:38:11
BukuWarung,susah edit,1,2026-02-21 21:26:46
BukuWarung,bagus sih tapi gk bisa download laporan. baik itu transaksi bulanan atau laporan hutang piutang. di klik download pun tidak ada respon apapun. nge chat ke CS gk ada kelanjutannya sama sekali,2,2026-02-21 09:55:03
BukuWarung,Aplikasinya kenapa ya ? sudah 4 hari ini sulit mencatat. angkanya 0 nya terhalang ... padahal sebelumnya tidak ada kendala,1,2026-02-21 01:10:25
BukuWarung,"Sudah banyak yg complain masalah angka terlalu ke bawah,, jadi gak bisa tulis transaksi,,, kok msh belum ada perubahan ya???????",1,2026-02-20 18:52:17
BukuWarung,kak kenapa tidak support diperangkat saya Xiaomi redmi note 10s,4,2026-02-20 10:45:46
BukuWarung,buku warung sekarang sudah gk bgus saya topup ke dana malah saldo saya mengendap tidak terkirim ini hari ke 2 mengendap saya chat admin malah seperti gk ada tanggung jawab jadi takut seperti kejadian arindo,1,2026-02-20 10:41:12
BukuWarung,makin hari bukan semakin baik aplikasi.ini. mulai tidak.bisa di bagikan. dan yang terbaru timbol dan menuntetupi. padahal sebelum nya sudah bagus. mhn di tingkatkan,1,2026-02-20 03:22:33
BukuWarung,tolong perbaiki aplikasi nya masih niat gak sih itu nulis angka 0 tdk bisa karena aplikasinya,1,2026-02-19 16:51:11
BukuWarung,kenapa tidak bisa login ya,4,2026-02-19 08:33:06
BukuWarung,"smenjak updete pembukuan jdi susah menulis, terlalu ful layar",2,2026-02-18 15:59:49
BukuWarung,"Kenapa ini?! setelah di update malah ga bisa ngetik angka nol, Krn terlalu kebawah. dan hitungan nya jadi bersalahan semua di fitur catatan hutang. alhasil hutang pelanggan malah kacau. payah... Di hubungi ke CS juga ga direspon..",2,2026-02-18 15:54:21
BukuWarung,"min aplikasinya ngebug mau catat angka enol (0) ketutup bar bilah navigasi, navigasi bar",3,2026-02-18 06:03:09
BukuWarung,kirain di pengaturan hp saya ternyata apk'ny yahh.. minta tolong di perbaiki lagi yahh biar tidak susah menulis nominal,2,2026-02-18 01:43:59
BukuWarung,"payah di update bukanya bener malah ancur aplikasi nya, layar terlalu ke bawah, tidak bisa mengetik angka nol",1,2026-02-17 23:59:05
BukuWarung,sangat bagus membantu pekerjaan,5,2026-02-17 19:35:54
BukuWarung,"Terima kasih Buku Warung, tapi minta tolong untuk diperbaiki karena kesulitan menulis tombol angka Nol (padahal angka ini sangat penting) karena terhalang ..",5,2026-02-17 14:41:05
BukuWarung,"tidak bs menulia angka bawah, knp min?",2,2026-02-17 14:07:53
BukuWarung,"Tampilannya kebesaran Min, bagaimana mau ngetik angka Nol-nya, banyak yg nanya suruh tanya Admin, orang masalahnya diaplikasinya tanya Admin",1,2026-02-17 04:32:15
BukuWarung,setelah update tulisan makin ke bawah makin nggak jelas,1,2026-02-16 22:10:59
BukuWarung,kenapa pas pembaharuan mau catat utang gak bisa pencet angka nol,3,2026-02-16 17:25:25
BukuWarung,sdh update tpi msh sama tidak ada yg berubah.,1,2026-02-15 23:36:23
BukuWarung,Saya tidak ketik 0. terhalangi Navigasi. padahal sudah pakai Aplikasi ini sekian tahub,1,2026-02-15 11:24:55
BukuWarung,"Bagus, Sudah pakai lebih dari 2 Tahun, mau manfaatkan fitur upload foto, akses ke kamera failed terus, padahal perizinan ke kamera sdh diijinkan semua,",4,2026-02-15 10:00:48
BukuWarung,angka nol terhalang,1,2026-02-15 09:13:57
BukuWarung,"tolong di betulkan aplikasi nya. saya mau ngetik angka nol lgsg ke simpan,padahal transaksi belum selesai. terlalu kebawah tombol lanjutnya dan utk angka nol juga. tidak seperti dulu",1,2026-02-15 08:36:11
BukuWarung,"GAK BISA CETAK STUK, KALAU CATAT HUTANG ANGKA NOL PALING BAWAH ITU GAK BISA DI TEKAN, KEHALANG TOMBOL HOME KARENA TERLALU KEBAWAH. DIPERBAHARUI MALAH MAKIN JELEK",1,2026-02-14 22:09:21
BukuWarung,"Maaf min, Kenapa sekarang laporannya ngga bisa di unduh?",5,2026-02-14 20:14:16
BukuWarung,"kenapa tombol 0 dan 000 tidak bisa d klik. tehalang oleh navigasi, padahal saya rajin upgrade ulang",2,2026-02-14 18:42:00
BukuWarung,buku warung bisa menyelesaikan permasahan kode OTP tidak valid. Terima kasih,5,2026-02-14 13:09:16
BukuWarung,"gimana si ini aplikasi. tadinya eror tidak bisa transaksi. terus sama aku Tek uninstal. terus tek download lagi eh malah mau log in aja tidak bisa. gimana dong solusinya,mau ngubungi cs aja gak bisa karena gak bisa log in",2,2026-02-14 12:07:56
BukuWarung,aplikasi jadi susah di pakai angka 0 tertutup padahal sudah pakai lama..perbaruan malah bikin jelek bukannya makin bagus,1,2026-02-14 09:15:42
BukuWarung,susah login,1,2026-02-13 17:15:18
BukuWarung,tolong di update lagi saya tidak bisa pakai lagi karn tampilan terlalu full jadi ada yg tettup navigasi.terimaksih.sya sdh menggunakan 2tahun tpi skrg malas,1,2026-02-13 14:08:48
BukuWarung,angka nol tidak bisa terhalang tomobol navigasi,1,2026-02-13 12:43:27
BukuWarung,tolong d perbarui lagi.. ini angka NOL gak bisa d tulis karna terhalang Navigasi.. balikin lg yg versi dulu saja. yg mudah d catat angka nya.,1,2026-02-13 06:20:58
BukuWarung,"aplikasi jd kebesaran tampilan, tombol di layar angka 0 dll tertutupi tombol layar home, back dll. samsung a21 ultra dan fold 7 sama",3,2026-02-12 23:04:22
BukuWarung,Kok gak bisa app ya,2,2026-02-12 21:52:42
BukuWarung,saya sudah lama pake aplikasi ini.tapi kenapa sekarang tidak bisa mengetik angka 0 000.? tolong perbaiki.nanti saya tambah bintangnya,2,2026-02-12 20:37:07
BukuWarung,dan sampai saat ini tombol 0 000 masih di bawah di samsung a07 jadi susah buat catat hutang piutang,1,2026-02-12 18:25:12
BukuWarung,kak.. tolong ya setelah update tampilannya terlalu besar. nulis angka 0 nya gk bisa. krna ketutup tombol navigasi. tolong segera di perbaiki ya aplikasinya,4,2026-02-12 17:59:09
BukuWarung,"sepertinya tampilan bermasalah, beberapa tombol seperti 0 dan 000 tertutup navigasi, tidak bisa dipencet",1,2026-02-12 16:04:19
BukuWarung,"udh di updte knp jdi jelk ,mo nulis angka 0.000 ssah bgtz khalang sama navigasi",2,2026-02-12 16:02:53
BukuWarung,catatan keuangan tiba tiba hilang dan gabisa di kembalikan,1,2026-02-12 15:34:53
BukuWarung,kenapa setelah updute papan ketik memanjang ke bawah jadi gak bisa di ketik angkah paling bawah live chat juga gak bisa di kirim gara2 kehalang navigasi paling bawah,1,2026-02-12 15:34:33
BukuWarung,"sangat buruk & tidak rekomen. laporan pembukuan gak bs diunduh. sudah bberapa kali komplain hbungi cs katanya suruh uninstall trus install ulang. trnyata pas diinstal, datanya hilang, thank u. sangat tidak rekomen.",1,2026-02-12 12:52:07
BukuWarung,"versi yg sekarang sangat buruk , saya pengguna buku warung sdh mau 3th tp semenjak naik versi ngetik angka 0 sangat sulit dan harus putar layar dan itu sangat merepotkan, lbh baik versi 3.88.3",1,2026-02-12 01:34:02
BukuWarung,pencatatan layar tdk penuh sehingga menutuoi tombol ketik,5,2026-02-11 16:33:04
BukuWarung,"angka 0 nya kenapa ga bisa di klik inihhh aduhhh , ayo diperbaiki woy",1,2026-02-11 13:02:44
BukuWarung,semakin busukkk. muak sama aplikasi ini,1,2026-02-11 08:05:17
BukuWarung,"setelah update terbaru tampilannya sudah full screen, gak bisa tekan angka 000. harap agar ada perbaikan",3,2026-02-11 07:02:27
BukuWarung,Hellow developer Buku Warung Angka Nol nya pie iki tidak bisa di ketik,5,2026-02-10 22:55:29
BukuWarung,"Makin hari update makin gak jelas, sinkron data gak bisa, layar keyboard angka gak sesuai layar. Pas di instal ulang data gak ke backup Haduh",1,2026-02-10 22:47:02
BukuWarung,aplikasi ngga bisa di gunakan seperti biasa. padahal baru aja fi update,1,2026-02-10 22:46:27
BukuWarung,tolong dong diperbaiki aplikasinya. susah banget mau ngetik ini. layarnya full jadi g bisa nekan angka 0. terhalang navigasi. segera ditindaklanjuti,2,2026-02-10 19:29:54
BukuWarung,Minggu nie trouble mau buat angka nol trlalu kebawah TDK BS diketik.. mau hapus ordern trlalu keatas tidak BS diketik.. sehingga tidak dapat digunakan LG ... live chat TDK BS.. mohon dikembalikan ulang spt dl.. SDH +-4th an sy pakai aman..,1,2026-02-10 19:05:26
BukuWarung,"awal pke normal² saja, sangat berguna utk pencatatan keuangan. makin ksini bukan tambah update, malah jd susah.. screen terlalu lebar, ga bs pencet angka 0 dan 000.",1,2026-02-10 10:43:47
BukuWarung,"udah pakai hampir 4 tahun, tapi beberapa hari ini ndak bisa nulis catatan, soalnya tampilannya terlalu full ke layar, tidak bisa pencet tombol simpan, atau angka 0, 00",2,2026-02-10 06:16:39
BukuWarung,"mantap lah ,Ndak nyesel klu pakai😁",5,2026-02-09 23:19:32
BukuWarung,"kecewa, sudah pakai lama, sekarang footernya malah bablas g bisa masukan angka 0 sudah hubungi live chat, mengikuti semua arahan, hasilnya sama saja.. kecewaaa",1,2026-02-09 19:26:29
BukuWarung,Kecewa aja dengan aplikasi ini,1,2026-02-09 18:31:36
BukuWarung,"tolong dong di perbaiki lagi, itu angka nol nya ga bisa di input, sy mau masukin data ga bisa ini, lieur",1,2026-02-09 16:43:12
BukuWarung,tombol kirim terhalang navigasi hubungi live chat tak berpungsi,2,2026-02-09 16:24:02
BukuWarung,tolong segera di perbaiki agka nol nya kehalang,5,2026-02-09 16:24:01
BukuWarung,ini gabisa di buka lewat iPhone?,5,2026-02-09 00:42:37
BukuWarung,aplikasi saya kebesaran di layar hp samsung juragan,3,2026-02-08 22:38:22
BukuWarung,kenapa gk bisa dicatet angka nol tolong diperbaikiii jangan minta maf terus,1,2026-02-08 21:26:25
BukuWarung,halaman tampilan tertutup kursor navigasi,1,2026-02-08 17:22:22
BukuWarung,tolong di Perbaiki Karna gk bisa buat catat hutang,1,2026-02-08 16:39:37
BukuWarung,kenapa aplikasi ini...tiba² kok tiba² g bisa buat nulis angka 000 mau chat cm juga g bisa ...tong dong di benerin..udah dri 2019 pake bw malah kek gini,3,2026-02-08 09:37:14
BukuWarung,sdh di perbarui tp masih nggak bisa ngetik angak nol nya..padahal sdh brapa tahun saya Makai ini,1,2026-02-08 08:33:33
BukuWarung,kendala saya tombol 0 saat mencatat terlalu kebawah sampai tidak bs dipencet.tolong dibantu,3,2026-02-08 08:04:42
BukuWarung,"kak tolong di tindak lanjut, layarnya itu masuk k navigasi, coba dwonload sendiri biyar tau mau live chat gak bisa, karena tombolnya buat ketik masuk di navigasi sepertinya pihak buku warung jg tdk ada usaha untuk memperbaikinya",1,2026-02-07 23:48:42
BukuWarung,"tidak bisa print, klik tombol lainnya untuk pilihan printer juga tidak bisa",2,2026-02-07 19:41:55
BukuWarung,"kok sekarang ga bisa klik tombol angka nol, knapa ya?",3,2026-02-07 19:35:05
BukuWarung,"saya di menu utang, terus berikan angka 0 dan 000 terhalang navigasi... jadi kalau layar potret dipastikan tidak bisa klik 0 karena terhalang navigasi bawah, mau live chat juga nda bisa form ketik juga terhalang navigasi, masalah di Samsung a36 tombol navigasi tidak bisa di hide",2,2026-02-07 00:13:29
BukuWarung,aplikasi nya mantap,5,2026-02-06 22:14:00
BukuWarung,"setelah diupdate, ukuran tampilan di layar jadi tidak pas, jadi agak kesulitan kalau mau input nominal atau ubah nota krn posisi tombol ubah di layar bagian atas dan angka2 di bagian bawah. Sebelum diupdate tidak ada masalah seperti ini.",2,2026-02-06 16:04:52
BukuWarung,sdh lama pakai buku warung. tp updatean terbaru kurang padan dengan layar hp sy. jd tdk bisa menekan tombol yg paling bawah. mohon untuk diperbaiki. chat ke cs jg tdk bisa ketik. soalnya tombolnya tertutup tombol navigasi hp sy. hp sy samsung s22.,2,2026-02-06 15:54:37
BukuWarung,"Mohon segera diperbaiki, karena di sebagian merek dan tipe HP, tidak bisa mengetik angka 0 karena terhalang.",1,2026-02-06 15:12:26
BukuWarung,"Waduu Setelah Update,Udah Susa Nulis Angka Nominalnya, Ke Halang Bar,Diperbaiki Lagi Aplikasinya...",4,2026-02-06 14:52:20
BukuWarung,"semenjak update terbaru, aplikasi nya mode penuh layar. jadi klu mau input data salah pencet. kembali ke menu utama hp. tolong di perbaiki lagi. jangan mode layar penuh hp. jadi ngga nyaman.",2,2026-02-06 12:30:08
BukuWarung,"kenapa sekarang buku warung jadi gini saya sudah pake mulai tahun 2021..knapa tiba"" pas ketik nominal jdi susah s",1,2026-02-06 12:21:01
BukuWarung,"apk nya terlalu lebar memakan layar ke bawah, jad nomor2 tertutup tombol navigasi, padahal sebelumnya TDK ada masalah,, saya pakai redmi 15 android versi 15",3,2026-02-06 11:10:44
BukuWarung,"maaf,setelah update saya tidak bisa print bukti transaksi.tolong di perbaiki ya",4,2026-02-06 08:37:36
BukuWarung,good,5,2026-02-06 06:44:53
BukuWarung,Ini kok jadi tombol nol nya jadi ketutupan tombol navigasi.. kalau kelamaan gini auto pindah aplikasi lain.,1,2026-02-05 22:19:22
BukuWarung,Baru update tapi gak bisa ketik angka 0. 000 di navigasi tombol,5,2026-02-05 22:18:02
BukuWarung,kenapa nulis angka 0 tidak bisa terlalu kebawah anka 0 jadi ga bisa,1,2026-02-05 20:40:37
BukuWarung,"halaman tidak memungkinkan untuk menuliskan nominal transaksi karena papan angka berhimpitan dengan tombol home dan back pas di angka nol, segera perbaiki",2,2026-02-05 16:48:01
BukuWarung,"Aplikasi versi 3.91.4 masih memiliki masalah, saat hendak mencetak struk, aplikasi langsung eror dan force close.",2,2026-02-05 15:36:23
BukuWarung,udah pakai bertahun tahun lancar terus tapi sekarang gak bisa di pakai karna KLO nulis hutang angka 0 nya terhalang tidak bisa di gunkaan,2,2026-02-05 11:30:40
BukuWarung,APK ERROR RINCIAN UTANG ORANG ILANG SEMUA PADAHAL SEMUA DATA PENTING😡,1,2026-02-05 10:08:49
BukuWarung,Catatan utang angka nol eror tolong diperbaiki,3,2026-02-05 05:59:31
BukuWarung,sudah pakai 5 tahunan tapi sekarang gak bisa nyetak kalau mau nyetak struk langsung kembali ke menu dan token listrik yang mau di cetak hilang jadi rugi saya...,3,2026-02-04 22:19:42
BukuWarung,"admin tolong di update lagi aplikasinya, ketika saya melakun penulisan angka nol menu hutang ke tutup sama tombol Hp,,,",3,2026-02-04 21:28:40
BukuWarung,pakai sudah lama. tapi sekarang tdk bisa di buka. solusi ?,1,2026-02-04 20:58:41
BukuWarung,haloo ka knp ini gk bisa d donlod sekarang aplikasi nya bagus udah 2 htn pake ini,5,2026-02-04 20:56:58
BukuWarung,"Saya tidak pernah login di aplikasi ini. Jika ada yang berbelanja dengan nama saya, maka akan saya laporkan kepada pihak yang berwajib dan OJK",5,2026-02-04 20:37:13
BukuWarung,"wkwkwkwk, di update bukannya makin baik malah ngebug di android 15, data pembukuan hilang semua juga payah.",1,2026-02-04 18:15:51
BukuWarung,hbis di update malah tombol2 tata letak aneeh,1,2026-02-04 16:42:44
BukuWarung,parah sekarang,1,2026-02-04 16:18:08
BukuWarung,apaan dah aplikasi lain normal ini doang yang full layar ngetik angka 0 dan 000 susah lagi karena tertutup,1,2026-02-04 12:54:14
BukuWarung,mohon di perbaikin lg apl key board tulisan nol terlalu ke bawah pd saat input hutang.Terima Kasih,5,2026-02-04 11:29:11
BukuWarung,"sudah lama pake buku warung tapi dari kemarin gx bisa print, tiba2 aplikasi keluar, sya coba uninstall dan install ulang tapi data semua hilang, 😭 mohon di bantu agar data bisa di update kembali🙏",3,2026-02-04 10:25:43
BukuWarung,"semenjak di-update yg terbaru jadi trouble, coba tolong dibenarkan segera",2,2026-02-04 09:53:24
BukuWarung,tolong BW di update asalnya bagus bagus aja normal bisa cetak dll. skrng aplikasi nya sering eror,1,2026-02-04 09:13:16
BukuWarung,bagus,5,2026-02-04 08:12:22
BukuWarung,sangat membantu,5,2026-02-04 06:31:57
BukuWarung,katanya simpen otomatis tapi buktinya data saya ilang semua,1,2026-02-04 00:44:28
BukuWarung,saya sudah 3byahun pakai aplikasi bw tapi akhir2 ini aplikasi tidak bisa lagi geprin struk. tiap kali mau cetak aplikasi langsung keluar senfiri,5,2026-02-03 22:57:53
BukuWarung,"aplikasi y menuhin layar bgt. ketik 0 gak bisa. trus mau chat cs, ketik y dpaling bawah, mau ngetik gimana kehalang tombol2 hp.",4,2026-02-03 22:46:49
BukuWarung,"di update malah jadi kagak bisa ketik 0 , paaraahh wooyy",1,2026-02-03 22:30:19
BukuWarung,ko akhir2 ini buat cetak struk susah tiba2 kluar sendiri dari apalikasi tolong diperbaiki lagi ya,3,2026-02-03 19:38:38
BukuWarung,saldo saya mengendap 600k diaplikasi busuk ini. gabisa buat transaksi gara2 tombol oke dan tombol kirim dihidden,1,2026-02-03 16:00:54
BukuWarung,"Pada saat catat hutang layar terlalu penuh angka 0, 00, 000 tertutupi oleh tombol navigasi handphone. Dan saat mau ubah dan hapus pelanggan titik 3 nya trhalang oleh simbol sinyal dan jam di layar handphone. Mohon bantuannya untuk direspon min",2,2026-02-03 15:39:13
BukuWarung,"Selama Update Baru, Tombol untuk mengetik bagian bawah terganggu.. Makin Parah Buku Kas",1,2026-02-03 14:49:29
BukuWarung,plis developer ui nya klo bikin screen ga usah terlalu lebar. soalnya di infinix note 40 itu jadi ga bisa pencet tombol yg paling bawahnya krn ketutupan tombol back dan home. kirim komplain jg ga bs lampirin file gmn dah. ini biar km seolah g da komplain gitu?,1,2026-02-03 13:13:34
BukuWarung,kenapa tiba tiba tampilannya jadi berubah.. mau ngisi transaksi harian & utang pelanggan keyboard nya ngga bisa yg baling bawah.. segera perbaiki dong min..,4,2026-02-03 12:36:08
BukuWarung,yolong perbaiki di hp tecno camon 40 0 nya ke halang tombol navigasi,3,2026-02-03 12:08:34
BukuWarung,"setelah update kok utk cetak nota selalu force close trs min,,,apa ini cm di hp saya aja atau mmg ada bug,,,? sebelum²nya lancar² aja dan hp yg di gunakan juga masih sama soale",3,2026-02-03 12:05:03
BukuWarung,angka nol tertutup jadi gak bisa lagi buat catat keuangan,2,2026-02-03 11:06:17
BukuWarung,"aplikasi cacat, masak gak bisa nyetak nota. pas ngeklik cetak nota malah keluar sendiri 😡",1,2026-02-03 10:23:47
BukuWarung,"awalnya bagus,skr ga bisa print",2,2026-02-03 10:07:55
BukuWarung,"kelas, apk eror ga bisa di sentuh beberapa bagian, mau hapus data hutang gak bisa, gimana ini",1,2026-02-03 08:46:36
BukuWarung,"keyboard nomor nya terlalu kebawah nol nya,jadi tidak bisa ke pencet",1,2026-02-03 07:57:22
BukuWarung,min sekarang kalau buka lewat hp setiap catat harus pakai landscape,3,2026-02-03 02:48:39
BukuWarung,"kenapa setelah update jadi tidak bisa nyimpan, selalu close terus pas mencet angka 0 kembalikan ke versi sebelumnya 🙂‍↕️",2,2026-02-03 01:50:46
BukuWarung,aplikasi buku warung ku tdk bisa menambahkan hutang baru. gimana ini. pdhl aku udah nyaman dari th 2015 an,4,2026-02-02 23:51:05
BukuWarung,bagus,5,2026-02-02 22:19:19
BukuWarung,Tolong di update min Bug pada menu semua pencatatan full screen jadi tombol banyak gk bisa di gunakan karena berapa pada posisi tepi,2,2026-02-02 21:38:21
BukuWarung,Maaf bintang 1 karena ngebug gak jelas nulis nol gak bisa mudah mudahan ada solusi,1,2026-02-02 19:05:10
BukuWarung,"tombol tolong di perbaiki GK bisa di gunakan tertutup tombol kembali, kalau sudah normal saya akan memberikan Bintag 7",1,2026-02-02 18:41:55
BukuWarung,aplikasi ngebug,2,2026-02-02 17:04:15
BukuWarung,"admin help me,habis update yg kemaren ini di xiaomy 14t layar kebesaran.jadi angka 0(nol) gg bisa di pencet.hub cs gg bisa juga.",3,2026-02-02 16:32:58
BukuWarung,susah tampilan nya,1,2026-02-02 15:45:00
BukuWarung,sangat eror sekali klik enter nya kadang di bawah banget mau menghapus malah di atas banget sangat sangat kecewa dengan aplikasi ini sekarang,1,2026-02-02 13:09:42
BukuWarung,"Setelah diupdate kok jadi susah menulis nominal uang karena terlalu bawah, jadi tertutup panah ke bawah. Tidak bisa ngetik angka nol. Mohon update lagi agar tampilan di layar lebih simetris lagi. Saya sudah rubah ke ukuran tulisan terkecil pun tetap terhalang, jadi tidak bisa digunakan aplikasi bukuwarungnya",1,2026-02-02 11:58:11
BukuWarung,"abis upgrade tombol 0 nya gak bisa di klik, karna terlalu ke bawah, ketutup sm tombol back dll, btw aku pake redmi note 14 4G, padahal sbl upgrade bisa di klik 0 nya, udah di utek2 HP nya ttp gabisa. seinget ku jg gapernah ganti2 pengaturan layar dll. trs pas coba di HP samsung bisa 0 nya, kyk nya dr apk buku warung nya yaaa, karna tampilan tombol nya jg mengecil. coba di xiaomi punya suami n ipar jg sama, gabisa loh 0 nya di klik, tolong dong perbaikannya",1,2026-02-02 11:15:42
BukuWarung,"dari tanggal 1 februari 2026 tidak aplikasi tidak bisa digunakan, catatan pembukuan penjualan saya terhapus semua. ketika mengentri penjualan angka tidak bisa si gunakan, catatan hutang tidak bisa di gunakan. admin tolong agar aplikasinya diperbaiki agar catatan penjualan dan hutang piutang tidak hilang",1,2026-02-02 10:34:50
BukuWarung,bagus buat pencatatan cuman sekarang banyak bug nya mohon di perbaiki lagi ya,5,2026-02-02 09:06:30
BukuWarung,"Woy, napa jadi aneh gini, masa angka 0 dibawah tombol menu? gimana mau pencet malah keluar app. gak jelas",2,2026-02-01 21:37:01
BukuWarung,di buku hutang angka 0 dan 000 tertutup oleh garis tiga atau yang lain,5,2026-02-01 20:36:27
BukuWarung,kenapa aplikasi di angka nol nya terlalu mepet ga bisa2 ya di ketik kemaren2 kaga apa2 woiy gimanaan ennih,1,2026-02-01 19:03:59
BukuWarung,aplikasi jadi besar memenuhi layar hp jd gak bisa input angka 0,1,2026-02-01 15:24:56
BukuWarung,"setelah update, tombol angka keluar layar sehingga sebagian tombol tidak bisa dipencet,",1,2026-02-01 15:06:32
BukuWarung,permisi maaf untuk dev buku warung tolong perbaiki bug tidak bisa print struk t3rimakasih,2,2026-02-01 14:52:15
BukuWarung,01-02-2026 tidak bisa cetak dari kemarin 🙏,3,2026-02-01 14:16:04
BukuWarung,"Awal pakai sangat bagus, sangat membantu pencatatan stok dan penulisan pembukuan belanja, Tapi kemarin aplikasi bukuwarung keluar keluar sendiri.. dan skrg Catatan pembukuan saya terhapus, catatan stok hilang. respon CS lambat, 2 minggu tidak ada penanganan",1,2026-02-01 13:15:54
BukuWarung,tolong diperbaiki atau di kembalikan seperti semula tampilan papan keyboard saat menulis angka nol tidak nampak alias tersembunyi.,5,2026-02-01 12:56:35
BukuWarung,bagus,5,2026-02-01 12:06:55
BukuWarung,"tampilan sangat turun ,dan tidak sebagus dulu tidak bisa mengetik 0",2,2026-02-01 11:50:50
BukuWarung,bagus,5,2026-02-01 10:10:17
BukuWarung,sayat membantu. dalam usaha saya. tapi hari ini Minggu 1 Febuari. gangguan atau apa ini yah min. gak bisa cetak struk,5,2026-02-01 10:08:54
BukuWarung,hai kakak admin. tolong kembalikan tampilannya seperti kemarin. tidak bisa catat keuangan lagi soalnya. layar HP kurang besar..,2,2026-02-01 09:22:21
BukuWarung,Setelah gangguan saya coba uninstall dan instal ulang.. Eh data saya setahun terakhir ternyata tidak otomatis tersimpan,2,2026-02-01 08:25:18
BukuWarung,kenapa hari ini saya kesusahan buat mencatat transaksi .. apa tampilan berubah ? saya kesusahan mengetik angka karena bagian nol ketutup menu tablet saya biasanya tdk seperti itu,3,2026-02-01 08:05:00
BukuWarung,kenapa layarnya harus jdi full? harus hilangin bilah navigasinya. kalo ga bisa ribet.. tolong normalin lg kaya sebelumnya,4,2026-02-01 08:03:55
BukuWarung,data saya tidak bisa sinkronisasi,1,2026-02-01 03:32:11
BukuWarung,"Kenapa akun saya tidak bisa sinkron? Saya tidak menutup aplikasi dan menunggu hingga 1 jam,,tapi masih tidak bisa sinkron juga",1,2026-02-01 00:30:38
BukuWarung,"sellu aja ada mslah ny ni aplikasi, stlh di upgrade bkn ny tmbah bgus, malh tmbh mslah",2,2026-01-31 20:53:04
BukuWarung,aplikasi stres,1,2026-01-31 20:44:17
BukuWarung,sangat membantu dalam pencatatan,4,2026-01-31 19:02:31
BukuWarung,"layarnya terlalu besar, sehingga untuk angka NoL tidak bisa di klik.",4,2026-01-31 17:01:58
BukuWarung,min aplikasi bagus sih baru 2 hari ini typing angka 0 ketumpuk close JD kami susah untuk mencatatnya ..mohon lekas di perbaiki ya min,5,2026-01-31 16:37:07
BukuWarung,"abis di update, buat klik angka 0 aja gak bisa, malah jadi keluar² mulu dari aplikasi",3,2026-01-31 15:53:00
BukuWarung,aku udh pake aplikasi ini udah 5 tahun sangat...sangat bagus,5,2026-01-31 15:07:16
BukuWarung,"Min admin, ini kenapa tombol angka 0/000/simpan nya mepet banget kebawah??buat input gak bisa kehalangan tombol navigasi hp",4,2026-01-31 15:05:21
BukuWarung,ka kenapa ga bisa nulis 0 kembali lagi kembali lagi,2,2026-01-31 15:00:46
BukuWarung,"masuk ke menu catatan hutang, di hape samsung tombol navigasi dengan tombol aplikasinya tumpang tindih. tolong di perbaiki",4,2026-01-31 13:59:45
BukuWarung,kok aplikasi nya jadi eror begini stiap di tekan angka 0 nya pasti kembali sendiri,2,2026-01-31 13:20:17
BukuWarung,"Habis diupdate tadi pagi, malah ga bisa cek nota.. malah keluar terus dr aplikasi",3,2026-01-31 12:27:41
BukuWarung,"kenapa aplikasi ini tampilannya memenuhi layar jadi gak bisa memasukkan angka karna tertutup tombol kembali dan menu,,, sudah pakai beberapa hp",2,2026-01-31 10:07:55
BukuWarung,kenapa malah gak bisa masuk aplikasinya.kalau kayak gini bagaimana saya mau liat hutang piutang nya..tiap mau masuk gak bisa terus..padahal nomor yg saya masukan nomor yg saya pakai di aplikasi..mohon solusi nya..,1,2026-01-31 01:05:38
BukuWarung,kenapa layar nya jadi lebar sehingga angka paling bawah gak bisa di klik?.. tolong di perbaiki lagi aplikasi nya,4,2026-01-31 00:54:26
BukuWarung,setelah di update malah angka terlalu besar menutupi navigasi tombol perbaiki,1,2026-01-30 20:32:22
BukuWarung,"kenapa ini aplikasi ,, layar terlalu lebar ke bawah dan ke atas susah mau catat nya juga",2,2026-01-30 20:16:00
BukuWarung,"catatan hutang tidak dapat di hapus, karna pilihannya sampai ke atas layar hp, jadi tidak bisa di tekan karna tampilan aplikasi setelah di update memenuhi layar hp",1,2026-01-30 19:57:18
BukuWarung,"tolong balikin ke aplikasi lama ka, yang baru tidak bisa hpus hutang lunas",4,2026-01-30 19:31:44
BukuWarung,"halo juragan,aku mau mengajukan pinjaman modal ni,tapi pas mau masukin kk sama rekening koran kok gak mau di tekan y,jadi gak bisa ngirim nya,tolong dong di bantu soalnya butuh dana ni",5,2026-01-30 13:59:49
BukuWarung,Buku warung sangat memudahkan pencatatan kas harian saya. Terima kasih buku warung.,5,2026-01-30 12:49:23
BukuWarung,"setelah update malah ga bisa cetak struk ini min, kembali lagi kembali lagi",3,2026-01-30 10:49:24
BukuWarung,Aplikasi di update bukan tambah bagus. malah makin jelek 😌 tolong segera perbaiki lagi,1,2026-01-29 22:38:46
BukuWarung,"semenjak di update ke. arin pertanggal 29,nyatu sama tombol close menu di hp",1,2026-01-29 14:57:36
BukuWarung,"tampilan terlalu besar, angka 0,000. kurang ke atas.. susah ngetiknya...🤦",5,2026-01-29 12:35:20
BukuWarung,tidak mudah di download..selalu loading setelah di uninstall.jadi tidak ada kepuasan.. pemakaian normal aja..Mau login lagi susah..,1,2026-01-29 12:28:48
BukuWarung,nangis bgt laporan penjualan ilang semua! logout tiba2. pas login ilang semua datanyaa,1,2026-01-29 10:02:32
BukuWarung,"di Fold 7 samsung, aplikasinya kebesaran, jd angka 0 di paling bawah, bersentuhan dengan tombol back, home dan task, jd tidak bisa tulis contoh 25.000 jd karena bersentuhan dengan tombol layar bawah, jd saya tulis 25.111",4,2026-01-29 09:12:14
BukuWarung,ini knp kluar sendiri aplikasi'a.. dan ga bisa masuk lg.. parahhhh,1,2026-01-29 01:41:47
BukuWarung,"ini gmna min apk nya keluar terus , data utang piutang saya gimna min",2,2026-01-29 01:39:44
BukuWarung,kok keluar terus min,1,2026-01-29 01:31:52
BukuWarung,dangat membantu,5,2026-01-29 01:27:46
BukuWarung,bintangnya jatuh lagi min 😁 baru juga beberapa hari lancar skrg udah keluar sendiri lagi aplikasinya,1,2026-01-29 01:12:31
BukuWarung,"bagaimana dengan catatan utang di buku warung, kenapa tiba2 keluar dari aplikasi dan tidak bisa lagi masuk",1,2026-01-29 01:11:22
BukuWarung,"aplikasi ga bisa d buka, keluar2 trus, saya hapus aplikasi, trus download lagi, malah catatan pembukuan hilang,mw hub cs ga bisa, susah",1,2026-01-29 01:10:35
BukuWarung,ini knpa apk nya kluar sendiri..dan gmna dgan catatan hutang2 kmi ini,1,2026-01-29 01:06:06
BukuWarung,Kenapa,5,2026-01-29 01:02:14
BukuWarung,mau kluar sendri,1,2026-01-29 00:59:26
BukuWarung,apk gajelas,2,2026-01-29 00:58:26
BukuWarung,buku warung the best 🌟🌟🌟🌟🌟🙏,5,2026-01-28 19:39:06
BukuWarung,awalnya bagus dan aman aman saja sekarang sama sekali gak bisa dibuka dibuka tutup lagi aplikasinya dengan sendiri. mohon bantuan admin. kalau perlu di update update aja dulu biar kami bisa pakai dengan lancar 😭,2,2026-01-27 09:40:04
BukuWarung,"Udah lama pake buku warung,tapi kenapa gg bisa di download di hp iphone ya?",3,2026-01-27 08:19:28
BukuWarung,ayo dong min kasih di iPhone jugaa,5,2026-01-27 01:17:23
BukuWarung,Setiap akan unduh laporan hutang piutang selalu loading tidak dapat di proses. semoga segera bisa di perbaiki. tolong beri update terbaru.,3,2026-01-27 00:03:30
BukuWarung,"udah beberapa hari ga bisa dipake, baru kebuka lgsg ketutup, solusinya bgmn ini",1,2026-01-26 19:48:00
BukuWarung,tolong untuk tampilan di tab. di buat proporsional dngn diagonal layar. sy pakai xiaomi pad 6 tampilan saat lanscape tidak full layar saat di branda. untuk masuk menu lain bisa full layar. tolong perbaiki agar semua bisa berjalan dengan baik.,5,2026-01-26 12:01:32
BukuWarung,"ini kenapa ya buku warung kalo dibuka keluar terus,gak bisa dibuka min,tolong dong",1,2026-01-26 09:09:53
BukuWarung,apk gak bisa di buka.. keluar keluar terus..,2,2026-01-26 07:10:39
BukuWarung,"Setelah update, aplikasi malah gak bisa di buka lagi",1,2026-01-26 02:25:43
BukuWarung,"kenapa min keluar sendiri aplikasi nya,, tiap buka langsung nge close lagi, padahal tiap hari pake aplikasi ini",3,2026-01-25 22:52:46
BukuWarung,kenapa gak bisa di buka ya sekarang,3,2026-01-25 18:12:45
BukuWarung,"awal"" bagus ini tp ko sekarang"" knp sering keluar skrg malah gak bisa masuk padahal penting bngt catatan di sini semua solusinya gimana min",2,2026-01-25 18:02:36
BukuWarung,mohon maaf min kenapa aplikasinya gak bisa di buka buka tolong bantu solusi untuk bisa kembali di buka aplikasinya,5,2026-01-25 16:21:06
BukuWarung,"aplikasi gk bs dibuka, sdh 2 hari..",1,2026-01-25 10:11:18
BukuWarung,"aplikasinya pas di buka keluar terus gak bida di buka ngebug,ada updatetan gak,aplikasinya gak bisa di pake",4,2026-01-25 09:50:43
BukuWarung,"aplikasi nya habis di update malah eror, mohon di perbaiki",1,2026-01-24 21:30:33
BukuWarung,"aplikasinya gbsa dibuka, keluar² Mulu. pdhl sblmnya bagus dan bermanfaat bgt aplikasinya. tlg diperbaiki, nanti bintangnya kita perbaiki",2,2026-01-24 18:48:18
BukuWarung,"sering keluar kalo di pakek, padahal lagi penting, butuh buat ngasir😭😭",1,2026-01-24 17:10:04
BukuWarung,keluar keluar mulu aplikasi nya..,1,2026-01-24 03:08:38
BukuWarung,beberapa hari ini.aplikasi kalo di buka ngebugh terus ....sehingga susah buat mencatat mohon di tindaklanjuti,2,2026-01-23 23:46:03
BukuWarung,pendikung,5,2026-01-23 23:41:18
BukuWarung,nomer yang sudah di favoritkan kenapa tidak muncul,4,2026-01-23 22:18:51
BukuWarung,akhirnya setelah aplikasi diperbarui tidak keluar sendiri lagi aplikasinya. saya kasih bintang 5 lgi setelah kerja bagusnya aplikasi langsung diperbaiki. makasih,5,2026-01-23 20:36:20
BukuWarung,update malah foreclose terus,1,2026-01-23 19:32:42
BukuWarung,habis di update kenapa close muluu aplikasi. woiii ga bisa di akses woiii,2,2026-01-23 19:17:04
BukuWarung,bagus,5,2026-01-23 16:37:27
BukuWarung,mantap,5,2026-01-23 16:29:10
BukuWarung,"Aplikasi tidak bisa di buka sama sekali padalah semua data ada di sana, tolong bantuannya",1,2026-01-23 15:04:11
BukuWarung,Tolong update aplikasinya. Di Android SDK 36 segmen footer terhalang oleh navigasi bar perangkat sehingga kesulitan ketika ingin input dan klik tombol yang ada di footer. Sepertinya itu system fit Windows-nya belum diberi nilai true. Terima kasih ...,5,2026-01-23 14:07:04
BukuWarung,Kenapa aplikasi BukuWarung di buka tutup sendiri (force close) ?,1,2026-01-23 12:42:08
BukuWarung,APLIKASI TIDAK BISA DIBUKA,1,2026-01-23 10:50:51
BukuWarung,ada apa buku warung ni GK bisa di buka aplikasinya data saya banyak di dalam kl ada maintenance tlg lh ada pemberitahuan,1,2026-01-23 10:43:37
BukuWarung,"sepertinya ada bug, mohon di bersihkan, setelah update kemaren pas buka lgsung close lg",3,2026-01-23 09:36:52
BukuWarung,"terimakasih sebelumnya , sudah 1tahunan saya mnggunakan aplikasi ini dan berkat buku warung pencatatan keuangn jdi lbih mudah,, cuma dari kemarin aplikasi keluar² terus ngg bisa dibuka, tolong dibantu min🙏",3,2026-01-23 09:29:32
BukuWarung,apk nya close terus. jadi jengkel mau nyatat jd gak bisa. bikin gedeg aja.,2,2026-01-23 08:59:00
BukuWarung,"aplikasi ga bisa dibuka,kadang bisa kembali lg ke menu, jd ga bisa di pake transaksi, mphon di bantu , sementara bintang 3 dl nnt di naikin klo da selesai",3,2026-01-23 08:14:39
BukuWarung,knapa g bisa dibuka,5,2026-01-23 07:20:36
BukuWarung,gimana ini ko aplikasi nya keluar terus data yg punya utang disana semua,1,2026-01-23 03:42:47
BukuWarung,tiba tiba tidak bisa buka dan keluar sendiri aplikasi mohon bantuan,1,2026-01-23 02:01:24
BukuWarung,"aplikasi bermasalah tidak bisa logibahkan , selau keluar jelek banget",1,2026-01-23 01:14:02
BukuWarung,baik,5,2026-01-23 00:04:17
BukuWarung,"ini habis update kemarin, kok malahan tidak bisa dibuka ya ?",5,2026-01-22 19:47:40
BukuWarung,aplikasi kluar sndiri. pantas aja rating nya burik .,1,2026-01-22 19:28:00
BukuWarung,apk bagus untuk umkm,5,2026-01-22 18:56:47
BukuWarung,"setiap mau masuk aplikasi keluar terus , padahal semua data ada disana",1,2026-01-22 18:54:35
BukuWarung,"Dear Admin, setelah update jd gabisa dibuka, install ulang data pemasukan hilanggg, yg ada data pengeluaran.. jd tdk sinkron.. TERIMAKASIH SDH MEMPERCAYAKAN CATATAN USAHA KPD BUKU WARUNG",1,2026-01-22 18:48:32
BukuWarung,dsta pelanggan hilang semua,1,2026-01-22 18:05:30
BukuWarung,sangat membantu urusan bisnis,5,2026-01-22 17:24:11
BukuWarung,"kenapa terjadi kendala dari tgl 20 Januari sampai skrng 😭😭 Ketika mau masuk ke pental Mulu ke luar Mulu, 🥲 sedangkan semua dataa disana",1,2026-01-22 17:19:16
BukuWarung,aplikasi close ...gk bs di buka,1,2026-01-22 16:53:24
BukuWarung,jos,5,2026-01-22 16:40:10
BukuWarung,mau buka aja gak bisa mau hubungi cs pake apaa gak jelas,1,2026-01-22 15:44:03
BukuWarung,"Aplikasi tidak bisa di buka, sering keluar terus",1,2026-01-22 14:42:32
BukuWarung,"kenapa saya tidak bisa masuk ke akun saya/buku warung, setelah saya perbarui. mohon bantuannya",1,2026-01-22 14:41:46
BukuWarung,setelah pembaruan terakhir sering force close keluar terus tapi setelah saya Re-Instal baru normal bisa,4,2026-01-22 13:51:58
BukuWarung,apk gak jelas sering keluar sendiri. mau masuk juga gagal trs,1,2026-01-22 13:51:43
BukuWarung,ndk bisa download laporan,5,2026-01-22 12:58:16
BukuWarung,"troble , tidak bisa dibuka, pada hal sudah pakai selama 2 tahun lebih, tiba tiba apl bila dibuka nutup terus, solusinya instal ulang, teryata, doooooor setelah sukses instal dan pemulihan data akunnya, data stok barang ilang semua, menjadi kosong, padahal sudah ratusan datanya, bagaimana min, komplin tidak bisa/dijawab boot saja, harus bagaimana? siap siap yg pakai app ini kalau suatu saat terjadi pada anda",1,2026-01-22 12:48:45
BukuWarung,aplikasi keluar terus kapan bisa bnernya ?,1,2026-01-22 11:38:55
BukuWarung,"apk keluar² sendiri, sudah chat cs dan email tdk di respon",1,2026-01-22 10:19:15
BukuWarung,"Sangat membantu. Bug sudah berkurang... sudah 2kali, data pembukuan tidak terdata. khususnya Januari dan Februari",4,2026-01-22 10:12:03
BukuWarung,oke,5,2026-01-22 10:03:45
BukuWarung,"aplikasi tidak bisa dibuku. Dibuka langsung tutup LG. Banyak data2 keuang disana ? Aplikasi keluar2 terus , mau chat ADM juga tdk tahu kemana ? mohon solusinya terimakasih",1,2026-01-22 09:59:54
BukuWarung,"app gak bsa dibuka, WA admin aktif jam brpa",1,2026-01-22 08:39:29
BukuWarung,tolong ini gimana apknya keluar trus 😭😭,1,2026-01-22 08:27:57
BukuWarung,"kak,, kenapa aplikasi nya gk bs di buka,,, karena sudah tidak bisa dibuka terpaksa saya kurangi bintang nya,,, nanti kl dah normal di tambah lagi bintang nya",2,2026-01-22 07:44:56
BukuWarung,gak jelas ko keluar terus,1,2026-01-22 07:20:56
BukuWarung,kak kok hari ini aplikasinya keluar keluar terus ya,5,2026-01-22 06:39:14
BukuWarung,"parah nih buku warung,.. minta otp gak di kirim2 30 menit kemudian di spam otp... coba lagi di hp baru tidak bisa keterangan otp tidak valid pdhal baru msukin nomer tlp. login di hp lama forceclose terus.. baru buka app langsung kluar terus..",1,2026-01-22 06:23:01
BukuWarung,"Setelah update aplikasi, data penjualan hilang. Chat CS balasanya hanya template dan tidak ada solusi",1,2026-01-22 04:46:42
BukuWarung,memuaskan,5,2026-01-21 20:13:52
BukuWarung,Baru di update jadi ngeclose terus min Ga bisa nyimpan harian sekarang Ngehubungi CS di aplikasinya susah karna keluar terus Udah beberapa cara dilakukanpun susah Tolong perbaharui min biar bisa dipakai lagi Maaf ratingnya krna harus review jujur,3,2026-01-21 20:02:09
BukuWarung,"Awal pakai sangat bagus, sangat membantu Catat utang Piutang, Tapi kemarin aplikasi bukuwarung keluar keluar sendiri.. dan skrg Catatan pembukuan saya terhapus, dan catatan utang piutang juga sebagian terhapus, mau hubungi cs juga tdk bisa karena tampilan aplikasi berubah.. admin tolong solusi bagaimana agar catatan utang piutang saya kembali lagi..",1,2026-01-21 19:07:35
BukuWarung,Sangat membantu tapi kenapa ini buka aplikasi tapi KELUAR terus,5,2026-01-21 19:00:29
BukuWarung,sebenernya bagus buat mencatat pembukuan. tp kenapa ini kok g bisa dibuka??😱,5,2026-01-21 15:48:50
BukuWarung,aplikasi crash terus tidak bisa dibuka tolong fix,1,2026-01-21 15:19:33
BukuWarung,"aplikasinya keluar terus saat dibuka semua catatan hutang disitu semua tolong segera diperbaiki, sementara saya kasih bintang satu dulu kalo sudah normal saya naikin lagi bintangnya",1,2026-01-21 14:11:53
BukuWarung,"Sangat membatu sekali,bagi saya sangat membatu,,,tks....",5,2026-01-21 13:26:06
BukuWarung,"aplikasi gag bisa di buka keluar"" terus, mau lewat mana kalo mengadu",1,2026-01-21 13:23:09
BukuWarung,aplikasinya kluar2 trus mohon bantuan data saya di dalam semua,5,2026-01-21 11:48:49
BukuWarung,aplikasi keluar keluar sendiri. sudah download ulang tetap sama. hasil perhitungan ada di situ jadi ke restart lagi. mohon maaf aplikasi nya enggak good,3,2026-01-21 11:37:52
BukuWarung,aplikasinya keluar keluar sendiri kalau lagi masuk di aplikasi. padahal masih ada saldo di dalamnyax 🥺,1,2026-01-21 11:20:53
BukuWarung,simple dan praktis,5,2026-01-21 11:09:38
BukuWarung,"maaf aplikasi nya sering keluar,,, mohon di tindaklanjuti Min",5,2026-01-21 10:52:30
BukuWarung,aplikasi nya keluar terus klo dibuka.... padahal catatan pembukuan di situ semua,1,2026-01-21 10:15:30
BukuWarung,habis di update kok jd menutup2 sendiri aplikasinya?,3,2026-01-21 09:55:07
BukuWarung,"keluar keluar terus, apalah, tolong perbaiki lagiiii, udah restart hp tetep aja bgitu",1,2026-01-21 09:15:09
BukuWarung,aplikasi kluar2 trus2an sendirinya,1,2026-01-21 08:55:22
BukuWarung,habis update malah keluar2 terus bagaimana solusinya payah banget,2,2026-01-21 06:50:37
BukuWarung,Ya suka banget sangat membantu,5,2026-01-21 05:39:35
BukuWarung,ok bagus,5,2026-01-20 20:41:56
BukuWarung,"bagus, tapi tak bisa masuk lg krn nomor hp hilang",5,2026-01-20 20:00:30
BukuWarung,aplikasi keluar sendir padahal data hutang customer tersimpan di situ,1,2026-01-20 16:52:12
BukuWarung,knp aflikasix keluar kalao di buka...baru banyakmi data di dalam..gimana ini admin,5,2026-01-20 16:03:13
BukuWarung,aplikasinya kenapa keluar2 gitu ya,2,2026-01-20 15:49:50
BukuWarung,"kenapa aplikasinya gak bisa dipakai? setiap masuk, keluar terus..",1,2026-01-20 13:39:40
BukuWarung,saat ini klo menggunakan aplikasi tiap kali dibuka close sendiri secara otomatis.knp ya?? mau hub cs gmn?buat buka aja sudah ter close otomatis kak.catatan keuangan saya ada di buku warung semua tolong solusi nya,2,2026-01-20 11:51:20
BukuWarung,"aplikasi keluar "" terus....!!!! 😠😠😠",1,2026-01-20 08:47:52
BukuWarung,gak bisa masuk ini gimana min.keluar terus,1,2026-01-20 08:24:39
BukuWarung,mantap sangat mrmbantu,5,2026-01-20 07:49:04
BukuWarung,data saya hilang setelah ganti perangkat. sudah menjalankan prosedur yg di arahkan cs tapi ttp tidak muncul datanya.,1,2026-01-19 17:00:19
BukuWarung,ne aplikasi knp tiba tiba keluar sendiri trus gk bisa d buka y 😤 apa lagi pemeliharaan sistem tpi biasa tidak seperti ini 🤦,2,2026-01-19 16:33:16
BukuWarung,masukin kode otp angka terakhir nya susah banget... aplikasi ngk guna,1,2026-01-19 15:28:42
BukuWarung,"Saldo saya hilang di dalam aplikasi, saya laporkan ke CS tapi di ofer kesana kemari gak jelas, saya ikuti arahannya tapi tidak ada solusi. Bukan memberikan solusi tapi menambah masalah. Saya ke pusat bantuan Customer support eh saya di suruh ke customer service, saya ke Customer service di arahkan lagi ke customer support. Hebat sekali aplikasi ini. Saya ngumpulin 500 perak dari aplikasinya tapi di peras lewat kehilangan saldo😡😡😡",1,2026-01-19 14:08:45
BukuWarung,busuk,1,2026-01-16 19:30:37
BukuWarung,"susah mau komplain ke cs terkait kendala transaksi, gada titik terangnya muter muter terus bot nya",1,2026-01-13 14:09:25
BukuWarung,"Kacau Kacau kacau pembukuan hilang semua dari tahun 2023-2024an harga dan stok barang pada hilang kacau rencana udah mau pakai EDC bukuwarung tapi kalau begini jadi mikir mikir chat cs sumpah gak ada nyambung nya selalu bales bot , udah referh berkali kali tetep 0 zonk hasilnya gila gila gimana agen yang banyak orang hutang di catat dalam aplikasi heran baru kali ini kejadian aplikasi kaya gini !!! kapok",1,2026-01-11 20:18:48
BukuWarung,Bagus,4,2026-01-10 18:05:38
BukuWarung,Beli EDC udah hampir seminggu gak dikirim2 juga. Jelasin kel kurang apa atau kenapa kok statusnya Dalam Proses terus. Tanya CS cuma bot mulu yg jawab. 🤦‍♀️😡 Update : All is good.Problem ada di kurir J** gk mau anter ke rumah karena no ku gak ada WA. Kalo bisa kedepannya pihak Buku Warung juga beri notifikasi kepada buyer kalo EDC udah dikirim.,4,2026-01-10 12:47:36
BukuWarung,bagus tapi katalog barang2 warung yg saya buat hilang setelah uninstal dan instal lagi,4,2026-01-10 03:11:31
BukuWarung,gk bisa buka laporan loading terus,1,2026-01-08 13:41:51
BukuWarung,kalo transaksi pending pengaduan susah.cs gak tangap.ENGAK RESPON.satu lagi pembagian free engak seimbang.alat beli sendiri.harusnya pembagian tarik tunai dan cek saldo bagi 2.kunsumen kena 6500.dibagi ke agen hanya 1000.waoooo,3,2026-01-07 23:20:14
BukuWarung,mUdah digunakan,5,2026-01-07 22:59:57
BukuWarung,"Ganti perangkat, login akun yg sama data pada hilang",1,2026-01-05 20:17:20
BukuWarung,setelah update versi baru malah gak bisa unduh laporan hutang. padahal pas pake versi lama sangat mudah untuk unduh laporan hutang. mohon solusinya dong,3,2026-01-03 15:12:18
BukuWarung,"aplikasi yg sangat membantu,semua kendala selalu ditanggapi dan dibantu penyelesaian nya",5,2026-01-02 12:19:10
BukuWarung,sangat membantu untuk pembukuan,5,2026-01-02 11:03:39
BukuWarung,saat ajukan pinjaman selalu kode OTP salah padahal udah sesuai dengan kode OTP yg di kirimkan lewat SMS. lalu saya di arahkan untuk uninstall kemudian instal kembali ehh skrg masalah tdk bisa masuk di aplikasi katanya kode OTP tdk valid. kacau lah padahal saya baru2 ini bayar pinjaman 20 juta loh tanpa keterlambatan,3,2026-01-02 08:57:15
BukuWarung,"sudah lama pake aplikasi ini untuk catat pembukuan, beberapa kali pula HP ke reset semua catatan balik, fitur luar biasa krn bisa autosync jika kita buat catatan baru, hanya saja jika HP ke reset trus kita recover aplikasi list barang yang kita buat hilang, mohon developer perbaiki, terimakasih",5,2026-01-02 08:26:24
BukuWarung,apk bukuwarung saya tidak bisa unduh data kedalam pdf knpa yaa? pdhl kmrin' masii bisa,4,2026-01-01 22:25:35
BukuWarung,"aplikasi yg sekarang kok gak bisa download pembukuan laporan keuangan, yg pdf dan juga Excel. tahun lalu bisa terus, sekarang gak gak ada yg bisa. sudah chat CS di aplikasi gak ada tanggapan. ada solusi??? sementara sy kasih bintang dikit, kalau ada solusi dan bisa, yg kasih bintang lima",2,2026-01-01 10:08:48
BukuWarung,semenjak di upgrade jadi gak bisa buat dokumen,2,2025-12-31 19:57:02
BukuWarung,Aplikasi yang sangat mudah digunakan dan sy sudah menggunakan aplikasi buku warung selama 6 tahunan. Akan tetapi ada kendala saat pengunduhan laporan hutang pelanggan. pengunduhan sangat lama dan tidak ada notifikasi berapa besar ukuran file yang harus diunduh. Tolong untuk pihak Aplikasi buku warung bisa diperbaiki lagi. Trimakasih,4,2025-12-31 16:43:14
BukuWarung,"aplikasi nga jelas, bikin akun aja nga bisa bisa anj mmg",1,2025-12-31 09:58:17
BukuWarung,"setelah logonya berubah ke thn 2026.malah tidak bisa buat laporan di buku warung, tambah lemot",1,2025-12-30 23:50:41
BukuWarung,"Sangat membantu,bisa disempurnakan Lagi good job 👍",5,2025-12-30 01:32:04
BukuWarung,iai saldo via tf bank BCA gangguan muluu. tolong diperbaiki min,3,2025-12-29 22:21:51
BukuWarung,busuk setelah aupdate malah keluar keluar terus gak bisa masuk,1,2025-12-29 22:04:16
BukuWarung,tidak bisa unduh laporan mohon perbaiki lagi,1,2025-12-29 15:18:39
BukuWarung,"kenapa aplikasi sy terhenti terus ya? padahal sebelum nya baik""saja",3,2025-12-28 18:07:27
BukuWarung,membantu banget ini aplikasi,5,2025-12-28 14:18:03
BukuWarung,smenjak update jadi setok hilang semua gmana sih ini,1,2025-12-27 20:45:59
BukuWarung,mau buat laporan tentang jualan pas di unduh gak bisa kalo rusak jangan di Tarok di Play store,1,2025-12-27 19:52:56
BukuWarung,aplikasi tiba2 menutup sendiri. hp saya android versi 6.0. cs tidak memiliki jawaban,1,2025-12-27 17:13:33
BukuWarung,gak bisa buat grosir untuk pos nya. saran untuk kedpannya fitur grosirnya ditambahkan mode kasir. tampilan gambar,1,2025-12-27 15:18:21
BukuWarung,"saya mau login gak bisa karena nomor yang terdaftar sudah tidak aktif, mau ajukan penghapusan data verifikasi gak tau bagaimana caranya.",1,2025-12-27 12:16:39
BukuWarung,"PLN 20.000 Masi gangguan sedangkan aplikasi lain udah aptip, gimana mo jualan kalo gak aptip memang harganya naik tapi di aplikasi lain udah bisa semua",2,2025-12-26 17:02:09
BukuWarung,"Aplikasinya keluar - keluar terus kalau dibuka, padahal data kas ada d situ semua, bagaimana ini min? sementara saya kasih bintang 1 dulu, kalau sudah kembali lancar baru saya naikin bintangnya",1,2025-12-25 07:29:06
BukuWarung,"komisi agen ditambah dong, seperti EDC yang lain. terima kasih. Sukses selalu",5,2025-12-24 20:27:20
BukuWarung,TERIMAKASIH kepada kak Wiwin dan Tim sudah membantu verifikasi akun saya,5,2025-12-24 12:06:12
BukuWarung,"jelek banget aplikasinya, mau pindah ke device baru, datanya tidak sinkron dan mendadak hilang semua laporan keuangan dan stok barang nya, udah lapor cs responnya seperti respon bot najis banget sumpah",1,2025-12-24 11:51:37
BukuWarung,"sekarang aplikasi nya makin jelek,,masak iya ada gangguan terus,,terus token 20 kok kosong terus",2,2025-12-23 22:58:13
BukuWarung,"lemot banget, ngecek stokan mau di ubah stokan malah keluar terus, padahal HP ruangannya ga penuh, sinyal ga lemot, emg dr aplikasinya aja lemot.. tolong di perbaiki, tiap isi stok malah keluar apk terus",1,2025-12-22 11:57:41
BukuWarung,tidaj ada solusi dan kejelasan data transaksi saya hilang selama 3thn,1,2025-12-22 09:38:31
BukuWarung,"saat ganti hp baru, data banyak yg hilang. apakah ini bisa diperbaiki??",2,2025-12-21 06:20:48
BukuWarung,"aplikasi sering berhenti sendiri, pemindahan data ke hp lain tidak lengkap setelah melakukan pemulihan data sampai tidak bisa transaksi karena data produk tidak ada",1,2025-12-15 18:40:22
BukuWarung,"yang kasih bintang 5 apakah semua , karyawan buku warung !!",1,2025-12-13 11:06:44
BukuWarung,"Aplikasi sering not responding, ketika proses pemulihan data sangat lama dan sering bermasalah seperti data produk tidak ada sama sekali dan juga data transaksi juga kadang tidak ada",2,2025-12-11 19:03:12
BukuWarung,mantap 👍🏻,5,2025-12-10 17:43:59
BukuWarung,"tidak kompatibel sama hp nya akh, jadi b 1 aja dulu",1,2025-12-09 11:28:49
BukuWarung,sdh ada perbaikan. Excel ws ok,5,2025-12-08 15:56:17
BukuWarung,"mantap banget bagus banget nih aplikasi, transaksi lancar jaya proses cepet mudah tidak ribet",5,2025-12-05 11:57:18
BukuWarung,apk jelek jangan dipakai suka pending. cs nya lama bales... jgn pinjam dana talangan lama pencairannya lelet team lamding nya,1,2025-12-04 23:23:27
BukuWarung,Aplikasi yang bagus buat catatan yang berhubungan dengan UMKM masyarakat membantu kali,5,2025-12-04 15:43:11
BukuWarung,"dengan adanya aplikasi buku warung sangat terbantu, karena transaksi yang sangat mudah juga lancar, pilihan bank nya juga sangat banyak sehingga sangat mudah untuk melakukan transaksi pengiriman atau menerima...",5,2025-12-04 10:17:27
BukuWarung,apk mantap sangat bagus,5,2025-12-04 09:14:42
BukuWarung,"aplikasinya bagus, mudah di pahami dan gk ribet.",5,2025-12-03 22:53:38
BukuWarung,"mantap ni,mau narik saldo juga gampang banget,the best pkoknya",5,2025-12-03 22:53:13
BukuWarung,"ga sesuai sama janji para agen nya. persyaratan aja udah kaya mau ambil kredit padahal kita beli bukan dipinjami, apalagi dikasih. pembelian edc saku aja prosesnya lambat pembayaran dimuka 5 hari ga nyampe. chat cs yg jawab bot. nanya ke agen nya jawaban muter muter aja",1,2025-12-03 20:44:38
BukuWarung,bagus aplikasi nya,5,2025-12-03 17:51:25
BukuWarung,"Aplikasi keuangan digital untuk UMKM yang mudah digunakan dan menyediakan fitur untuk mencatat pemasukan dan pengeluaran, utang piutang, serta membuat laporan keuangan otomatis.",5,2025-12-03 16:26:08
BukuWarung,aplikasi buku warung sangat mudah di pakai. untuk pilihan banknya cukup banyak. jadi bisa transaksi kemana saja. untuk harga murah dan pelayanan lengkap.,5,2025-12-03 15:40:31
BukuWarung,"Transaksi yang saya masukkan juga selalu tersimpan dengan lancar dan cepat, tanpa loading lama. Pilihan bank untuk transfernya juga cukup banyak, jadi saya bisa lebih fleksibel saat ingin melakukan pembayaran atau menerima dana dari pelanggan. Fitur laporan keuangan yang detail sangat membantu karena saya jadi lebih mudah melihat pengeluaran dan pemasukan setiap hari, jadi usaha terasa lebih terkontrol.",5,2025-12-03 15:08:11
BukuWarung,pengeluaran lebih tercatat karena ada fitur laporan keuangan yang detail Suggestion-style,4,2025-12-03 14:47:49
BukuWarung,apk menarik dan wajib di coba sama kalian ya karena pilihan banknya banyak banget jadi gampang untuk transaksi,5,2025-12-03 14:34:37
BukuWarung,"Aplikasinya mudah di gunakan, cocok banget untuk umkm baru seperti saya, fiturnya lengkap, tidak ribet.",5,2025-12-03 10:31:08
BukuWarung,mantap aplikasi yang sangat membantu. dan mudah menggunakannya. sippp,5,2025-12-03 08:40:14
BukuWarung,"Selama pemakain cukup membantu, Cuman minta kedepan nya yaa, di tambahin setiap kontak bisa menyimpan semua riwayat transaksi baik auto Lunas/hutang jadi tinggal klik nama kontak aja, soal nya fitur yg ada masih kurang untuk transaksi auto lunas ga ke detek riwayat nya, Berbeda kya di aplikasi sebelah dahulu ada BukuKas-lebah disitu bisa liat semua history/kontak, semoga di kabulin🙏",4,2025-12-03 07:47:15
BukuWarung,detail banget ada buku catatan dan laporan keuangan nya transaksi nya juga lancar cepet gampang dan mudah dipahami the best,5,2025-12-03 01:09:38
BukuWarung,"Aplikasinya mudah dipakai dan sangat membantu untuk mencatat keuangan usaha. Fitur-fiturnya cukup lengkap untuk UMKM. Kadang ada bug kecil, tapi overall sangat bermanfaat. Semoga makin stabil ke depannya!",5,2025-12-02 23:34:05
BukuWarung,"aplikasi bagus simple dan ga ribet, mempermudah pokoknya, top banget",5,2025-12-02 22:47:58
BukuWarung,"buku warung ini sebenarnya bagus, cuman yang bikin kecewa begitu aplikasi kehapus dan di instal lagi semua catatan hilang semua😭 tolong dong min kualitasnya diperbaiki lagi, berbayar gak apa2 asal dijamin bagusnya",2,2025-12-02 21:48:12
BukuWarung,"Saya pakai Buku Warung udah beberapa bulan, dan jujur ini ngebantu banget buat usaha kecil,aplikasinya tanpa ribet,transaksi nya cepat dan lancar. pilihan banknya juga banyak banget, JD lebih fleksibel buat kirim atau terima pembayaran dari mana saja ,CSnya juga sangat responsif terhadap komplain.",5,2025-12-02 21:21:09
BukuWarung,aplikasi berguna bagi UMKM seperti saya karna mendukung pembayaran dagangan saya transaksinya lancarr dan juga cepettt harganya murah transaksinya lengkap semoga dikembangkan lebih bagus lagi yaaa,5,2025-12-02 21:09:37
BukuWarung,apk sangat berguna bisa beli paket data,5,2025-12-02 20:19:58
BukuWarung,"rekomend bangt buat kalian yang mau memulai usaha, pendaftaran nya gampang, cepet dan aman, mau transaksi jg mudah tersedia semua pilihan bank jadi ga perlu pusing lagi, terdapat juga fitur laporan keuangan yang buat kita nggak repot lagi untuk liat arus keuangan usaha. rekomend bngt deh",5,2025-12-02 19:52:50
BukuWarung,"Enak banget pake aplikasi ini,pengeluaran jadi tercatat karena ada fitur laporan yang sangat detail.",5,2025-12-02 16:37:48
BukuWarung,"pilihan bank di aplikasi ini banyak banget, jadi bisa memudahkan penggunanya buat transaksi ke berbagai bank tanpa ada kendala. Jadi proses pembayaran dan penerimaan dana nya bisa lebih fleksibel dan praktis sesuai kebutuhan penggunanya",5,2025-12-02 16:11:32
BukuWarung,"Pakai BukuWarung enak banget, transaksinya lancar dan cepat, pilihan bank juga banyak jadi bebas kirim ke mana aja. CS responsif 24/7, tiap ada kendala tinggal buka live chat dan langsung dibantu. Aplikasinya simpel dan mudah dipahami bahkan buat yang baru mulai usaha, pendaftaran cepat dan aman. Fitur laporannya juga detail, bikin pengeluaran jauh lebih rapi dan ke-track.",5,2025-12-02 15:30:34
BukuWarung,sangat membantu saya karena setiap pengeluaran tecata dan support banyak bank dan juga e-wallet proses juga cepat dan lancar yang penting csnya cepat respon dan ramah.,5,2025-12-02 12:05:30
BukuWarung,"Aplikasinya sangat membantu, daftar cepat, fiturnya lengkap, mudah dipakai rekomendasi banget deh pokoknya mantap",5,2025-12-02 10:14:01
BukuWarung,"Pendaftarannya sangat mudah, cepat dan aman.",5,2025-12-02 09:28:48
BukuWarung,"Sangat mudah digunakan, transaksinya juga cepet gak ribet",5,2025-12-02 09:06:13
BukuWarung,"Aplikasi yang sangat bermanfaat untuk umkm dan fiturnya mudah dipahami dan simpel, Cocok untuk yang mempunyai usaha di berbagai bidang. Mantap dah pokoknya!",5,2025-12-02 06:21:18
BukuWarung,"buku warung sangat membantu bisa buat transaksi jadi lancar, aplikasinya juga simpel jadi bisa gampang di pelajari, pengeluaran juga lebih tertata rapi",5,2025-12-02 05:39:11
BukuWarung,salah 1 aplikasi yg cukup membantu aku dalam kegiatan usaha online ku. bener-bener gampang banget buat di mengerti cara pakai aplikasi ini karna tampilan aplikasinya yang simple.,5,2025-12-02 04:11:25
BukuWarung,"ga mungkin nyesel deh dari 2021 smpe sekarang gabosen""pake apk ini",5,2025-12-01 23:20:58
BukuWarung,"fitur lengkap, harganya ramah UMKM, dan transaksinya stabil. semoga ke depan pengembangannya makin maksimal biar pengalaman pengguna makin solid.",5,2025-12-01 23:08:45
BukuWarung,harganya murah dan layanan lengkap bisa dikembangkan lagi kedepannya,5,2025-12-01 23:06:33
BukuWarung,aplikasi nya Sangat Membantu Untuk Penjualan Gak Repot2 lagi Pakai Buku. di sini Uda Praktis Lengkap Untuk Catat semua Nya..,5,2025-12-01 22:28:03
BukuWarung,knapa ga bisa buka aplikasinya ini kehilangan data pelnggan jadinya,1,2025-12-01 21:28:27
BukuWarung,"Mudah dipakai, kalau saldo akhir bisa tercetak di struk pasti lebih baik dan membantu pebisnis kecil seperti saya, seperti jualan pulsa dirumah",5,2025-12-01 21:23:45
BukuWarung,"Aplikasi nya cukup bagus!! Sangat membantu karena sudah di lengkapi banyak fitur Mulai dari Top up pulsa,token listrik,dana dan bayar tagihan listrik dll, sengat cocok untuk para pengusaha dari mulai usaha kecil-kecilan hingga kelas ke atas, Transaksi nya jga sangat cepat dan semua fitur nudah di pahami🤩🫰🏻",5,2025-12-01 21:18:47
BukuWarung,pilihan pembayarannya lengkap jadi bisa bebas deh bisa transaksi kemana aja,5,2025-12-01 20:59:56
BukuWarung,"tampilan yang sederhana jadi dapat mudah di pahami dan di gunakan, selain itu transaksi nya juga lancar dan cepat",5,2025-12-01 20:51:41
BukuWarung,"BukuWarung sangat membantu operasional usaha saya. Transaksinya lancar dan cepat, ditambah pilihan bank yang banyak membuat pengiriman dana jadi fleksibel.",5,2025-12-01 20:38:50
BukuWarung,"Aplikasi Buku Warung benar-benar membantu usaha kecil saya, Proses pendaftaran cepat, gampang dan aman, jadi langsung bisa dipakai, Fitur pencatatan utangnya lengkap dan mudah dipahami, Rekomendasi banget untuk pelaku UMKM yang ingin mengatur keuangan lebih rapi.",5,2025-12-01 20:22:27
BukuWarung,"Aplikasinya simpel mudah dipakai, transaksinya lancar, harganya murah dan layanan lengkap",5,2025-12-01 20:03:21
BukuWarung,"Fitur di BukuWarung lengkap banget! Mulai dari catat utang-piutang, stok barang, sampai bisa jualan pulsa/token listrik (PPOB). Aplikasinya simpel dan mudah dipahami, bahkan untuk yang baru pertama kali pakai. CS-nya juga responsif via Live Chat kalau ada kendala. Sangat direkomendasikan untuk pebisnis kecil!",5,2025-12-01 19:51:56
BukuWarung,"Transaksi disini mudah dan cepat. CS nya juga responsif. Aplikasinya gampang banget dipakai. Pendaftarannya cepat, serta fitur laporan keuangannya detail. semoga kedepan ada banyak opsi bank lagi.",5,2025-12-01 15:42:54
BukuWarung,bermanfaat,5,2025-11-30 21:40:14
BukuWarung,aplikasi nya ringan banget fiturnya juga mudah di gunakan dan registrasi nya juga gampang cocok buat pemula,5,2025-11-30 16:44:17
BukuWarung,"karena pesanan online ku udah lumayan banyak, aku akhirnya pakai aplikasi buku warung, sangat rekomendasi karena pencatatan setiap transaksi jadi lebih rapi , transaksi bisa pakai qris, catatan pesanan masuk juga lebih rapi. sangat memudahkan bagi kalian yang mulai bisnis kecil.",5,2025-11-30 14:11:52
BukuWarung,Aplikasi yang bagus buat UMKM sekitar,5,2025-11-30 10:36:58
BukuWarung,"aplikasi yang sangat membantu. Pembukuan jadi lebih mudah dan rapi, cocok buat pengusaha online seperti saya, transaksinya juga lebih mudah karena udah ada Qris nya",5,2025-11-30 09:18:13
BukuWarung,mantap aplikasi nya kalo mau isi saldo gak ribet,5,2025-11-29 23:41:32
BukuWarung,"akhirnya ketemu apk yang lancar transaksi nya,banyak banget opsi pilihan bank nya dan sangat mudah dan simpel untuk di pakai",5,2025-11-29 21:08:41
BukuWarung,"bagus memuaskan,fitur nya berguna",5,2025-11-29 20:10:39
BukuWarung,bagus apk ini semangat terus owner nya,5,2025-11-29 20:05:43
BukuWarung,"BukuWarung ini termasuk aplikasi wajib buat UMKM. Gratis, ringan, dan membantu banget buat ngatur keuangan usaha biar lebih terkontrol.",5,2025-11-29 07:56:01
BukuWarung,fiturnya mantap bro lengkap banget,5,2025-11-28 20:59:50
BukuWarung,"Aplikasi buku warung sangat membantu banget ,dan sangat mudah digunakan terutama untuk irt kayak saya. thxyouu",5,2025-11-28 19:23:26
BukuWarung,Agen Pembayaran Resmi - Nikmati kemudahan bertransaksi dengan mesin EDC Mini ATM,5,2025-11-28 18:28:58
BukuWarung,aplikasi nya bagus dan simpel banget cocok banget buat kebutuhan saya,5,2025-11-28 15:36:13
BukuWarung,"aplikasi sangat membantu pencatatan bisnis saya, jadi lebih mudah di rekap, kedepannya semakin berkembang",5,2025-11-28 15:13:49
BukuWarung,"Aku sangat puas dengan aplikasi Buku Warung! Transaksi di sini sangat mudah dan cepat. Saya bisa melakukan transaksi dengan mudah, kapan saja, dan di mana saja. 💻💸",5,2025-11-28 14:19:30
BukuWarung,"Aplikasi bagus banget mudah di pahami, transaksi nya lancar banget cepat juga,bisa transfer kesemua bank dan ke mna aja, respon cs cepat banget kalau ada kendala, soal mendaftar nya cepet banget , gampang dan pastinya aman, pengeluaran lebih tercatat Karena ada fitur laporan keuangan nya detail banget, cocok buat pengusaha kecil² dirumah kayak aku☺️",5,2025-11-28 09:05:09
BukuWarung,"aplikasi mak joss semua fitur lengkap bisa top up Ewallet bayar tagihan, serta pembukuan jadi kita lebih mudah untuk mengatur keuangan, apalagi beli data uhh murah sekali.",5,2025-11-28 08:03:37
BukuWarung,"sukaaa aplikasi ini karena pilihan bank nya banyak,mempermudah banget buat pembayaran kemana aja.",5,2025-11-27 23:37:27
BukuWarung,"Transaksi nya lancar dan cepat, aplikasi yang recommended karena fiturnya membantu banget. Untung aja ada buku wa roh ng, iya aku bisa nyatet setiap pemasukan dan pengeluaran usaha aku ini, berkat aplikasi ini keuntungan penjualanku meningkat pesat.",5,2025-11-27 23:31:16
BukuWarung,apk nya bagus.harga pulsa nya murah godjob koponamah.te ngalierken,5,2025-11-27 18:21:35
BukuWarung,Aplikasi ringan gak banyak ruang nyaman asli buat masyarakat UMKM,5,2025-11-27 13:26:52
BukuWarung,Buku warung memudahkan saya buat tf jadi gampang. Yang paling penting fitur pembayarannya juga lengkap.,5,2025-11-27 11:32:46
BukuWarung,mantap aplikasi nya,5,2025-11-26 20:18:43
BukuWarung,"alhamdulillah selama ada buku warung pembukuan aku jadi lebih rapi cocok buat penjual online seperti saya yg terkadang bayar pake qris,,jadi mudah ber transaksi.,pilihan bank jg sudah banyak 👍",5,2025-11-26 17:52:33
BukuWarung,"buku warung aplikasi wajib UMKM!mudah digunakan,fitur lengkap,dan sangat membantu dalam mengelola ke uangan usaha.",5,2025-11-26 14:26:35
BukuWarung,"Aplikasinya simple mudah dipahami & dipakai, bahkan untuk yg baru mulai Harganya murah dan layanan lengkap, semoga kedepannya bisa dikembangkan lebih baik lagi",5,2025-11-26 12:35:41
BukuWarung,"apliksi transaksi yang bagus,ada fitur penagihan dan bayar ,menu lengkap bisa jual beli token listrik,akses nya pun cepat,pas untuk bisnis saya,rekomendasi buat usaha saya",5,2025-11-26 10:56:20
BukuWarung,Aplikasinya bagus dan membantu saya sebagai pelaku UMKM untuk membuat laporan keuangan. Pencatatan transaksi lebih mudah dengan tampilan yang praktis.,5,2025-11-26 10:37:06
BukuWarung,sangat buruk. cs tidak respon,1,2025-11-26 09:33:28
BukuWarung,"Aplikasi nya simpel gak ribet, mungkin nextnya bisa di update untuk metode pembayaran bank nya supaya opsi bank nya lebih banyak lagi . tapi dari pemakaian saya keseluruhan fitur sudah cukup bagus .",5,2025-11-26 09:14:17
BukuWarung,"Selama pakai aplikasi ini terasa cukup membantu, terutama karena transaksi cepat dan prosesnya jarang ada hambatan. Tampilan aplikasinya juga sederhana jadi gampang dipahami meskipun masih pemula Semoga ke depannya fiturnya terus ditambah supaya makin nyaman dipakai.",5,2025-11-26 08:21:56
BukuWarung,"Sudah lama pakai BukuWarung, dan aplikasi ini selalu berkembang makin bagus. Proses input transaksi cepat, datanya aman, dan sinkronisasi antar perangkat juga lancar. Cocok banget untuk pemilik toko kecil maupun usaha rumahan.",5,2025-11-26 07:33:23
BukuWarung,Aplikasi yang sangat bagus dan membantu! Banyak fitur yang membantu saya mengelola bisnis,5,2025-11-26 00:07:24
BukuWarung,"mantap emang lebih praktis dan mudah, soal keamanan 💯 aman banget ni di buku warung mantap emang ga kaleng²,ni request pokoknya buat kalian ga bakal nyesel",5,2025-11-25 23:32:08
BukuWarung,aplikasinya tanpa ribet.. bisa untuk bank apa saja dan transaksi nya lancar.. cs selalu on.. semoga kedepannya bisa lebih baik lagi..,5,2025-11-25 22:02:05
BukuWarung,"Aplikasinya mudah dipakai. Kalau nantinya saldo akhir bisa tercetak di struk, pasti makin membantu, terutama untuk pebisnis kecil seperti saya",5,2025-11-25 21:59:14
BukuWarung,aplikasi nya mudah di pahami jadi memudahkan orang awam yang punya usaha warung untuk daftar aplikasi ini dan juga transaksi disini aman dan cepat poll,5,2025-11-25 20:36:27
BukuWarung,"pilihan bank nya banyak banget, jadi bisa transaksi ke mana aja",4,2025-11-25 20:09:23
BukuWarung,"Aplikasinya simple, mudah dipahami, dan dipakai. Selain itu, harganya murah dan layanan lengkap, semoga kedepannya bisa lebih baik lagi.",5,2025-11-25 17:09:58
BukuWarung,"Mudah dipakai, kalau saldo akhir bisa tercetak di struk pasti lebih baik dan membantu pebisnis kecil seperti saya Harganya murah dan layanan juga cepat dan bagus layak bintang 5 sih",5,2025-11-25 17:02:46
BukuWarung,Sangat memudahkan untuk kami para agen di lapangan karna harga masih bisa bersaing bahkan lebih murah daripada agen lain dan trimakasih juga atas pelayanan cs yg responsif,5,2025-11-25 16:54:41
BukuWarung,"transaksi lancar dan cepat, aplikasi simpel mudah di gunakan, pendaftaran cepat dan aman",5,2025-11-25 12:10:47
BukuWarung,sangat mudah digunakan,5,2025-11-25 08:19:07
BukuWarung,"mantap aplikasi nya bagus banget,bisa juga buat nambah nambah penghasilan cocok untuk kita yang pengguran , transaksi nya juga mudah gercep ,fitur nya juga mudah di gunakan",5,2025-11-24 18:16:09
BukuWarung,sepertinya admin buku warung mendengar keluhan keluhan pemakai aplikasi buku warung.,5,2025-11-24 15:48:26
BukuWarung,aplikasi nya bagus sangat membantu,5,2025-11-24 14:28:44
BukuWarung,aplikasi yg sangat rekomendasi untuk di pakai sehari-hari dan gak ribet,5,2025-11-24 13:11:44
BukuWarung,"Sudah lama pakai BukuWarung, sejauh ini transaksinya selalu cepat dan lancar. Pilihan banknya banyak banget, jadi lebih fleksibel buat kirim atau terima pembayaran dari mana aja. CS-nya juga responsif banget, pernah ada kendala dan langsung dibantu lewat live chat. Aplikasinya simpel dan mudah dipahami, cocok buat yang baru mulai usaha. Fitur laporan keuangannya juga membantu banget buat catat pengeluaran harian",5,2025-11-24 12:59:55
BukuWarung,"sering banget transaksi nyangkur disini, ga rekomendasi diajuin ke cs malah nuggu 9 hari ga rekomendeh",1,2025-11-24 09:54:53
BukuWarung,"aplikasi bagus menarik, dan memudahkan para pengusaha umkm, sangat rekomendasi buat para pejuang rupiah umkm",5,2025-11-24 08:24:13
BukuWarung,ruwet,1,2025-11-24 07:36:00
BukuWarung,aplikasi ini sangat membantu dalam menerima dan mengirim uang dengan bank apapun,5,2025-11-23 22:28:47
BukuWarung,Aplikasi untuk UMKM sangat berguna buat yang susah menghitung,5,2025-11-23 19:30:40
BukuWarung,"APK ini sangat luar biasa! Saya sangat puas dengan fitur-fiturnya yang lengkap dan mudah digunakan. Desainnya yang sederhana membuatnya sangat mudah dipahami, bahkan untuk pengguna baru. Saya sangat merekomendasikan APK ini kepada semua orang! 👍👍👍",5,2025-11-23 19:08:37
BukuWarung,mem bantu banget aplikasi inii cocok buat UMKM terimakasih developer yang sudah menciptakan aplikasi ini semogaa jadii lebihh bagusss lagii kedepannya,5,2025-11-23 09:28:50
BukuWarung,apk bukuwarung rekom bnget buat org yg lg merintis buka usaha sperti saya di peternakan hewan,5,2025-11-23 07:41:00
BukuWarung,"mohon di perbaiki,app buku warung tidak bisa cetak struck di printer bluetoot",2,2025-11-22 19:50:57
BukuWarung,"aplikasinya sangat membantu bagi masyarakat umkm, top up lancar, apalagi pencairan paylaternya cepet cair berguna buat modal awal",5,2025-11-22 19:11:36
BukuWarung,"Baru pakai dan aplikasinya lumayan bagus, untuk kebutuhan ku sih ini oke ya terimakasih buat developer karena sudah membuat aplikasi ini",5,2025-11-21 18:08:51
BukuWarung,"aplikasi ini sangat membantu saya dalam bedagang khusus nya bagi semua pedagang UMKM apalagi disini bisa ngajuin limit pinjaman buat modal usaha tanpa ribet, aplikasi ini sangat dikeromendasikan buruan donwload sekarang",5,2025-11-21 17:04:31
BukuWarung,sangat recommended buat kalian yang ingin buka usaha dengan apk nya yang sangat simpel dan detail.,5,2025-11-21 15:45:00
BukuWarung,"lengkap apk nya, dapet edc juga ada modal pinjaman juga buat yang kurang modal di usahanya fiturnya banyak dan membantu banget untuk rekapan warung",5,2025-11-20 20:11:20
BukuWarung,Fitur pembukuan dan pembayaran sangat membantu bisnis saya,5,2025-11-20 19:13:58
BukuWarung,"udah lama gue pake apk buku warung , sejauh ini masih konsisten sih bagus bagus aja gak ada penurunan performa mlh makin bagus karena tersedia pilihan transaksi ke berbagai bank jadi lebih praktis dan mudah. mau tarik tunai juga cepet",5,2025-11-20 18:35:24
BukuWarung,"sebagai pebisnis kecil, pakai ini pengeluaran lebih tercatat karena ada fitur laporan keuangan yang detail. mudah juga untuk dipakai dan layanan lengkap.",4,2025-11-20 15:48:25
BukuWarung,"aplikasinya bagus!, transaksi di BukuWarung lancar jaya",5,2025-11-20 06:48:44
BukuWarung,"aplikasi yang sangat bagus,mudah di mengerti dan banyak referensinya,termasuk bank nya jga,recomended banget buku warung ini",5,2025-11-19 19:33:47
BukuWarung,"pertama kali coba bukuwarung,proses nya cepat aman, pokoknya rekomendasi",5,2025-11-19 19:25:37
BukuWarung,"recomended, simple dan ga ribet, terus berkembang 🔥🔥🙌",5,2025-11-19 18:38:26
BukuWarung,"aplikasi bagus, mudah di akses juga, penggunaannya sangat mudah dan praktis.",5,2025-11-19 18:29:09
BukuWarung,*Rating:* 5/5 bintang Saya telah menggunakan aplikasi Bukawarung selama beberapa bulan terakhir ini dan saya harus mengatakan bahwa saya sangat puas dengan hasilnya. Aplikasi ini telah membantu saya mengelola bisnis warung saya dengan lebih efisien dan menguntungkan.,5,2025-11-19 17:44:53
BukuWarung,"Aplikasinya bagus sekali berbagai fitur nya sangat lengkap,terutama fitur laporan keuangannya sangat detail mencatat pemasukan dan pengeluaran keuangannya.",5,2025-11-19 17:03:46
BukuWarung,mantap banget aplikasi nya mempermudah kita untuk nabung dan jika mau top up jg praktis fitur nya lengkap banyak bonus nya jg,5,2025-11-19 16:53:41
BukuWarung,aplikasi bagus mengesankan banyak untungnya,5,2025-11-19 16:40:38
BukuWarung,"Aplikasi BukuWarung bener-bener ngebantu usaha kecil kayak aku. Daftarnya cepat, fiturnya lengkap, dan mudah dipakai. CS responsif banget kalau ada kendala. Recommended buat UMKM!",5,2025-11-18 22:45:41
BukuWarung,good,5,2025-11-18 21:00:01
BukuWarung,"Sekarang pengeluaran udah gampang tercatat karena ada laporan keuangan yang detail banget. Gak lagi bingung kemana duit keluar, semua jelas di satu layar. Pokoknya aplikasi ini recommended banget deh!",5,2025-11-18 12:20:26
BukuWarung,Aplikasi cocok buat UMKM karena udah masuk ke dalam pembukaan,5,2025-11-17 17:46:20
BukuWarung,Apk sangat bagus dan mudah untuk membuka bisnis,5,2025-11-17 15:43:14
BukuWarung,"Aplikasinya simple, mudah dipahami, dan nyaman digunakan, bahkan untuk pengguna baru",5,2025-11-17 12:35:47
BukuWarung,aplikasinya baguss dan bermanfaat bagi saya,5,2025-11-16 21:15:09
BukuWarung,"aplikasinya simple, semua pengeluaran tercatat otomatis. fitur laporan keuangannya detail, jadi tau untung rugi dengan jelas. nggak ada lagi uang nyelip nggak jelas!",5,2025-11-16 14:21:25
BukuWarung,"Sejauh pake aplikasi Buku Warung terbantu bgt buat usaha kecil skala rumahan krn mudah di pakai, kalau saldo akhir bisa tercetak di struk pasti lebih baik dan membantu pebisnis kecil seperti saya.",5,2025-11-16 13:53:58
BukuWarung,"Pendaftarannya cepat gampang dan aman, membantu banget buat usaha toko pampers kecil2an aku, pengeluaran dan pemasukan lebih tercatat soalnya udh ada fitur laporang keuangan yg detail.",5,2025-11-16 13:47:24
BukuWarung,"pendaftaran cepat, aman dan gampang, transaksi juga lancar dan cepat",4,2025-11-16 13:16:14
BukuWarung,"Anti Ribet Catat Duit: Nulis pemasukan, pengeluaran, sampai utang pelanggan, semua tinggal ketik di HP. Enggak perlu lagi pusing sama buku tebal.",5,2025-11-15 18:12:49
BukuWarung,"Bagus dan bermanfaat, semoga kedepannya bisa lebih banyak opsi bank yg bisa dipilih",5,2025-11-15 15:26:32
BukuWarung,"untuk saat ini udah baguss, mungkin kedepannya bisa di banyakin lagi pilihan bank nya dan untuk fiturny sudah terbilang lengkap dan mudah dipahami",5,2025-11-15 12:29:04
BukuWarung,"baru pertama kali make aplikasi bukuwarung ternyata aplikasi nya tuh simple mudah dipahami bhkn untuk aku yang notabenenya pemula,mana Cs nya tuh fast respon lagi.",5,2025-11-15 12:26:12
BukuWarung,"sumpah ini apk bagus banget, semenjak ada apk ini aku jadi makin untung banyak",5,2025-11-14 19:13:54
BukuWarung,Mantap buku warung Tingkatkan efisiensi dan produktivitas bisnis Anda dengan BukuWarung! Unduh sekarang dan rasakan kemudahan,5,2025-11-14 17:03:09
BukuWarung,enak banget aplikasi nya pelayanan terlalu cepat dan lasti nya anti lag,5,2025-11-14 03:21:07
BukuWarung,aplikasi bagus! transaksi jadi ga ribet karena ada BukuWarung. bisa transfer kemana aja dan kapan aja!,5,2025-11-13 20:40:58
BukuWarung,"aplikasi ini dulunya baik dan simpel, Sekarang berbanding terbalik,sangat buruk,mau login aja susah apk sering terhenti sendiri.. bad asli bad lah pokoknya.. not recommended",1,2025-11-13 20:24:26
BukuWarung,mempermudah bisnis,5,2025-11-12 20:47:11
BukuWarung,"tolong hapus data saya, data saya di gunakan oleh penipu jadi mohon di hapus, yang atas nama Ahmad ripaldi , penipu menggunakan data diri saya Tampa sepengetahuan saya jadi tolong di hapus.",5,2025-11-12 02:35:32
BukuWarung,"jalan 3 bulan pake aplikasi ini, awal mudah gada kendala.. sekarang akun malah di non aktifkan tanpa keterangan, cs yg bantu ga jelas malah tanya isi saldo rekening segala macam.. di tambah suruh selfie sambil pevang KTP.. jd ngerih wkwk",1,2025-11-11 23:49:44
BukuWarung,Manfaat utama dari aplikasi BukuWarung dengan adanya fitur tagih atau bayar ke pelanggan,5,2025-11-11 13:58:39
BukuWarung,Sangat bermanfaat sekali 👍,5,2025-11-11 10:47:58
BukuWarung,"pas dipindahkan ke hp baru, data bukuwarung yang dari hp lama hilang, padahal saldo piutangnya ada tapi history pembayaran orang tidak ada. tolong diperbaiki aplikasinya, jangan bikin kapok",1,2025-11-11 07:27:23
BukuWarung,akun saya di nonaktifkan saya sudah pesan edc gimana ini aneh,1,2025-11-10 20:07:39
BukuWarung,"aplikasinya bagus transaksi lancar,transfer kemana mana ga ribet",5,2025-11-10 18:22:43
BukuWarung,"aplikasi ini sangat memudahka saya untuk usaha,rekomend banget pokonya wajib coba",5,2025-11-10 09:49:51
BukuWarung,Aplikasi nya mudah di akses memiliki banyak fitur dan mudah di gunakan dan memudahkan untuk membayar dan berjualan,5,2025-11-10 07:51:23
BukuWarung,aplikasi nya bagus sekali fitur fitur nya juga sangat berguna,5,2025-11-10 07:17:06
BukuWarung,"aplikasinya simpel, mudah dipahami & dipakai, bahkan untuk yang baru mulai. harganya murah dan layanan nya lengkap,",5,2025-11-10 06:01:02
BukuWarung,APLIKASI RINGAN MUDAH AMAN NYAMAN MUDAH DI GUNAKAN. MURAH MURAH JUGA SUKSES SELALU,5,2025-11-09 20:09:48
BukuWarung,Daftar akun dan pemakaiannya mudah di gunakan fitur-fiturnya juga banyak pilihan sangat membantu buat pedagang seperti saya.,5,2025-11-09 15:30:21
BukuWarung,"Apk warung nih keren sihh, simple banget dan mudah dipahami , pilihan banknya banyak banget, jadi bisa banget transaksi kemana aja",5,2025-11-09 13:49:40
BukuWarung,proses sangat cepat dan pelayanan sangat baik menurut saya aplikasi ini sangat menguntungkan,5,2025-11-08 07:21:28
BukuWarung,"Aplikasinya sangat membantu pendaftarannya cepat dan mudah, proses transaksi juga lancar serta cs nya sangat responsif",5,2025-11-07 22:00:19
BukuWarung,aplikasi sering eror...,2,2025-11-07 18:11:08
BukuWarung,"Waktu buka olshop iseng² ke playstore buat cari aplikasi untuk pencatatan transaksi pemasukan n pengeluaran barang stok (pembukuan), kelola stok, catatan utang n muncul aplikasi BUKA WARUNG.. dan ternyata memang sangaaaaaaattt membantu sekali, semua transaksi tercatat dengan rapi, ada pengingat juga untuk jatuh tempo pembayarannya. The best pokoknya, Terimakasih",5,2025-11-07 10:23:19
BukuWarung,"Pendaftaran cepat, gampang, dan aman. Harganya juga murah dengan layanan yang lengkap, worth it,Aplikasinya juga mudah dipakai, cocok buat pebisnis kecil kayak aku. Cuma, mungkin ke depannya bisa ditambahin fitur cetak saldo akhir di struk, pasti lebih membantu.",5,2025-11-06 20:04:46
BukuWarung,aplikasi nya sangat membantu saya untuk membuka usaha,5,2025-11-05 22:11:23
BukuWarung,"aku baru pertama kali pake apk buku warung. ternyata apk nya mudah dipahami, cs nya responsif bgt jadi ngga nunggu lama. harga nya murah dan lengkap banget!. cocok banget buat yang mau coba buka usaha, ads laporan keuangan juga, ngebantu banget.",5,2025-11-05 19:39:50
BukuWarung,"sistem sering bermasalah, yang membuat transaksi slalu pending",1,2025-11-05 10:01:04
BukuWarung,"baru pertama kali download tapi puas banget, daftarnya cepat dan praktis!",5,2025-11-05 09:58:12
BukuWarung,aplikasi terbaik mantap pokoknya ..,5,2025-11-05 08:23:03
BukuWarung,aplikasi buku warung ini cocok buat orang yang mau buka konter,5,2025-11-04 20:14:08
BukuWarung,"Yok yang mau kerja sampingan ini solusinya ,cara nya mudah dan gampang banget buat cuan sampingan",5,2025-11-04 18:17:09
BukuWarung,"awalnya aplikasi berjalan baik, sekarang kok gak bisa ambil konsumen dr kontak ya...??",4,2025-11-04 14:55:53
BukuWarung,"aplikasi yang paling bagus ya aplikasi buku warung.tranfer paling murah dan cepat.saya pengguna lebih dari 5 thn tanpa kendala dan real time ,mau top up atau apa juga paling cepet dan murah..pulsa dan lainya bisa di atasi cukup satu aplikasi saja.tingkatkan trus team buku warung..best deh pokoknya",5,2025-11-04 13:06:17
BukuWarung,"membantu UMKM mengelola keuangan usaha secara digital dengan cara pengeluaran, melacak utang piutang l,",5,2025-11-04 06:40:18
BukuWarung,puas banget dengan pelayanannya fitur lengkap dan memudahkan pekerjaan,5,2025-11-03 18:04:55
BukuWarung,aplikasi yang sangat bagus. mudah dimengerti dan banyak referensinya. recommended banget bukuwarung ini.,5,2025-11-03 10:49:02
BukuWarung,"Pencatatan jadi lebih rapi, pelanggan juga puas karena bisa diingatkan dengan otomatis. Terima kasih BukuWarung",5,2025-11-03 08:23:50
BukuWarung,"adanya aplikasi bukuwarung sangat mempermudah para UMKM dalam menjalankan bisnis sih, gaperlu ribet² lagi mau catat transaksi/utang",5,2025-11-03 07:37:05
BukuWarung,pendaftaran mudah layanan nya lengkap sangat bermanfaat,5,2025-11-02 21:24:07
BukuWarung,aplikasi sangat membantu,5,2025-11-02 20:52:33
BukuWarung,mantap dan keren,5,2025-11-02 01:46:18
BukuWarung,Sudah susah payah capek masuk kan data beberapa hari ada beberapa yang dobel entri Tidak singkron juga antara barang yang di jual dan utang piutang pelanggan Hubungi CS jam 7 jam 8 jam 9 dan jam 10 gak bisa fitur CS Buruk Buruk Buruk,1,2025-11-02 00:08:01
BukuWarung,Aplikasi Sangat Bagus Dengan Fitur Yang Ditawarkan Dan Juga Sangat Membantu UMKM Saya Sangat Merekomendasikan Ini,5,2025-11-01 20:41:46
BukuWarung,jangan sampe beli disini edc penipu gak bisa cek saldo bni,1,2025-11-01 16:59:50
BukuWarung,aplikasinya mudah dipahami layanan cepat daftarnya juga gampang,5,2025-11-01 15:40:52
BukuWarung,"pilihan banknya bervariasi banget, jadi mudah bisa transaksi dimana aja. Baguss, semoga kedepannya lebih banyak lagi pilihan bank yang disa digunain",5,2025-11-01 11:41:11
BukuWarung,sippp,5,2025-11-01 01:00:56
BukuWarung,"hp saya siap instal ulang ,,jumlh stok dan barang saya ilang dibuku warunh. help me",4,2025-10-31 23:10:22
BukuWarung,"aplikasi yang lengkap apa aja serba ada,,tambah cuan karna bisa top up dan pembayaran apapun.. pembukuan warung lancar, tambah cuan.. pokonyaa top deh👍👍👍",5,2025-10-31 12:01:12
BukuWarung,"sangat membantu untuk yg punya warung seperti saya dalam mencatat pembukuan,mantap",5,2025-10-31 11:58:12
BukuWarung,"bagus apk nya komplit, gaperlu ribet lagi cukup 1 apk, mantap",5,2025-10-31 08:28:09
BukuWarung,"transaksinya lancar dan cepat, cs sangat responsif jika ada kendala, aplikasi mudah digunakan",5,2025-10-30 22:27:43
BukuWarung,applikasi yang simpel dan mudah banget dipahami. aq yang pengguna baru aja bisa cepet ngerti loo,5,2025-10-30 18:33:09
BukuWarung,"cocok transaksi disini mudah tanpa kartu, apalagi Bukuwarung resmi udah di awasi ojk, cocok buat pedagang umkm seperti saya.",5,2025-10-30 11:50:16
BukuWarung,"Aplikasinya sangat baik dan membantu banget buat aku. Gampang banget dipake terus juga transaksinya lancar, harganya juga sangat terjangkauuu",5,2025-10-30 10:31:21
BukuWarung,Aplikasi bagus untuk pembukuan buku warung emang paling pass lah,5,2025-10-30 09:54:05
BukuWarung,"masih ada gangguan kadang"" ga bisa jaringan nya kurang bagus",3,2025-10-29 11:59:40
BukuWarung,"buat kalian yg msih pake hati2 data hilang. sya kira aman ternyata aman saat awal² aja, hari ini cek banyak data2 yg hilang diupdate data ga kembali. catatan hutang pula yg hilang.",2,2025-10-29 08:01:21
BukuWarung,"Transaksinya lancar dan cepat banget, bahkan saat transfer ke bank lain. Saya baru mulai pakai tapi udah terasa gampang banget, apalagi pendaftarannya aman dan cepat.",5,2025-10-28 20:02:15
BukuWarung,"Pakai BukuWarung bikin catatan usaha jauh lebih mudah. Semua transaksi tercatat rapi, jadi gak pusing lagi ngatur keuangan setiap hari.",5,2025-10-28 14:39:50
BukuWarung,"pendaftarannya gampang banget ngga ribet, pengeluaran pemasukan jadi tercatat rapih fiturnya lengkap banget",5,2025-10-28 14:38:09
BukuWarung,"aflikasinya simple, ringan, dan gampang dipahami — bahkan untuk yang belum terbiasa pakai aplikasi keuangan. Fitur pencatatan transaksi, laporan otomatis, dan pengingat hutang/piutang sangat berguna untuk menjaga arus kas usaha tetap sehat.",5,2025-10-28 14:00:47
BukuWarung,"Aplikasi ini sangat membantu buat saya,,bisa mengatur keluar masuk keungan dan mempermudah untuk transaksi karena bank pilihannya juga banyak",5,2025-10-28 08:47:04
BukuWarung,"Pengeluaran lebih tercatat karena ada fitur laporan keuangan yang detail, semoga kedepannya bisa lebih banyak opsi bank yg bisa dipilih",5,2025-10-28 07:10:30
BukuWarung,"Semoga ke depannya bisa tambah banyak pilihan bank biar makin fleksibel. Tapi sejauh ini udah sangat membantu, apalagi ada laporan keuangannya yang rapi.",5,2025-10-27 19:43:32
BukuWarung,"Saya sangat senang menemukan Buku Warung! Aplikasi ini elegan, mudah digunakan, dan sangat membantu untuk mengelola kasir serta stok dengan cepat.",5,2025-10-27 11:34:42
BukuWarung,"Saya pakai Buku Warung udah beberapa bulan, dan jujur ini ngebantu banget buat usaha kecil. Fitur-fiturnya lengkap tapi tetap gampang dipahami. Gak perlu ribet, tinggal catat dan semua data langsung tersimpan aman.",5,2025-10-26 11:02:25
BukuWarung,"Udah cocok banget pakai aplikasi Buku Warung ini, proses transaksinya lancar dan cepat. pilihan banknya juga banyak banget jadi bisa transaksi kemana aja. pokoknya aplikasinya udan bagus banget dan semoga kedepannya bisa lebih banyak opsi bank yang bisa dipilih",5,2025-10-26 09:37:45
BukuWarung,metode screenshot scrool tidak bisa padahal dulu sangat bisa & mudah... inilah yang menjadi saya Semakin Kurang care sama Aplikasiy.,1,2025-10-25 23:34:53
BukuWarung,"pakai apLikasi iNi Lengkap,berbagai fitur ada.. bagus sekali,,",5,2025-10-25 09:01:27
BukuWarung,"Aplikasi simple banget mudah digunakan,transaksi lebih mudah dan banyak pilihan banknya,semoga kedepan bisa cetak struk saldo akhir pasti makin membantu pedagang kecil seperti saya",5,2025-10-25 08:45:32
BukuWarung,"Mantap aplikasi membantu untuk umkm seperti saya karna menyediakan berbagai layanan PPOB, dan masih banyak lagi",5,2025-10-24 12:29:41
BukuWarung,"Sudah lama pakai BukuWarung, sejauh ini transaksinya selalu cepat dan lancar. Pilihan banknya banyak banget, jadi lebih fleksibel buat kirim atau terima pembayaran dari mana aja. CS-nya juga responsif banget, pernah ada kendala dan langsung dibantu lewat live chat. Aplikasinya simpel dan mudah dipahami, cocok buat yang baru mulai usaha. Fitur laporan keuangannya juga membantu banget buat catat pengeluaran harian.",5,2025-10-24 12:24:26
BukuWarung,"aplikasi nya mudah digunakan untuk pemula, membantu pengusaha umkm yang baru mulai merintis kedepan nya semoga cepat di tingkatkan lagi fitur-fitur nya",5,2025-10-24 11:06:14
BukuWarung,"Sangat membantu buat yang mau bisnis pulsa,token listrik dll. Fitur aplikasi lengkap, bisa transaksi dengan banyak pilihan bank. Ada fitur laporan keuangan jadi bisa pantau pengeluaran dan pemasukan. Kedepannya bisa dikembangkan lebih byk fitur lagi.",5,2025-10-24 10:22:29
BukuWarung,ini saya mau kirim ewalet kok gak bisa ya ? mau komplen ke ca juga gak bisa,1,2025-10-24 07:07:14
BukuWarung,"Udah lumayan lama aku make BukuWarung, alhamdulillah transaksinya selalu lancar dan cepat. Aplikasinya simple, mudah banget dipakai bahkan buat yang baru mulai usaha. Sekarang pengeluaran juga lebih teratur karena ada laporan keuangan yang detail, makasih Buku Warung <3",5,2025-10-23 09:53:50
BukuWarung,"Selama memakai BukuWarung sangat menghemat waktu dan tenaga. Transaksinya lancar dan cepat , Cs nya respontif . Sangat bagus , semoga kedepannya makin banyak fitur baru lagi",5,2025-10-23 09:34:42
BukuWarung,"Transaksinya selalu lancar dan cepat, nggak pernah error. Pilihan banknya juga banyak banget jadi bisa kirim ke mana aja tanpa repot. Suka banget sama fitur laporan keuangannya, jadi lebih gampang ngatur pengeluaran toko.",5,2025-10-23 09:15:01
BukuWarung,"tiap pakai transaksi lancar bisa satset, ditambah aplikasinya juga simpel dan mudah untuk pemula sperti saya.",5,2025-10-23 09:12:57
BukuWarung,"aplikasi simple dan mudah, cocok untuk UMKM seperti saya, CS 24 jam ada fitur live chat sangat membantu.",5,2025-10-22 18:33:48
BukuWarung,"Aplikasi ini secara otomatis menghasilkan laporan keuangan sederhana, termasuk laporan laba rugi, yang membantu pemilik usaha memantau kondisi finansial mereka dengan cepat",4,2025-10-22 18:07:37
BukuWarung,"aplikasinya keren banget, lancar dan mudah digunakan. pilihan banknya juga banyak jadi bisa transaksi kemana saja. pokoknya sejauh ini, ini yang paling keren",5,2025-10-22 15:49:04
BukuWarung,"Bukuwarung mudah dipakai, transaksi cepat, dan banyak pilihan bank. CS selalu siap bantu. Fiturnya simpel dan laporan keuangan jelas. Semoga tambah opsi bank dan fitur cetak struk. Gampang buat top up juga makin suka sama bukuwarung",5,2025-10-22 14:55:07
BukuWarung,kurangin biaya pemotongan cek saldonya dan tarik tunak,4,2025-10-21 16:10:59
BukuWarung,"Awalnya aman ini aplikasi, berminggu-minggu pencatatan pembukuan tidak ada masalah, ketika mau update kembali data pembukuan saya hilang, saya konfirmasi ke cs solusinya hanya verifikasi KTP dan data pembukuan tidak bisa di pulihkan, hemm sia2 pencatatan berminggu-minggu ituuuu",1,2025-10-20 20:26:53
BukuWarung,mengapa ketika login selalu gagal terus.,1,2025-10-20 19:05:22
BukuWarung,"Tadinya sih nyaman pakai BukuWarung, sangat terbantu banget bagisaya yang modal kecil²an. Tapi setelah harus verifikasi, sangat kesulitan banget verifikasinya",2,2025-10-13 19:55:46
BukuWarung,"verifikasinya gagal terus jadi gak biasa top up. maksa banget seh.,??! jadi stop dulu pake buku warung.",1,2025-10-09 18:51:33
BukuWarung,saya baru beli edc walaupun ada kendala dan bisa dibantu dgn cepat saya kasih rate tinggi ini tp kalo. bsok ada kendala ga bisa bantu saya kasih rate jelek biar adil Oke,5,2025-10-08 13:26:47
BukuWarung,makasih untuk selama ini🤧,2,2025-10-07 19:21:36
BukuWarung,aplikasi bikin ribet.. masa wajib beli EDC harganya juga lumayan mahal .. mending uninstall aja lah masih banyak aplikasi yang bagus untuk jualan pulsa,1,2025-10-06 14:39:55
BukuWarung,"saya senang pake aplikasi buku warung fiturnya banyak dan gratis jadi buat kita umkm yg lg merintis bisa dengan mudah menggunakan aplikasi ini tanpa harus bayar saya berharap kedepannya akan lebih baik sukses dan semoga fitur"" nambah dan tetap gratis terima kasih yg sudah buat aplikasi ini sehat selalu...",5,2025-10-06 11:32:00
BukuWarung,sekarang top up harus akun prioritas.. verifikasi selalu gagal.. chat ke CS malah jualan mesin EDC sekarang..,1,2025-10-05 11:51:48
BukuWarung,"min kami parah member jual pulsa kecil""an knpa di persulit hrus aktifkan akun prioritas",2,2025-10-05 01:04:26
BukuWarung,"sudah tidak bisa isi saldo, harus daftar akun prioritas, tambah ribet. padahal kadung nyaman pakai aplikasi ini",1,2025-10-04 17:46:09
BukuWarung,"sudah lumayan lama pakai buku warung, tapi semenjak isi saldo harus verifikasi ini dan itu,dan makin ribet, padahal awalnya sudah verifikasi juga, terpaksa untuk semua transaksi saya hentikan dulu",1,2025-10-04 16:00:56
BukuWarung,selalu terdepan dan paling murah aplikasinya dibanding yg lain,5,2025-10-03 19:14:56
BukuWarung,⭐⭐⭐⭐⭐,5,2025-10-03 19:11:20
BukuWarung,TERBAIK BUAT PELAKU UMKM,5,2025-10-03 19:06:07
BukuWarung,keren,5,2025-10-03 19:01:28
BukuWarung,Mantap. Aplikasi ini cocok untuk UMKM,5,2025-10-03 18:56:19
BukuWarung,Cocok untuk UMKN.. Toko Sembako dan Konter Pulsa,5,2025-10-03 18:52:04
BukuWarung,terbaik,5,2025-10-03 16:04:48
BukuWarung,"tambah rudet mau topup saldo aja harus pake verifikasi toko segala, saya tidak punya toko atau warung. jadi permudah lagi kalo urusan mau topup saldo lagi jangan dibikin ribet.",3,2025-10-02 17:15:32
BukuWarung,"udah diverifikasi premium,minta verifikasi prioritas lagi,mana ribet,mending pindah",1,2025-10-02 08:46:27
BukuWarung,"Baru memakai aplikasi ini bahkan udah langsung daftar premium. kekurangan aplikasi ini, satuan kurang spesifikasi. kalau bisa di tambahkan jgn hanya di cukupkan satu satuan saja, bisa satu, dua atau lebih. sehingga pengguna bisa menjual dengan satuan eceran maupun secara grosir bersamaan. tolong di perbaiki",3,2025-09-30 09:56:46
BukuWarung,Enjoy aja dengan apk buat jualan top..,5,2025-09-30 09:21:24
BukuWarung,"respon nya lambat bgt kalo terjadi, transfer dari pagi sampai sore masih PROSES aja belum berhasil",1,2025-09-29 17:02:47
BukuWarung,"lemot banget pas di pencarian nama pelanggan, lemot lemoooot perbaiki dong",1,2025-09-29 16:46:55
BukuWarung,Admin slow respon,1,2025-02-16 17:53:40
BukuWarung,"Aku udh beli EDC android seharga 2.499 Katanya bisa semua kartu walaupun tanpa chip tapi setelah EDC nya datang aku coba pake karu BRI Simpedes UMI, kartu Indonesia pintar, pkh juga gak bisa edc nya bisa di pake cuma untk ATM yg ada chip. Aku kecewa banget niat beli itu untk usaha menambah pemasukan sekalinya gini, saya tinggal di desa hampri merata warga sini cuma punya kartu yg gak ada chip contoh pkh, kartu Indonesia pintar, kalo khusus untk ATM yg ada chip sangat sedikit, hati2 yg mau beli",1,2025-02-15 23:04:29
BukuWarung,"Makin sini makin buruk ini aplikasi, data sudah dicadangkan ke yang terbaru pas coba log in di hp yang berbeda malah kehapus semua data nya. Aneh ini aplikasi.",1,2025-02-14 16:12:17
BukuWarung,Min untuk bayar cicilan mohon di tambah donk biar bisa bayar mandala fif dll biar komplit satu apps bisa banyak fitur unggulan,5,2025-02-13 23:47:05
BukuWarung,"Buku warung sangat bermanfaat dan menjadi teman usaha saya, semenjak aada buku warung semua urusan jadi mantap ubur-ubur ikan lele mantap lee",5,2025-02-13 00:49:34
BukuWarung,aplikasi brengsek,1,2025-01-10 19:49:10
BukuWarung,Cara edit prodak atau harga bagaimana ?,3,2025-01-10 15:55:18
BukuWarung,"Dulu ga up Prem, skrg knp up dh?",1,2025-01-10 14:31:30
BukuWarung,Iya,5,2025-01-10 00:04:31
BukuWarung,"Ka bagaimana untuk bisa masuk lagi, dengan akun buku warung, untuk yang hp nya hilang sama kartu nya,,",3,2025-01-09 22:35:46
BukuWarung,Tingkatkan pelayanan CS nya...,5,2025-01-09 13:56:42
BukuWarung,"Kenapa jadi loading ya.. padahal dulu2 signal lemot aja bisa buka, sekarang signal full bagus malah susah buka apk nya, kasian konsumen nunggu lama karena loading parah.",2,2025-01-08 10:48:40
BukuWarung,"Apk nya sudah bagus, tapi kalau boleh saran untuk font token listrik huruh angka nya harap di perjelas, ubah font nya lebih jelas aja ya.. terimakasih",3,2025-01-07 17:21:15
BukuWarung,"Tidak bisa update ke versi terbaru di poco m3, bahkan saat dilakukan pencarian BukuWarung di playstore tidak ditemukan, di playst ada tulisan ""Ponsel ini tidak kompatibel...",2,2025-01-06 19:37:39
BukuWarung,CS NYA SLOW RESPON,2,2025-01-06 13:08:01
BukuWarung,Sanagt bermanfaat dengan adanya bukuwarung ini,5,2025-01-05 17:53:31
BukuWarung,Apk susah ubah pin,1,2025-01-05 14:15:17
BukuWarung,Super App. Thanks.,1,2025-01-05 13:39:50
BukuWarung,Apk kok atose nemen,1,2025-01-04 09:46:13
BukuWarung,Ternyata dengan 1 aplikasi bukuwarung lengkap semua fiturnya mantep,5,2025-01-03 23:46:42
BukuWarung,"tolong lah, pembukuan nya makin hari makin lambat, tulis catatan aja langsung forclose apk ny..",4,2025-01-03 17:59:54
BukuWarung,"Tolong di perbaiki, catatan hutang piutang di aplikasi saya sangat kacau. Pencatatan hutang yang sudah terbayarkan kok muncul lagi sebagai hutang belum berbayar sehingga saya harus kembali cek 1 per 1 daftar hutang piutang lagi.",3,2025-01-02 10:49:02
BukuWarung,Malas. G fast respond,3,2025-01-01 15:04:57
BukuWarung,"krn data saya hilang dan tidak bisa saya sinkronkan di dua hp,, ya terpaksa unistal aja...maaf gk recomendet...banyak data catatan² penting hilang...hati2...!!",1,2024-12-31 15:22:42
BukuWarung,Sales ngak tanggung jawab,1,2024-12-31 11:28:17
BukuWarung,Aplikasi yang sangat bagus,5,2024-12-30 18:10:33
BukuWarung,"Aplikasi yang sangat membantu usaha konter saya, terima kasih",5,2024-12-30 16:40:10
BukuWarung,Tolong diperbaiki jumlah stok. Stok barang berubah sendiri jadi kami sulit kontrol stok di aplikasi. Thx,4,2024-12-30 00:44:51
BukuWarung,"Tidak bisa ubah pin, ? Hubungi cs tidak ada solusinya.",1,2024-12-29 21:08:26
BukuWarung,Mantap,4,2024-12-29 20:40:55
BukuWarung,Pengajuan mesin edc susah udh 10x foto spanduk tetap aja di tolak,1,2024-12-29 14:59:18
BukuWarung,"Ketika ada gangguan Lelet penanganan, sales, cs, susah dhubungi",1,2024-12-27 21:54:10
BukuWarung,Sangat membantu dalam hal pembukuan,5,2024-12-27 13:20:43
BukuWarung,MANTAP BETULL,5,2024-12-27 08:59:32
BukuWarung,Sangat terbantu untuk mengkelola keuangan usaha,5,2024-12-25 08:35:40
BukuWarung,"Aplikasi payah, tidak bisa sinkron lagi.",1,2024-12-25 08:33:06
BukuWarung,Aplikasi tiba² nutup sendiri dan tidak bisa di buka lagi dan setiapmemasukkan kode otp setip memasukkan kode terakhir selalu tidak bisa dan kadang² keluar dari aplikasi,3,2024-12-24 16:37:04
BukuWarung,Aplikasi jelek,1,2024-12-22 23:18:03
BukuWarung,Semua data keuangan dan stock barang serta penjualan saya hilang semua..setiap mau sincron data selalu force close aplikasi nya. Hp yg saya pakai bukan hp kelas rendah loh.hampir 10 JT harga hp yg saya pakai.emang dasar aplikasi ini merugikan.,1,2024-12-22 14:02:23
BukuWarung,Menurutku untuk Aplikasi Gratis ini terbaik sih. Sy rada heran yg ngasih ratting jelek knp ya. Memang ada sedikit erorr2 tp ya masih di maklumin. Seperti urutan sesuai Alphabet itu rada2 gak kena.,5,2024-12-21 16:24:04
BukuWarung,GANTI PIN AJA SUSAH BUANGET,1,2024-12-19 21:33:46
BukuWarung,Parah pelayanan csnya no respon,1,2024-12-19 17:16:14
BukuWarung,"Kartu saya hilang dikartu itu terdaftar ny akun saya, apakah bisa login via email",3,2024-12-18 16:05:03
BukuWarung,"Tolong dong saran nya untk mesin EDC yg 600rb bgus gak siii, baru mau beli tp admin nya slow respon",3,2024-12-18 13:02:11
BukuWarung,"Saya kasih bintang 2 dulu aja. Maaf karna saya komplen sudah 3 hari belum juga ada solusi nya..... Tolong dong tanggapan nya, baru mo buka usaha keci2lan eh mala buntung, modal nyangkut 200rb.. Saya iklas ke hilangan uang 200rb di bukuwarung, itung2 saya sedekah, mudah2an usaha saya lancar kedepan nya, untuk bukuwarung buktikan lah tanggung jawabnya, iklan dan postingan yang begitu menjanjikan, bukti nya tidak sama dengan kenyataan nya.",1,2024-12-16 15:31:22
BukuWarung,Nice aplication,5,2024-12-14 11:29:55
BukuWarung,"Apk terlihat profesional dan meyakinkan, tp sayang pelayanan CS nya sangat lambat sekali. sebagai pengguna menjadi kesulitan bila menemui hambatan",1,2024-12-12 19:56:46
BukuWarung,Mantappp,5,2024-12-11 13:13:49
BukuWarung,Udah di coba isi pulsa gagal mulu minta pin udah di masukin gagal terus aplikasi payah,1,2024-12-11 08:01:19
BukuWarung,Jangan diinstal untuk yg baru jualan pulsa..respon admin cs nya lama...,1,2024-12-09 23:13:38
BukuWarung,Bagus transaksi cepat tapi lebih bagus kalau ada scan berkode belanja warung,5,2024-12-08 19:36:00
BukuWarung,👍👍👍,5,2024-12-08 16:50:44
BukuWarung,min...knp di Xiaomi Pad 6 tidak suport? sy butuh untuk Rental PS. tolong di buat agar suport min. Terima Kasih.,5,2024-12-08 08:06:13
BukuWarung,"Sy kurang tau apa perusahaan anda kurang dana atau gimana, entah kenapa fitur2nya ini kurang update. Contoh untuk mencari kata kunci produk. Itu kita harus benar dalam penulisan kata kunci produknya, tidak boleh pakai kata kedua atau ketiga yang ada di data. Itu kan sungguh meropatkan apalagi kalo kita lupa nama full produknya. Tolonglah updatenya yang bagus dong fiturnya. Tambahan lagi, untuk foto pdf/produk yg mau dicatat tolong diperbesar dong, masa cuman secuil gitu fotonya.",3,2024-12-07 17:07:15
BukuWarung,"Tidak bisa upadate data di hp ke dua ,duĺu bisa sekarang jadi kosong pencatatan nya jadi tdk guna lagi",3,2024-12-07 11:22:24
BukuWarung,Respon Cs sangat lambat padahal EDC mau di gunakan katanya aktivasi 2 hari nyata nya nihil,1,2024-12-06 21:04:37
BukuWarung,Cs slow respon parah Masalah transaksi 3 hari ga kelar kelar,1,2024-12-06 19:36:11
BukuWarung,KENAPA KALAU NAMA PELANGGAN PANJANG SINAMANYA JADI TITIK TITIK..... HILANGKAN ANIMASI TRANSAKSI BERHASIL DI CATAT,2,2024-12-06 09:57:35
BukuWarung,"Saya sebenarnya suka dengan app ini, tapi setelah saya login memakai hp lain data transaksi dan stock saya hilang, saya sangat kecewa. Terlebih data itu sangat banyak",1,2024-12-04 18:57:22
BukuWarung,"Slow respon,..Not rekomended",1,2024-12-04 18:31:55
BukuWarung,Udah jalan 4 tahun buat rekap produksi dan penjualan di bidang manufaktur. Good apps no kendala apapun ini👍🏻👍🏻. Semoga makin lengkap lagi kedepannya,5,2024-12-04 08:50:39
BukuWarung,"turun bintang, karna data base barang dan trnsaksi tidak bisa singkron di dua HP seperti dulu, pasti barang dan tansaksi yg ada barangnya tidak muncul di hp yg satu lagi",1,2024-12-03 11:13:44
BukuWarung,"Tampilan pdf nya di perbaiki, tulisan terlalu kecil warna nya juga bikin sakit mata..",3,2024-12-03 01:02:58
BukuWarung,"Mau daftar aja susahnya minta ampun, di DM di tiktok lemot banget balesnya.. unistall aja deh, aplikasi masih bocah",1,2024-12-02 22:05:09
BukuWarung,Aplikasi yang sangat aman karena disini harga koinnya terjangkau,5,2024-12-02 15:50:24
BukuWarung,"Saldo transaksi dr buku warung ke rekening saya belum masuk 1.470.000 tlg lah respon buku warung di cs nya di perbaiki,,,kita jualan untung tipis ,malah kendalanya lama x menemukan solusi.,,,Kalian menjanjikan keamanan.dibuktikan dong",1,2024-12-01 13:07:42
BukuWarung,"Aplikasinya sering macet,tidak rekomend untuk digunakan",1,2024-12-01 13:01:20
BukuWarung,Banyak bug nya. ganti hp baru tp data2 yg di singkrong hilang,1,2024-11-30 16:53:16
BukuWarung,"Sampah Fitur transfer sangat lambat, transfer ke bni masa sudah 13 jam, masih dalam proses terus",1,2024-11-30 08:04:31
BukuWarung,Apk Bagus recommended,5,2024-11-29 12:39:07
BukuWarung,untuk aplikasinya sangat bagus sangat menguntungkan,5,2024-11-29 11:48:40
BukuWarung,👎,1,2024-11-28 21:41:48
BukuWarung,Tidak bisa cari solusi saat ada masalah,1,2024-11-28 11:57:34
BukuWarung,Aku suka aplikasinya. Tpi boleh dong di tambah lagi untuk vitur transaksinya di buat lebih gampang. Contohnya scan barcode barang agar lebih mudah. Soalnya kalau manual lama banget. Terimakasih 🙏🙏,4,2024-11-27 20:37:09
BukuWarung,Tidak ada keuntungan saat transaksi transfer buat kita sebagai pemilik usaha Dan aplikasi terlalu banyak ngambil untung kita deh yang buntung😭😭😭,1,2024-11-26 19:13:19
BukuWarung,"Mau transaksi sruh masukin pin, Udh dmasukin ga bs. Akhirnya pilih mnta kode otp, udh Dikir sm dia kode otpnya tp pas dmasukin muncul tulisan ga bs ganti pin. Chat CS nya, dsruh kirim bukti ga bs nya, lha mau dikirim malah sy nya udh ga bs ngetik apa² lg di tmpat chat CS nya yg td.",1,2024-11-25 20:56:42
BukuWarung,"Aplikasi makin lama makin payah, dulu barang dan catatn transaksi bisa singkron didua perangkat, sekarang singkroninsasi data barangnya antara dua user gak bisa... data barang hanya muncul diperangkat yg menambahkan, jika dilogin menggunakan perangkat lain data barang dan catatan tramsaksi yg menggunakan barang tidak muncul",1,2024-11-23 19:39:02
BukuWarung,"SATU NOMOR 2 HP YANG BERBEDA Mau cerita dikit, saya pengguna apk buku warung sejak lama, masalahnya Hp yang lama saya mau ganti, ketika saya download apk buku warung di Hp baru, data"" Tidak singkron. 1. Hp yang lama belum log out ( data masih aman) 2. Hp yang baru ( Login data tidak sama tidak singkron) Padahal data sebelum nya sudah saya singkron kan terlebih dahulu di Hp yang Lama. Adakah yang punya solusi",2,2024-11-23 07:21:30
BukuWarung,"makin kesini makin lemot dan sering delay pas nyatet laporan keuangan,tolong dong diperbaiki sistemnya",1,2024-11-20 14:38:27
BukuWarung,"+ pengaturan ukuran font di jendela kasir untuk kenyamanan orang tua. Meniadakan kata (wah, kecilik an)",5,2024-11-19 18:20:24
BukuWarung,"Min , Tolong tambahkan menu transfer ke Bank tanpa kartu ATM selain menu bayar",5,2024-11-19 07:38:37
BukuWarung,"Tolong dong diperbaiki terutama untuk Stock,, Disetiap mau penambahan stock baru klik nama barang yg mau ditambah stock tiba2 jumlah stock berubah sendiri jadi malah bikin kacau Laporan Stock & harus selalu mengulang penghitungan sebelum2nya. Untuk lainya masih oke & kalau bisa ditambah fitur Mode Kasir utk Pegawai yg bisa terkoneksi. Terimakasih🙏🏻",3,2024-11-18 19:25:57
BukuWarung,Laporan keuangan saya.. Untuk pemasukkan hilang tapi yang pengeluaran tercatat.... Gimana bisa balikin nya,1,2024-11-18 19:02:57
BukuWarung,"BukuWarung adalah aplikasi keuangan terpadu untuk UMKM yang menyediakan beragam fitur untuk transaksi keuangan, pembayaran, dan pembukuan usaha.",5,2024-11-18 10:24:56
BukuWarung,"Aplikasi ini membantu transfer uang lebih mudah,fitur nya lengkap dan sangat mudah di pahami",5,2024-11-17 11:09:16
BukuWarung,Lumayanlah,4,2024-11-16 22:26:50
BukuWarung,aplikasi apaan...saya sudah lunas transaksi edc...suruh verifikasi poto.sudah 8 kali gagal terus kayanya angus nih uang saya 700 ribuan...,1,2024-11-14 17:11:21
BukuWarung,"Aplikasi paling aman, paling cepat prosesnya dan paling murah, aku da enjoy dengan apk ini top.",5,2024-11-13 19:08:25
BukuWarung,Min tolong ditambahkan tottal barang belanjaan yg keluar dong di notanya,3,2024-11-12 09:18:48
BukuWarung,Aplikasi apa saya mau transaksi pulsa hrus msukan pin,1,2024-11-12 07:36:57
BukuWarung,Pembukuanya jdi eror bikin puyeng kepala asli dah ga balance mulu pikir pikir lagi dah buat yang mao coba dari pada puyeng san jutaan ngitung dari ulang lagi goooks,1,2024-11-12 00:02:17
BukuWarung,"udah terlanjur beli edc , eh edcnya ga bsa buat gesek kartu . csnya bikin istighfar",1,2024-11-11 20:52:38
BukuWarung,Mantul,5,2024-11-11 15:04:40
BukuWarung,"Sudah yg kedua kalinya saya di giniin, transaksi berhasil tapi tidak masuk,, sudah dilaporkan ke CSnya tapi tidak ditindak lanjuti , untungx sedikit sekali hilang yg ada buntung,, mending aplikasi ini di tutup daripada merugikan.",1,2024-11-11 14:29:42
BukuWarung,Apk nya sangat ringan dan sangat terpadu untuk melakukan transaksi,5,2024-11-11 10:38:24
BukuWarung,Perlu tapi jarang dipakai,1,2024-11-09 19:30:02
BukuWarung,"Kalo ditawarinsuruh beli mesin EDC mending mikir mikir lagi deh, harga mesin beli mahal mahal 3,5jt pas sampai ga bisa buat transaksi kartu non chip. . pas dikomplain csnya ga ngenakin ga ngsih solusi . Gajelas",1,2024-11-09 14:22:39
BukuWarung,CS nya subhanallah.. susah banget ya Allah d hubungi. Mana udh terlanjur beli EDC,2,2024-11-08 14:40:30
BukuWarung,"Bukuwarung aplikasi manajemen keuangan yang bagus,fitur nya juga sangat nyaman",5,2024-11-08 12:56:41
BukuWarung,"Sangat membatu buat pembukuan mudah d gunakan jug apknya gampang buat isi pulsa,token dan bayar² .....",5,2024-11-08 10:20:03
BukuWarung,membantu Juragan UMKM Indonesia mengembangkan usaha dan mendapatkan penghasilan tambahan.,5,2024-11-08 09:07:40
BukuWarung,"Bukuwarung adalah aplikasi dengan keungan praktis dan sangat mudah, baguss sekalii 👍👍",5,2024-11-08 09:02:19
BukuWarung,Sangat membantu untuk keperluan di toko sangat recommended,5,2024-11-08 08:18:42
BukuWarung,"Buku warung Emang the best buat buka usaha, Fiturnya Lengkap, Kualitas nya Bagus",5,2024-11-07 17:29:33
BukuWarung,"BukuWarung adalah aplikasi manajemen pinjaman yang sangat praktis. Fitur pembayarannya mudah di akses, jadi memudahkan langsung bayar dari aplikasi",5,2024-11-07 17:23:08
BukuWarung,"Buku warung bikin pencatatan usaha jadi mudah, fitur PPOB-nya membantu pulsa dan yg lainnya plus ada fitur pinjaman juga.pokonya praktis banget!!",5,2024-11-07 14:04:10
BukuWarung,Aplikasi nya mudah di pahami dan sangat membantu banget,5,2024-11-07 02:09:10
BukuWarung,Semenjak ada buku warung transfer uang jadi lebih mudah no ribett,5,2024-11-07 00:07:46
BukuWarung,Aplikasi ini membatu umkm,5,2024-11-06 21:25:23
BukuWarung,BukuWarung bikin transfer uang gampang banget! Ditambah fitur lain yg lengkap. Usaha kecil gue jadi solusi pembayaran tagihan buat pelanggan,5,2024-11-06 17:12:33
BukuWarung,BukuWarung transfer uang lebih gampang,5,2024-11-06 14:29:44
BukuWarung,Adanya fitur ppob aplikasi buku warung ini memudahkan saya buat bisnis pulsa tanpa pusing mikirin modal,5,2024-11-06 11:46:54
BukuWarung,"Awalnya aplikasi ini bagus & akurat, tapi sekarang crash, perhitungan ngacau, masa Rp48juta di tambah 10000 jadi 68juta, sungguh bikin data amburadul, tolong admin di perbaiki ya, semoga bisa akurat lagi",2,2024-11-06 06:46:43
BukuWarung,Si paling simpel,5,2024-11-05 23:51:20
BukuWarung,"Metode pembayaran lengkap bgtt,catatan usaha juga lebih mudah dan jelas..ada fitur pinjaman pulakk..😍😍",5,2024-11-05 18:41:57
BukuWarung,rate dari aku bagus banget apk buka warung fiturnya banyak membantu umkm tq ya,5,2024-11-05 17:52:31
BukuWarung,"EDC saku ini juara banget, transaksi digital jadi gampang parah,tinggal pake hp doang,ga ribet deh!",5,2024-11-05 17:41:41
BukuWarung,"buku warung bikin transfer uang jadi gampang banget!!ditambah fitur lain yang lengkap,terus ada fitur pinjamannya juga. pokonya praktiss!!🤩🤩",5,2024-11-05 15:51:59
BukuWarung,"Buku Warung, Mudah digunakan, bisa transfer uang dengan muda, juga banyak fiturnya si",5,2024-11-05 15:39:59
BukuWarung,Alhamdulillah baru di proses. .. semoga di buku warung jadi jalan usaha ku aamiin,5,2024-11-05 06:54:14
BukuWarung,"aplikasi nya bagus,limitnya juga gede enak buat pinjaman,bunganya juga kecil jadi saling menguntungkan,cobain download aplikasi nya bagus",5,2024-11-05 03:01:35
BukuWarung,"Kayak makin gak jelas ni apk Masalah transaksi yg maw di krim WA gak sesuai dengan asli, Tambah lagi no pelanggan yg di simpan hilang semua Apk gak berguna",1,2024-11-04 21:31:36
BukuWarung,"pembayaran nya mudah, dapat dibuat catatan keuangan di aplikasi nya supaya mudah, terbaik",5,2024-11-03 16:36:57
BukuWarung,"aplikasi digital terbaik, mudah banget dipakai fiturnya, kalau mau jual/beli juga gampang",5,2024-11-03 16:28:01
BukuWarung,"kerja di gudang distributor fnb, enak pake ini bisa nyatet penjualan yg bisa dipantau sama banyak orang dgn aplikasi, ada sistem dengan edc juga",5,2024-11-03 16:06:04
BukuWarung,"Saya selalu beli token Pulsa di BukuWarung karena harganya paling murah , aman dan terpercaya. Recomended sih ini",5,2024-11-03 15:45:48
BukuWarung,"Cocok banget buat usaha sampingan, bisa beli pulsa bayar listrik dll, harga bersaing dan pendaftaran super mudah. Untung udah download dan pake, rekomended sih tanpa kendala.",5,2024-11-03 15:22:09
BukuWarung,"Saat login di hp baru ,ternyata semua catatan hilang pdhl sudah dipulihkan data berkali2. Masa saya harus nulis semua transaksi dan katalog barang ratusan pcs lagi secara manual . aplikasi ga guna",1,2024-11-03 15:19:05
BukuWarung,"Transaksi di BukuWarung pasti aman dan terpercaya, fitur PPOB nya mantap, buat top up pulsa,token,bpjs maupun voucher game cepet masuknya, daftarnya pun ga ribett",5,2024-11-03 15:05:09
BukuWarung,"aplikasiii mantapp polll, truss membantuu bangettt. buruannn cobain deh",5,2024-11-03 13:10:42
BukuWarung,JOKOFIRMANSAH jokofirmansah 🙂,5,2024-11-03 00:39:51
BukuWarung,Mempermudah pembukuan warung sendiri tanpa takut hilang,5,2024-11-02 23:29:41
BukuWarung,manatap nih pokonya manatap bget,5,2024-11-02 23:00:44
BukuWarung,"Apk yg bagus buat toko toko kecil yg merintis, metode pembayarannya jg lengkap.. transfer uang juga jdi lebih gampng",5,2024-11-02 19:25:47
BukuWarung,"Usaha UMKM ku jadi makin mudah pencatatan keuangan nya pake buku warung ini, nambah jualan token karna disini paling murah harganya",5,2024-11-02 13:22:05
BukuWarung,Usaha yang bisa dikerjakan di rumah cocok banget ini mah. Fitur lengkap jadi ngga usah bingung lagi mau usaha apa. Semua pembayaran ada di satu aplikasi. Keren dah ...,5,2024-11-02 13:16:35
BukuWarung,Sangat membantu,5,2024-11-01 14:06:55
BukuWarung,"Buku warung mempermudah transaksi pembelian token dan kirim uang, aplikasi yang sangat bermanfaat dan sangat bagus menunjang UMKM di Indonesia",5,2024-11-01 13:52:23
BukuWarung,"Transfer uang jauh lebih mudah, cepat dan hemat. Bisa merekap hasil penjualan dengan mudah. Dengan 1 handphone bisa untuk semua transaksi dengan gampang.",5,2024-11-01 13:11:57
BukuWarung,Mantap,5,2024-11-01 12:06:39
BukuWarung,"BukuWarung ini jadi aplikasi manajemen keuangan yang praktis banget. Fitur pembayarannya mudah buat diakses, jadi gampang kalo mau bayar langsung dari aplikasi. PPOB-nya juga lengkap, bisa bayar listrik, BPJS, sampe pulsa juga ada. Ga lupa juga fitur EDC saku yang bikin transaksi digital jadi tambah gampang. Pokoknya ini aplikasi lengkap dan mantap banget deh",5,2024-11-01 11:07:24
BukuWarung,"Buku warung untuk usaha kecil"" an kaya gini buat bikin catatan jd mudah gk sulit lagi. Fitur PPOB juga sangat membantu kita jualan pulsa dan yg lain. Dan juga ada fitur pinjaman nya jd buat yg kurang modal bisa kita ambil, pokoknya the best lah",5,2024-11-01 10:32:37
BukuWarung,"Aplikasi Bukuwarung sangat membantu untuk pencatatan transaksi keuangan, dan menjadi solusi untuk para pedagang umkm. Selain itu EDC saku nya juara banget, transaksi digital jadi gampang dan praktis.",5,2024-11-01 10:14:58
BukuWarung,Apknya sangat membantu transaksi aman rekomendasi,5,2024-11-01 08:39:07
BukuWarung,"ESC Saku ini juara , pembayaran digital sangat mudah tidak usah ribet ribet",5,2024-10-31 22:49:12
BukuWarung,"buku warung bikin transfer uang jadi lancar banget, pencatatan usaha juga jadi gampang, plus edc sakunya juara",5,2024-10-31 22:36:45
BukuWarung,"Sumpah si aplikasi nya bagus banget , bermanfaat banget bisa buat pembayaran ini itu , sumpah yang belum download harus download si , bagus banget sangat sangat bermanfaat",5,2024-10-31 22:34:29
BukuWarung,Buku warung memang mantap 😘 bagus banget,5,2024-10-31 22:12:27
BukuWarung,Rekomen banget,5,2024-10-31 15:11:39
BukuWarung,"Aplikasi yg mempermudah dalam bertransaksi. Ga ribet sat set beres sat set beress, dan juga ga bingung pilih metode, karna bnyk pilihan yg disediakan. Anti ribet ribet klub. Semoga kedepan makin bagus nih apk.",4,2024-10-31 14:06:57
BukuWarung,"Aplikasi yang sangat membantu UMKM, simple namun sangat berguna",5,2024-10-31 11:48:04
BukuWarung,BukuWarung aplikasi yang mempermudah transaksi sangat membantu buat usaha UMKM,5,2024-10-31 10:14:56
BukuWarung,"Dengan adanya buku warung pembayaran dan pencatatan jadi lebih mudah, ditambah dengan fitur nya yang sangat lengkap👍",5,2024-10-31 09:13:25
BukuWarung,Buka warung sangat membantu transaksi saya... UMKM saya jadi lebih maju dan keren,5,2024-10-31 05:52:59
BukuWarung,Mantulll,5,2024-10-31 03:35:28
BukuWarung,Bagus,5,2024-10-31 01:03:24
BukuWarung,APLIKASI SANGAT BAGUS BANYAK FITUR DAN MUDAH DI GUNAKAN JUGA MANTAP DEH POKOKNYA,5,2024-10-30 22:52:59
BukuWarung,"Penggunaan fiturnya mudah digunakan,EDC nya buku warung juga juara deh mudah digunakan dan dimengerti",5,2024-10-30 22:49:49
BukuWarung,Aplikasi ini sangat rekomendasi banget buat yang mau bikin catatan usaha apk nya mudah dan gampang sekali,5,2024-10-30 11:23:09
BukuWarung,Udah 5 hari ga bisa bayar pake bca,3,2024-10-30 07:03:09
BukuWarung,Aplikasinya eror tiba tiba hilang semua catatannya,1,2024-10-29 19:56:37
BukuWarung,apk ini sangat membantu sy se hari hari terimakasih,5,2024-10-29 16:45:10
BukuWarung,"rekomendasi banget ngelola bisnis disini, ga bikin kecewa wajib bintang 5 🤩",5,2024-10-29 15:51:49
BukuWarung,"Bukuwarung aplikasi jual beli token atau sesuatu dengan cepat dan nyaman,ayo buruan dowload sekarang juga",5,2024-10-29 14:03:02
BukuWarung,Nah. Ini simple abiss. Ngebantu kita ngebuat tabel perbukuan usaha dengan gampang. Mantap,5,2024-10-29 13:56:13
BukuWarung,"Hati"" Dengan buku warung , klaim pengembalian uang di buku baru kurang fleksibel terlalu lama prosesnya dan ribet",1,2024-10-29 12:34:00
BukuWarung,Aplikasi ini sangat rekomendasi saat digunakan banyak fitur yang simple dan mudah,5,2024-10-29 07:02:31
BukuWarung,Sangat amanah dan terpercaya semoga jaya selalu,5,2024-10-28 21:35:43
BukuWarung,Kacau,2,2024-10-28 19:41:19
BukuWarung,Bukuwarung nih aplikasi yang paling tepat buat yang mau nyatet pencatatan usaha. Emang paling mantull,5,2024-10-28 17:38:39
BukuWarung,"rekomen bangett, fitur aplikasinya juga oke dan baguss",5,2024-10-28 17:31:28
BukuWarung,"Apk serba guna ,bisa buat usaha trnsfer antar rekening top up game jg ada",5,2024-10-28 14:19:57
BukuWarung,"Aplikasi ini adalah solusi lengkap untuk mengelola keuangan usaha, termasuk pembayaran tagihan.",5,2024-10-27 21:27:42
BukuWarung,"Fitur di aplikasi BukuWarung bener bener lengkap banget sih, harganya murah murah banget loh, ini sangat membantu saya dalam berbisnis usaha kecil kayak Jual pulsa dan token listrik, Mantap banget sih Aplikasi BukuWarung",5,2024-10-27 14:42:14
BukuWarung,Aplikasi mudah dalam bertransaksi dan juga aman di gunakan. Saldo di jamin aman.,5,2024-10-27 14:40:31
BukuWarung,Belum tersedia di IMIN M2 max dan IMIN D2,4,2024-10-27 14:12:39
BukuWarung,"Aplikasi yang sangat membantu! Sebagai pemilik usaha kecil, BukuWarung memudahkan saya mencatat transaksi harian dan memantau arus kas dengan cepat dan efisien. Sangat praktis bagi pelaku UMKM",5,2024-10-27 11:51:59
BukuWarung,"Bikin pencatatan usaha jadi lebih mudah, gak ribet mau bayar ini itu gampang dan cepet. Beli token listrik disini lebih murah harga nya dari pada yang lain.",5,2024-10-26 22:41:29
BukuWarung,"Sangat terbantu dengan aplikasi buku warung ini,,,ngga bingung lg catatan hilang atopun sobek krn udah ada aplikasi yg recom bgt,,,",5,2024-10-26 16:56:05
BukuWarung,"Aplikasi yang cocok bgt buat pemula bisnis, harganya yang murah dan terjangkau jadi bisa di jual lagi. pembukuannya pun tertata rapi dan lagi metode pembayarannya juga lengkap bgt jadi ngga ribet dehh. Suka bgt pokoknya",5,2024-10-26 14:20:52
BukuWarung,Apk yang sangat bermanfaat Utk pencatatan usaha. Fiturnya banyak. Dan mudah di pahami,5,2024-10-26 14:08:01
BukuWarung,"Rekomend banget buat yang lagi buka warung buat nambah penghasilan dari token listrik,isi pulsa,dll Pokoknya rekomend banget deh",5,2024-10-26 13:05:12
BukuWarung,"rekomendasi banget buat yang butuh solusi untuk UMKM, pembayaran maupun pencatatan bisa jadi mudah dan gampang, transaksi aman dan transfer jadi mudah karena g perlu keluar rumah.. top banget dah",5,2024-10-26 12:54:48
BukuWarung,"Padahal bagus, tapi jadi banyak bug . Setiap mau update stok selalu close sendiri .",2,2024-10-26 08:12:52
BukuWarung,Semua data hilang tiba tiba,1,2024-10-25 15:15:04
BukuWarung,"Bau baunya aplikasi modelan scam gitu, ya? Serem banget. Fiturnya nggak sempurna, transaksi nggak bisa, saldo ngendap, entah bisa balik apa nggak? Yang kasih rating malah buzzer 💀💀💀",1,2024-10-24 15:39:14
BukuWarung,"BukuWarung bikin pencatatan usaha jadi mudah. Fitur PPOB-nya membantu jualan pulsa dan lainnya. Plus, ada fitur pinjaman juga. praktis bangett jadinya!",5,2024-10-24 00:04:56
BukuWarung,"Gokil banget sih, pake BukuWarung semua catatan keuangan jadi rapi! Ga perlu ribet lagi pake buku catetan manual, tinggal input di aplikasi langsung beres. Fiturnya lengkap, mulai dari laporan keuangan, catat utang piutang, sampe reminder jatuh tempo. Wajib punya buat yang punya bisnis biar gak boncos!",5,2024-10-23 20:22:46
BukuWarung,"Respon CS tlong agak cepat dong Lelet banget, Bkn ny slesai malah ngulang lg laporan ny",2,2024-10-23 18:15:01
BukuWarung,Setelah update nama usaha udah gk bisa dihapus,5,2024-10-23 14:55:50
BukuWarung,"Dengan adanya aplikasi ini membantu UMKM. Usaha jadi makin lancar menggunakan aplikasi ini, transfer uang juga lancar banget dan pllihan metode pembayaran lengkap, emang mantap banget BukuWarung.",5,2024-10-23 13:42:23
BukuWarung,Buku warung sangat memudahkan untuk transaksi jadi aman dan cepat cocok untuk para UMKM keamanan data juga terjamin,5,2024-10-23 12:13:41
BukuWarung,"Transaksi sangat aman, cepat dan mudah! Transfer uang ga perlu keluar rumah hanya buka Buku Warung aja, metode pembayaran juga sangat lengkapp",5,2024-10-23 12:12:22
BukuWarung,fiturnya lengkap banget dan harganya juga murah bisa dijual lagi metode pembayaran juga lengkap mantap ga nyesel downloadnya,5,2024-10-23 12:11:55
BukuWarung,"Aplikasi yang sangat bermanfaat, tersedia fitur beli banyak dan harganya murah, bisa di jual kembali cocok untuk UMKM",5,2024-10-23 11:57:02
BukuWarung,"Sejak pke inii catatan keuanganku rinci dan lebih gmpng diatur, bisa ngatur keuangan untuk ini itu, jual beli pulsa juga gampangg, ayoo buruan download",5,2024-10-23 11:47:38
BukuWarung,"aplikasi cocok untuk UMKM,tersedia banyak fitur beli,dan keamanan data terjamin",5,2024-10-23 11:46:44
BukuWarung,"bagus banget buku warung sangat membantu, harga murah jadi bisa dijual lagi. transaksi cepet, metode pembayaran banyak, cs nya juga ramah",5,2024-10-23 11:45:28
BukuWarung,"Keren bgt deh aplikasinya, jarang bgt gangguan trus transaksinya juga cepet,aman pulakk. Cs nya juga ramah bgt woww",5,2024-10-23 11:25:26
BukuWarung,"Solusi buat ladang cari cuan.Transfer uang lancar banget pakai BukuWarung. Pilihan metode pembayaran lengkap, usahaku makin maju.yang pastinya keamanan terjamin.",5,2024-10-23 11:15:01
BukuWarung,Sangat membantu saya sebagai pelaku UMKM dalam menjalankan usaha saya. 😗,5,2024-10-23 10:58:31
BukuWarung,buku warung cocok banget buat umkm pemula karna harganya terjanhkau dan aman untuk di jual kembali👍🏻,5,2024-10-23 10:56:58
BukuWarung,"Cocok untuk pelaku UMKM seperti saya, sangat membantu dalam pekerjaan sehari hari saya",5,2024-10-23 10:54:42
BukuWarung,BukuWarung bikin pencatatan usaha jadi mudah. Fitur belinya didalamnya juga banyak. Cocok banget buat pelaku UMKM seperti saya ini. Pada saat proses transaksi juga cepet,5,2024-10-23 10:54:27
BukuWarung,Metode pembayaran lengkap penggunaan nya juga sangat mudah sekali prosesnya juga cepet🤩,5,2024-10-23 10:54:12
BukuWarung,"BukuWarung bisa buat transfer uang jadi gampang banget , udah gitu banyak fitur lain yang lengkap , buat UMKM juga murah dan bisa dijual lagi",5,2024-10-23 10:51:06
BukuWarung,"metode pembayaran sangat lengkap, cocok sekali buat UMKM macam saya",5,2024-10-23 10:47:19
BukuWarung,"apliaksi sangat bagus,harga sangat murah ,bisa di jual kembali,sangat cocok untuk UMKM,produk sangat lengkap,CS sangat ramah,jarang gangguan keamanan data terjamin,dan metode pembayaran sangat lengkap",5,2024-10-23 10:41:44
BukuWarung,Aplikasi nya bagus banget memudahkan transaksi dan juga jarang sekali ada gangguan nya.. Mantap pokok nya,5,2024-10-23 10:40:25
BukuWarung,Data pembukuan hilang semua! Yang bener aja woy! Data penting itu! Hub cs jg ga ada respon. Tutup aja nih aplikasi👎,1,2024-10-22 08:41:11
BukuWarung,Perbaikan systemnya lambat sekali,1,2024-10-22 02:14:05
BukuWarung,Saya lupa pin tetapi saya tidak bisa ganti pin gimana solusi nya,5,2024-10-21 12:29:43
BukuWarung,Ok,5,2024-10-20 13:18:51
BukuWarung,"Tolong tim BW kenapa aplikasi crash terus kalau mau simpan & sinkron, tidak bisa sinkron kalau login di hp lain, padahal udah versi terbaru. Takutnya semua data base hilang semua. Mohon segera diperbaiki 🙏",2,2024-10-19 16:18:24
BukuWarung,Aplikasi babi di update malah ga bisa dipake,1,2024-10-19 11:43:51
BukuWarung,Gan ni kenapa aplikasinya tidak bisa di unduh katanya TDK kompatibel tlng dong di perbaiki,1,2024-10-19 00:34:33
BukuWarung,Bagus tapi jadi loading,5,2024-10-18 18:01:34
BukuWarung,Gk jelas,1,2024-10-18 08:31:41
BukuWarung,"Apk gak jelas, saldo ngendap, pin benar tapi salah terus ketika masuk. Transaksi butuh pin. Padahal masukan pin benar. Tolong perbaikin bug nya. Saldo saya ngedap soalnya.",1,2024-10-17 23:08:10
BukuWarung,Bagus,5,2024-10-16 07:56:56
BukuWarung,"Tolong diperbaiki, setelah diupdate aplikasi tidak bisa dibuka. Tolong diperbaiki",1,2024-10-16 07:22:23
BukuWarung,"Aplikasi nya tidak bekerja, log out terus",1,2024-10-15 16:27:57
BukuWarung,Gimana caranya beli mesinnya,1,2024-10-15 06:40:20
BukuWarung,Jika ad kendala transaksi tidak sigap melayani keluhannya agen. Cs slow respon bahkan tidak membalas sm skali.,1,2024-10-14 18:55:10
BukuWarung,"Sewa mesin edc, setelah masa sewa selesai karena kabel charger yg di kembalikan tidak original kena potongan 200 rb , biaya terlalu mahal hanya karena kabel charger sampai kena potongan 200 rb",1,2024-10-14 10:50:14
BukuWarung,Aplikasi ini mempermudah pengelolaan keuangan UMKM. Transfer uang cepat dan PPOB sangat lengkap.,5,2024-10-11 22:14:12
BukuWarung,BukuWarung mempermudah UMKM dalam mengelola keuangan. Transfer uang dan PPOB-nya sangat praktis.,5,2024-10-11 21:06:20
BukuWarung,BukuWarung membuat keuangan UMKM lebih teratur. Fitur transfer uang dan PPOB sangat bermanfaat.,5,2024-10-11 20:38:16
BukuWarung,BukuWarung sangat membantu dalam hal keuangan usaha kecil. Transfer uang cepat dan PPOB-nya lengkap.,5,2024-10-11 19:32:05
BukuWarung,Aplikasi yang memudahkan UMKM. Transfer uang cepat dan PPOB sangat lengkap!,5,2024-10-11 19:09:34
BukuWarung,Transfer uang dan PPOB di BukuWarung sangat bermanfaat untuk usaha kecil. Semua transaksi bisa di atur dengan mudah.,5,2024-10-11 18:49:07
BukuWarung,"aplikasi ini membantu UMKM dalam mengelola keuangan sehari-hari. Transfer uang cepat, PPOB lengkap!",5,2024-10-11 16:05:12
BukuWarung,"CS buku warung sudah mati semua, buku warung semakin buruk saat ini.",1,2024-10-11 09:35:28
BukuWarung,keren,5,2024-10-10 16:26:03
BukuWarung,Keren,5,2024-10-10 14:11:45
BukuWarung,"Aplikasi ini Menurut saya Termasuk aplikasi terbaik, Tapi sayang jika transaksi di tengah malam proses transaksi lambat kirim jam 2 malam masuk jam 5 pagi. Apa system onfiline atau bagaimana?",1,2024-10-10 12:13:38
BukuWarung,Krennnn bangettt boskuu👍👍👍👍👍😘😘😘⭐⭐⭐⭐⭐⭐,5,2024-10-09 23:03:15
BukuWarung,"Apk sialan... Udah 3 hari ga bisa dibuka, padahal catatan tentang utang piutang ada didalam .... Uninstal 🤬",1,2024-10-09 14:37:13
BukuWarung,Eror sekrang,3,2024-10-08 20:45:01
BukuWarung,"Transfer uang pakai BukuWarung gampang banget! PPOB-nya lengkap, usaha kecil gue jadi makin lengkap dengan layanan pembayaran tagihan.",5,2024-10-08 20:36:23
BukuWarung,"Fitur transfer uang BukuWarung simpel dan cepat. PPOB lengkap, usaha gue bisa melayani pelanggan yang mau beli pulsa dan bayar listrik.",5,2024-10-08 18:19:07
BukuWarung,Assalamu alaikum Saya ingin bertanya saya sudah beli pesan mesin EDC di buku warung dan saya sudah bayar.. yang ingin saya tanyakan apa harus melakukan verifikasi toko dulu kemudian mesin EDC di kirim ke konsumen?,3,2024-10-08 18:00:14
BukuWarung,"Aplikasi pembukuan mantap, tapi kok versi web nya di komputer ga bisa diakses ya?",5,2024-10-08 14:34:12
BukuWarung,Sangat membantu,5,2024-10-08 10:10:09
BukuWarung,Aplikasi t41 !!!!!!!!!!!!! Setiap penambahan stok selalu layar putih parahhhhhh!!!!!!! Pengguna baru jangan download aplikasi ini pasti kecewa!!!!!,1,2024-10-07 19:29:25
BukuWarung,Min tambahin fitur Bayar tagihan cicilan FIF finance,5,2024-10-07 19:14:26
BukuWarung,"EDC Android di BukuWarung bikin semua transaksi digital jadi lebih gampang. Usaha kecil gue bisa terima pembayaran langsung dari HP, nggak ribet bawa alat tambahan.",5,2024-10-07 16:06:13
BukuWarung,Masyallah bagus banget untuk mengembangkan usaha usah,5,2024-10-07 16:02:44
BukuWarung,"EDC Android praktis banget! Semua pembayaran digital diterima langsung dari HP, usaha kecil gue sekarang lancar jaya. Nggak perlu lagi alat tambahan buat transaksi.",5,2024-10-07 16:00:45
BukuWarung,"EDC di BukuWarung bikin usaha kecil gue lebih modern dan efisien. terima pembayaran digital tinggal dari hp aja, ga perlu repot bawa alat tambahan.",5,2024-10-07 15:49:10
BukuWarung,"Pakai BukuWarung, transfer uang jadi gampang banget. PPOB lengkap, usaha gue makin lancar karena bisa bantu pelanggan beli pulsa dan bayar listrik.",5,2024-10-07 15:13:17
BukuWarung,"EDC saku bikin usaha kecil gue lebih lancar, semua transaksi digital diterima langsung dari hp,jadi GK perlu alat tambahan, usaha gue sekarang lebih praktis.",5,2024-10-07 14:24:04
BukuWarung,"Transfer uang lancar banget pakai BukuWarung. PPOB-nya lengkap, usaha gue makin lancar karena bisa melayani pembayaran tagihan pelanggan.",5,2024-10-07 14:03:17
BukuWarung,"EDC saku ini beneran life saver buat usaha kecil gue. Semua transaksi digital di terima dari hp aja, tanpa alat tambahan. Usaha jadi lebih efisien dan lancar.",5,2024-10-07 13:49:17
BukuWarung,"Transfer uang cepat dan aman dengan BukuWarung. PPOB lengkap, usaha gue jadi bisa bantu pelanggan bayar tagihan dan beli pulsa.",5,2024-10-07 13:31:59
BukuWarung,"Pakain BukuWarung, transfer uang jadi simple banget. Fitur PPOB-nya juga memudahkan gue buat jualan pulsa dan bayar tagihan. Usaha makin lancar!",5,2024-10-07 13:27:25
BukuWarung,"EDC saku di BukuWarung beneran ngebantu banget buat usaha kecil kayak gue. Semua transaksi digital diterima langsung dari HP, jadi nggak perlu alat tambahan lagi. Sangat praktis!",5,2024-10-07 13:15:20
BukuWarung,"EDC Android praktis banget! Sernua pembayaran digital diterima dari HP aja, usaha kecil gue lancar banget sekarang. Nggak ada lagi ribet bawa alat tambahan buat transaksi.",5,2024-10-07 12:46:17
BukuWarung,"Transfer uang lancar banget dengan BukuWarung. PPOB lengkap, usaha gue sekarang jadi tempat favorit pelanggan buat bayar tagihan dan beli pulsa.",5,2024-10-07 12:40:35
BukuWarung,"EDC saku ini beneran solusi buat UMKM kayak gue. Terima pembayaran digital tinggal lewat HP, usaha kecil gue lancar banget tanpa alat tambahan. Beneran praktis dan efisien!",5,2024-10-07 12:34:37
BukuWarung,"EDC Android di BukuWarung bikin usaha kecil gue lebih gampang dikelola. Bayar-bayar digital bisa diterima dari HP, jadi nggak ribet lagi sama alat tambahan. Simpel dan praktis banget!",5,2024-10-07 12:34:21
BukuWarung,"Fitur transfer uang BukuWarung lancar, cepat, dan aman. PPOB-nya lengkap, usaha kecil gue jadi lebih lengkap dengan jualan pulsa dan bayar tagihan.",5,2024-10-07 12:33:02
BukuWarung,"Fitur transfer uang BukuWarung cepat dan simpel. PPOB lengkap, usaha kecil gue sekarang jadi tempat andalan pelanggan buat bayar tagihan",5,2024-10-07 12:30:09
BukuWarung,"BukuWarung bikin transfer uang jadi lebih gampang. PPOB lengkap, usaha gue sekarang bisa bantu pelanggan bayar tagihan dan beli pulsa dengan mudah.",5,2024-10-07 12:26:48
BukuWarung,"Dengan BukuWarung, transfer uang jadi lebih mudah. PPOB lengkap, jadi pelanggan bisa beli pulsa dan bayar tagihan di tempat usaha kecil gue.",5,2024-10-07 12:21:54
BukuWarung,"Pakai EDC saku di BukuWarung bikin hidup jadi lebih gampang. Semua pembayaran digital bisa diterima lewat HP, nggak perlu alat tambahan. Usaha kecil gue jadi lebih lancar dan praktis.",5,2024-10-07 12:17:56
BukuWarung,"Pakai BukuWarung, transfer uang jadi praktis dan cepat. PPOB lengkap, usaha kecil gue jadi lebih lengkap karena bisa jualan pulsa dan bantu bayar tagihan.",5,2024-10-07 12:16:01
BukuWarung,"EDC saku ini solusi praktis buat UMKM kayak gue. Transaksi digital jadi super gampang, cukup dari hp. Ga perlu lg mikirin alat tambahan, usaha kecil gue lancar jaya skrg",5,2024-10-07 12:08:26
BukuWarung,aplikasi tdk berguna,1,2024-10-07 09:44:38
BukuWarung,"tiba tiba log out sendiri, pas log in lagi data 2024 semua ilang :) cs gaada respon sama sekali",1,2024-10-07 08:01:19
BukuWarung,"Ini kenapa ya setelah update aplikasinya, kok gak bs diunduh laporan keuangannya. Tulisannya ""report service is not available"". Mohon diperbaiki dong. Fitur laporan bs diunduh jd pdf dan Excel kan penting banget.",3,2024-10-07 07:31:56
BukuWarung,Sangat membantu sekali 👍👍,5,2024-10-06 23:56:51
BukuWarung,"kritik soal tampilan informasi di laporan pelanggan dalam bentuk word, saat kita masuk ke menu utang untuk cek transaksi yg sudah tercatat. jadi menurut saya kekurangannya yaitu tidak tersedianya informasi sisa utang saat kita mencatat manual utang terbayar. saya harap selain ""No, tanggal, catatan, terima, dan berikan"" baiknya ditambahkan informasi kolom sisa utang di tiap transaksi atau setidaknya di setiap kita mencatat uang diterima, begitu menurut saya, sekian terima kasih.",5,2024-10-06 21:45:03
BukuWarung,Gimana ini pembukuan ga sinkron udah masukan harga produk tapi tetap aja harganya Rp 1. Payah,1,2024-10-06 19:35:10
BukuWarung,Oppo A57 tidak bisa instal,1,2024-10-06 13:02:28
BukuWarung,Bintang 1 dulu lah soalnya respon dari CSnya tidak gerak cepat.hampir aja kemarin saldonya hangus gara² lupa pin. Chat CSnya 2 hari ngga ada respon😴,1,2024-10-06 08:59:19
BukuWarung,"Aplikasi BukuWarung memudahkan pencatatan transaksi usaha. Semua tercatat otomatis, PPOB lancar, dan ada pinjaman buat modal tambahan.",5,2024-10-05 16:51:48
BukuWarung,"BukuWarung bikin pencatatan usaha jadi lebih praktis. Fitur PPOB lancar, ada pinjaman juga buat tambahan modal. Solusi lengkap buat UMKM....",5,2024-10-05 16:04:27
BukuWarung,"Buku Warung bikin usaha kecil saya lebih lancar. Semua transaksi tercatat otomatis, jual PPOB gampang, dan ada pinjaman kalau butuh modal.",5,2024-10-05 15:12:42
BukuWarung,Sangat membantu umkm,5,2024-10-04 12:11:38
BukuWarung,"Please ini gak bisa dipake padahal udah isi saldo,gak pernah bikin pin tiba2 dimintain pin saat transaksi,kmrn kemarin Masi bisa, gimana ini,ngendap saldoku,kontek cs blm ada tanggapan sampai sekarang",1,2024-10-04 10:13:27
BukuWarung,Aplikasi ini bagusnya cuman dulu skrng bikin QRIS di persulit aneh banget,1,2024-10-04 08:42:47
BukuWarung,"Paling kecewa , soal nya setiap ada masalah di aplikasi tidak pernah ada solusi yg di beri dari pihak buku warung 😭😭😭😭😭😭😭😭",1,2024-10-03 20:06:07
BukuWarung,Aplikasi sampahhh.... Dan yg kasih bintang 5 bener² bodoh. Apakah mereka buta jika aplikasi ini tdk bisa backup data² pengguna,1,2024-10-03 06:48:48
BukuWarung,"Maaf Bintang Satunya Sekarang Aplikasi BukuWarung Sudah Tidak Kompetibel Dengan Device Realme 5 Pro, Semua Catatan Saya Hilang 😭",1,2024-10-03 05:35:03
BukuWarung,"Aplx parah bgt,udah topup uang 100.000 nh giliran mau isi pulsa katanya masukin pin.udah masukiin pin katanya sala pin. Saya mencoba untuk menganti/mengubah pin namun gagal terus n gak bisa ganti pin....menyesal ahhh",1,2024-10-02 18:03:39
BukuWarung,Apakah mode kasir nya tidak bisa scan barcode,2,2024-10-02 12:06:41
BukuWarung,Halaman saldo bonus eror,1,2024-09-30 19:09:29
BukuWarung,Okkjk,4,2024-09-30 12:35:38
BukuWarung,apk jadi lemot banget sekarang,1,2024-09-28 10:53:41
BukuWarung,Sangat mengecewakan masa gak bisa transaksi udah 24 jam nih,1,2024-09-27 22:19:52
BukuWarung,"PERHATIAN PERHATIAN JANGAN PAKE APLIKASI SAMPAH INI,,,HUB CS ,respon lelet SAYA LUPA PIN AJA PERSYARATANNYA KAYA MAU NGUTANG PINJOL JIRRR,SURUH SELFIE PAKE KTP GILA KALI ,GW IKLASIN TUH SALDO NGGA AKAN PAKE INI APLIKASI SAMPAH",1,2024-09-27 16:27:43
BukuWarung,Install ulang di hp lain koq data transaksi hilang ya..g ikut penyimpanan..bisa di bantu..?,4,2024-09-27 07:25:15
BukuWarung,Warung Grab,4,2024-09-27 01:36:36
BukuWarung,Persyaratan pinjaman super ribed,1,2024-09-26 13:32:27
BukuWarung,tolong kalo bisa buku utangnya bisa di print semua total utangnya kaya bon belanjaan kan lebih jelas .jgn cuma totalnya aja .di pdf gak semua pelanggan bisa bukak pdf .trimakasih,5,2024-09-25 21:19:02
BukuWarung,Kenapa katanya otp terkirim tp gk kuluar otp nya? Sudah banyak kali untuk mendaftar masuk di apknya nya buku warung tp tetap gk bisa,1,2024-09-25 20:29:09
BukuWarung,Tolong di perbaiki lagi ya loading data kalo mau pindah hp lama banget dan tiba tiba close sendiri,1,2024-09-25 15:55:48
BukuWarung,Awalnya trouble tiba-tiba saldo hilang 200.000 menghubungi CS berkali-kali gak ada balasan...,1,2024-09-23 02:28:13
BukuWarung,Aplikasi nggak guna bikin rugi aja saya ada saldo sebesar 75 RB lupa pin terus mau ganti pin aja susahnya bukan main harus photo sama KTP nanti di salah gunakan mampus Ini atas nama TOKO FILLNO saya nggak mau gunakan aplikasi ini untuk selama-lamanya,1,2024-09-22 12:03:04
BukuWarung,"Aplikasi ini memudahkan saya mencatat transaksi PPOB dengan otomatis. Semua penjualan terekam dengan rapi, jadi saya nggak perlu khawatir lupa mencatat. Pengelolaan keuangan usaha jadi lebih mudah dan terpantau dengan baik.",5,2024-09-21 23:54:32
BukuWarung,"Aplikasi saya terhapus, tapi begitu mau instal kembali, selalu muncul tulisan : aplikasi ini tidak akan berfungsi untuk perangkat anda, padahal saya sudah bertahun tahun menggunakan aplikasi ini. Mohon bantuannya agar saya dapat menginstal kembali aplikasinya.",4,2024-09-21 23:04:51
BukuWarung,"Aplikasi ini bikin pencatatan keuangan dan jualan PPOB jadi lebih mudah. Semua transaksi tercatat otomatis, jadi saya nggak perlu repot mencatat manual lagi. Pengelolaan usaha jadi lebih efisien dan teratur.",5,2024-09-21 22:24:54
BukuWarung,Penjualan PPOB jadi lebih lancar dan pencatatan transaksi otomatis bikin usaha lebih rapi. Aplikasi ini sangat membantu usaha kecil saya dalam mengelola keuangan. Semua jadi lebih mudah dan terpantau dengan baik.,5,2024-09-21 21:28:55
BukuWarung,"Maaf saya turunin ratingnya lagi. Ada data transaksi yang tiba-tiba berubah.... lagi dan lagi. dan harus cek transaksi satu per satu, per tanggal... lagi dan lagi. bikin pusing. dan kadang masih ada bug, tombol pilih rentang dan barisannya kadang suka ilang, harus ditutup aplikasi dan buka kembali.",2,2024-09-21 20:33:34
BukuWarung,"Aplikasi ini benar-benar Mantap! Pencatatan transaksi jadi rapi, dan jualan PPOB lebih lancar. Semua transaksi otomatis tercatat, jadi saya bisa lebih fokus pada pengembangan usaha tanpa repot mencatat manual.",5,2024-09-21 20:02:55
BukuWarung,"EDC Android dari BukuWarung beneran praktis. Usaha kecil gue lancar jaya, semua pembayaran bisa diterima lewat HP tanpa alat tambahan.",5,2024-09-21 19:56:37
BukuWarung,Gak bisa konek perbarui data dg hp lain..,2,2024-09-20 22:20:39
BukuWarung,The best,5,2024-09-20 15:17:18
BukuWarung,transaksi sama buku utang suka rubah rubah perhitungan sering gk shingkrong,2,2024-09-20 14:11:44
BukuWarung,"Lupa pin gimana caranya ya, saldo terisi lagi😭😭😭😭😭",3,2024-09-20 00:35:26
BukuWarung,Tolong di perbarui soalnya token nama yang simpan gak bisa scroll ke bawah,4,2024-09-14 20:42:15
BukuWarung,"Saran saja, kalau bisa ada fitur penarikan saldo, agar meningkatkan kepercayaan pengguna",4,2024-09-14 19:06:54
BukuWarung,Setiap pindah hp data barang ga ke back up parah banget,1,2024-09-14 09:19:33
BukuWarung,Mantap,5,2024-09-13 18:36:57
BukuWarung,Aman,5,2024-09-13 18:02:57
BukuWarung,"Dah lah capek ganti credibook aja.. Aplikasinya makin ancur, setelah Bug antara utang dan pembukuan ga sinkron yg ga pernah diperbaiki, ini makin parah tiba-tiba apk logout sendiri setelah login malah tiba-tiba catatan hutang dulu-dulu yg harusnya udah lunas malah tercatat belum lunas.. Bikin repot aja ***lah..",1,2024-09-13 15:40:48
BukuWarung,"Setelah diperbarui masih aja catatan transaksi dan jatuh tempo tidak terkirim k kontak pelanggan aku lebih suka buku warung yg dulu. Di tunggu perubahannya seperti dulu lagi catatan utang piutang bisa trkirim otomatis lagi k kontak pelanggan,tanggal jatuh tempo pun yg sekarang gak terkirim otomatis Di versi lama sangat memuaskan sekali jauh beda dengan yg sekarang Aplikasi makin canggih tapi kurang berguna mungkin hanya tuk kalangan orang aja gunanya",3,2024-09-12 10:26:51
BukuWarung,Aplikasi tidak dikelola dengan baik,1,2024-09-11 08:20:12
BukuWarung,YaAllah udh capek2 isi stok sore pas mau transaksi malem malah ilang stoknya. Aneh bangttt. Maaf ya aku uninstal,3,2024-09-10 21:27:01
BukuWarung,"Sudah mengisi saldo tapi tidak bisa untuk transaksi, pin salah terus,tidak bisa di ganti",5,2024-09-10 12:53:34
BukuWarung,Recommended,5,2024-09-09 08:23:01
BukuWarung,Parah sih aplikasi ini uang saya 700rb lebih gak di balikin udah nunggu sebulan lebih 😅 menghindari komplen pelanggan malah WhatsApp di tiadakan. mudah2an OJK cabut izin aplikasi ini.,1,2024-09-08 21:28:18
BukuWarung,Payah.. masak usah d restor ganti hp malah datanya hilang... Nyesell,1,2024-09-08 15:52:47
BukuWarung,kok minta update aplikasi terus ya padahal sudah update,1,2024-09-08 13:25:14
BukuWarung,"baru pertama kali pake aplikasi bukuwarung, pas mengirim status sukses tapi saldo tidak bertambah cs nya tidak ada tindakan, parahh nipunya",1,2024-09-07 13:27:47
BukuWarung,"Aplikasi semakin busuk, save data eror",2,2024-09-07 11:33:19
BukuWarung,"Aplikasi yang mengatasi kendala pengguna tidak becus, pin saya untuk Transaksi tidak bisa dilakukan diaplikasi, keterangan ny ada melebihi batas percobaan pengisian pin, saya ubah pin ttp tidak bisa keterangan nya ubah pin tidak tersedia,d suruh hubungi cs tapi banyak amat syarat apa susah nya tinggal atasi d aplikasinya. Gmnaa mau jualan pulsa,token dsb kalau masukin pin aja gak bsa. Saldo saya jadi tertahan diaplikasi kalian . Tolong tindak lanjuti dan segera perbaiki, hubungi cs gak guna",1,2024-09-05 23:13:09
BukuWarung,"Udah 3 tahun pake App buku warung, tapi sekarang tiba2 keluar dan tidak bisa log in. Udah hubungi cs nya tapi ndk ad solusi",1,2024-09-05 21:55:44
BukuWarung,Saat lupa pin tdk dapat mengubah pin. Aplikasi yg sangat buruk,1,2024-09-05 10:35:28
BukuWarung,Apaaan kirim kode gk msk msk cuh,1,2024-09-03 19:45:05
BukuWarung,"Tolong dong untuk konektivitas ke bluetooth printer lebih diperhatikan lagi,udah beli 2 printer termal dua duanya gak konek dan gak bisa terhubung sama aplikasi buku warung ini",2,2024-09-03 14:32:55
BukuWarung,"Pada trasaksi tidak bisa diskon utk pelanggan jd repot, harga jual hanya ada 1 tdk bisa dbuat grosir ato everab",2,2024-09-03 13:16:32
BukuWarung,Pelayanan sangat buruk sekali beli edc tidak ada kelanjutannya,1,2024-09-03 09:30:12
BukuWarung,Akun tiba2 sign out.. mau sign in ga bisa padahal otp dah bener.. data2 penting hilang semua.. jd harus input ulang.. bikin repot ..,1,2024-09-02 08:45:18
BukuWarung,"Bagi pelaku usaha yg menggunakan aplikasi ini. Lebih baik segera backup semua datanya. Baik itu data stok barang, penjualan atau apapun itu. Karena aplikasi ini tiba2 logout, dan pas login data semua hilang. Tapi kalo mau lebih safety, ya jangan gunain aplikasi ini. Uninstal aja. Data saya hilang semua dan tidak ada tindak lanjut dari aplikasi ini. Thx..",1,2024-08-31 09:01:06
BukuWarung,"Kenapa keluar sendiri,,,, mau login kok gk bisa bisa malah akun di nonaktifkan katax ,,,, aplikasi gagal,,,, BANYAK SALDO SAYA,,, GAK BISA LOGIN,,, TOLONG DONG SALDO SAYA BANYAK,,, SEGERA DI RESPON DAN DIAKTIFKAN 🤦🤦🤦 aplikasi GAGAL NGAMBIL UANG ORANG",1,2024-08-31 05:55:49
BukuWarung,"Catat transaksi jadi lemot, lambat sekali,sering macet",1,2024-08-30 20:54:23
BukuWarung,ok,5,2024-08-30 15:47:47
BukuWarung,trimakasih buku warung sales area luwu sangat menbantu dalam dapat informaai usaha payment,5,2024-08-30 09:12:45
BukuWarung,Tolong diperbaiki bug force close apabila kita update data yang di cadangkan,1,2024-08-29 18:06:38
BukuWarung,Tiba tiba akun di non aktifkan sepihak data auto hilang sory ya banyak apk sejenis yg lebih profesional,1,2024-08-29 17:58:43
BukuWarung,"nyatet pembukuan skrg susah bgt,ngeclose terus,,tolong donk perbaiki,kok jd susah dan lemot aplikasi nya,beli pulsa,token jg ga tercatat otomatis di pembukuan,klo makin lemot gitu trs lama2 pindah jg",3,2024-08-29 16:43:44
BukuWarung,"Aplikasi jelek banget. Saldo ada jadi tertahan karna ga bisa utk transaksi. pin semua salah, padahal udah betul"" pake pin itu. tukar pin ga bisa. Udah hubungi cust service ga ada respon. Mubazir jadinya.",1,2024-08-29 13:23:48
BukuWarung,Kok gak bisa di download di tablet kakak,1,2024-08-29 01:59:23
BukuWarung,Mantap,5,2024-08-28 15:20:14
BukuWarung,Tidak bisa log in. Dan menerima kode OTTP,1,2024-08-28 13:45:00
BukuWarung,"Laporan saldo setelah transaksi kenapa gak di liatin, masa kudu hitung sendiri, trus kalo pembayaran token, air, listrik, kudu buat nomor pelanggan, trllalu repot, masa iya harus ditanya ke pembeli No hp nya",3,2024-08-27 22:56:04
BukuWarung,udah 2 minggu lebih belum disetujui aktivasinya padahal mau transaksi juga via edc dan saldopun ngendap juga tolong dikonfirmasi kk,1,2024-08-27 21:05:53
BukuWarung,"Aplikasi rusak, tibatiba log out, dipaksa log in ulang eh pas udah login saldo nya tbtb 0, semua catetan utangny juga ilang",1,2024-08-27 20:54:01
BukuWarung,"Aplikasi enggak seperti dulu, sekarang pemulihan data aja sampai berjam"". Mana ter logout sendiri lagi 😒",1,2024-08-27 16:50:15
BukuWarung,"Makin jelek aja ni app buku warung sekarang. Sudah dilakukan sesuai kata admin, uninstal dulu, lalu dowload lagi, masih saja tidak bisa melakukan isi saldo,",1,2024-08-27 14:07:11
BukuWarung,"Terima kasih buat Tim Buku Warung, saldo yang pending tgl 21/08/24 sudah masuk setelah lapor lewat aplikasi BW menu bantuan . Aplikasi bagus buat jualan pulsa, proses cepat.",5,2024-08-27 09:41:30
BukuWarung,"aplikasi nge stuck di otp, otp udah dimasukin tetep aja gak bisa login",1,2024-08-27 08:03:31
BukuWarung,"Halo kak, Bagaimana cara saya tau mesin EDC yang di pesan sudah sampai mana Proses nya 🙏 ?",4,2024-08-26 21:47:18
BukuWarung,Aplikasi ngak bisa ganti pin transaksi soalnya lupa,1,2024-08-26 20:33:56
BukuWarung,Apk ribek mawu top up ajah susahnya minta ampun uwang kita yang masuk sulitnya kayak mawu minjam uwang aplikasi..saatnya tinggalkan yang ribek pilih yang simpel ajah.,1,2024-08-26 19:15:45
BukuWarung,Data pembukuan tiba-tiba hilang...,1,2024-08-26 10:02:54
BukuWarung,"EDC SAKU TAIK EDC ANDROID JUGA SAMA . UNTUNG AJA SYA GAK AMBIL YANG ANDROID . TAPI KENA NYA DI EDCSAKU YANG SUKA TROUBEL TRANSAKSI BELUM LAGI LAPORAN TIDAN FASTRESPON, HARUS NGOMONG KASAR BARU DI TANGGAPIN . SALES JUGA YANG NAWARKAN KABUR DAN NAWARKAN EDC KE KONTER KABUR DAN TIDAK TANGGUNG JAWAB MALAH BLOKIR NOMOR SYA . NAMA SALES RIZKY SIREGAR WILAYAH TAPANULI TENGAH.",1,2024-08-26 01:40:31
BukuWarung,Suka,5,2024-08-25 10:55:10
BukuWarung,"Gimana ini, masa tiba"" akun saya hilang mana masih ada saldonya ga bisa dikembalikan lagi, parah ini mah Catatannya juga hilang Semua Ngecempreng",1,2024-08-25 09:11:47
BukuWarung,Aplikasi lumayan bagus dan membantu juga bisa menghasilkan banyak cuan saran dikit baik Nya lebih di tingkatkan lagi untuk bagian PPOB yang bagian penyimpanan pelanggan favorit di kasih pencarian Biar lebih cepat mencari no pelanggan Terima kasih Semoga bermanfaat semakin sucses,5,2024-08-24 09:53:24
BukuWarung,"Sy udah 3thn menggunakan aplikasi ini,tiba tiba log out dan pas login lagi nggx bisa jadi kecewa sama aplikasi ini",1,2024-08-23 16:23:30
BukuWarung,"Kalau di refresh catatan pembukuan jadi hilang semua/kosong, mesti keluar dari aplikasi dulu nanti catatan pembukuannya muncul lagi.",2,2024-08-23 15:36:08
BukuWarung,Saran buat cetak token listrik angka 6&8 mirip jd perlu perbaikan lg,5,2024-08-23 06:34:29
BukuWarung,Mantap,5,2024-08-22 21:29:46
BukuWarung,"Aplikasi gk bisa dibuka, coba log in lg dari awal tiba2 malah langsung keluar sendiri dari aplikasi. Gila",1,2024-08-22 20:02:52
BukuWarung,Sy ingin ganti pin tpi tidak bisa dn tidak sma skli d respon oleh cs ny d ig tik tok mau pun d Fb smua sma gk ad yg respon kendala yg sy alami apk ny gk bgus,1,2024-08-22 12:20:46
BukuWarung,"Terlalu banyak bug, setelah input malah hilang semua...belum lagi mau mengunduh laporan versi xls tidak bisa",1,2024-08-22 09:43:29
BukuWarung,"Minta kode sales nya min,saya sudah daftar tapi gak bisa di pakai tanpa kode sales,rating baru saya naikan kalo sudah dapat kode sales nya...",4,2024-08-21 12:27:34
BukuWarung,sistem Apk nya kurang ajar apa orang nya duhhh .. catatan mutasi gak muncul menghambat pekerjaan gw kan harus rekap pembukuan .. in out nya jadi gak jelas kalo gak muncul histori/mutasi nya gimana mau rekap buku gw ..,1,2024-08-21 04:37:31
BukuWarung,"Jagan percya dengan aplikasih ini Tidak ada kejelasan,disuruh beli mesin EDC, mahal pula itu harganya Tapi tidak ada respon.",1,2024-08-19 17:33:27
BukuWarung,"Kode sales maksudnya apa itu? upgrade ke akun prioritas,,agak sulit ya😔😔",2,2024-08-19 11:34:22
BukuWarung,Kak tambahkan fitur sembunyikan nama pelanggan hutangnya yg sudah lunas biar tidak banyak tampil nama. Terima kasih.,5,2024-08-18 20:07:28
BukuWarung,Data riwayat transaksi hilang sehingga membuat pembukuan di toko saya kacau,1,2024-08-18 13:48:20
BukuWarung,"Akun Saya Logut Tiba2 Mau Login Kembali Susah Banget Lama Sampai 12 jam,Pas Login Data Pada Hilang",1,2024-08-18 00:40:45
BukuWarung,Aplikasi terlalu berat,3,2024-08-17 23:41:55
BukuWarung,"Min, tolong tambahin data nilai aset stok barang yang ada di aplikasi dong, biar pengguna tahu berapa rupiah nilai modal yang tersimpan sebagai stok dagangan.. biar lebih mudah meng audit uang modal...",5,2024-08-16 01:27:15
BukuWarung,Di versi kalai ini rata rata masalahnya sama yaitu data transaksi hilang setiap mau pemulihan data kita pasti logout sendiri atau apk berhenti..tolong diperbaiki lagi karna banyak data data orng itu hilang begitu saja mau dipulihkan tapi tidak bisa,2,2024-08-15 15:45:26
BukuWarung,Sangat bermanfaat 👍👍👍,5,2024-08-15 13:59:50
BukuWarung,setelah update jadi banyak kendala catatan hutang dan pembukuan banyak yang hilang,1,2024-08-15 04:54:12
BukuWarung,Di mode kasir setiap pindah kategori barang yang kita buat selalu reset jumplah pembeliannya,1,2024-08-14 09:11:57
BukuWarung,Tidk sesuai ekpektasi...,1,2024-08-13 19:33:57
BukuWarung,Kalo bisa tambah kan fitur scan barcode biar mudah dalam pembukuan.,5,2024-08-12 22:34:35
BukuWarung,Pengiriman paket internet dan pulsa lambat banget,1,2024-08-12 19:47:17
BukuWarung,"kenapa selalu keluar sendiri,kalau perbarui data boss ??",3,2024-08-12 09:51:13
BukuWarung,"Makin tdk bagus,Masa bisa klr sendiri. Dan mask no hp sdh diksh no otp tba² klr seterusnya kayak gtu.",1,2024-08-11 20:51:56
BukuWarung,bagus tapi data hilang kalau di reset hp walaupun udh di cadangkan nohp+email jadi tekor keuanganku,2,2024-08-10 14:45:36
BukuWarung,"Cs nya lelet sekali,",1,2024-08-09 16:29:01
BukuWarung,Bisa request untuk kategori pemasukan dan pengeluaran bisa di tambahkan kategori yang bisa di isi sendiri oleh pengguna,4,2024-08-08 18:18:02
BukuWarung,Cukup sulit dana untuk top up tidak masuk ke saldo akhir akhir ini terlalu jelek sudah apakah mau bangkrot?,1,2024-08-08 15:42:03
BukuWarung,"Sangan mengecewakan sekali hati hati dengan aplikasi yg merugikan mitra. Bila hp hilang. Saldo pun hilang. Buat apa perifikasi tempat, nomor rekening dan KTP kalo kita kena musibah hp hilang,bukanya ikut belasungkawa. Ini berkesan mengambil kesempatan dalam kesempitan.",1,2024-08-08 14:39:56
BukuWarung,Paling oke dari aplikasi manapun,5,2024-08-08 14:08:05
BukuWarung,Gimana nih saya gak bisa upgrade ke akun prioritas padahal saya mau beli mesin EDC dengan alasan tempat saya tidak terjangkau oleh sales,3,2024-08-07 19:17:35
BukuWarung,Cara rekap untung ruginya blm tepat.. seharusnya keuntungan atau margin setiap barang itu dijumlahkan dan itu yg di tulis di keuntungan..bukan penjualan dikurangi pengeluaran..kalau begitu buat apa rekap hrg modal dan harga jualnya.. cukup rekap saja pengeluaran dan pendapatan selesai..,1,2024-08-07 19:10:44
BukuWarung,"Ko malah skrang jdi gak kayak biasanya, catatan pembukuan tdk tercatat. Separohnya tercatat separohnya tidak. Hubungin CS cuman dilayani sama BOT doang. Buat buku warung, seharusnya ketika diupdate itu perform apk jdi lebih baik, bukan malah jadi buruk. Tolong di perhatikan. Bintang 1 kalian makin banyak, artinya apk bukuwarung sedang tidak baik baik saja sekarang.",2,2024-08-07 08:04:14
BukuWarung,Semua catatan hilang,1,2024-08-06 22:34:06
BukuWarung,"Kenapa kaga bisa login anjeng, ganti² hp pun sama aja. Data utang orang² jadi ilang",1,2024-08-06 04:37:58
BukuWarung,"Akun tiba2 logout dan setelah login lagi datanya hilang, ampun dah data pembukuan yang penting juga hilang. Jadi malas makenya, tolong dong klo update itu data milik customer diamankan masak hilang gak ada backup kan harusnya ada auto backup",1,2024-08-05 14:28:48
BukuWarung,"Haduh min, ini bagaimana cara ubah nomor terdaftar. Soal nya kartu nmr yg terdaftar sudah tidak aktif. Takutnya kalo instal hp gak bisa login nanti, mohon bantuannya min...",2,2024-08-04 23:38:35
BukuWarung,Data saya hilang,1,2024-08-04 17:28:52
BukuWarung,Kenapa tidak bisa do download di pad ?,3,2024-08-02 06:52:32
BukuWarung,kenapa malah mental mulu setiap mau buka...?,1,2024-08-01 19:38:07
BukuWarung,CS LEMOT TIDAK BISA COMPLAIN CS BOOT GA ADA CS LANGSUNG,1,2024-08-01 19:30:10
BukuWarung,Pinjaman yg tidak jelas Pinjam mesin 3 ato 4bulan tp dana pinjaman 1kali cair dan mesin EDC nganggur tp petugas muter2 ga jelas.,1,2024-08-01 18:45:10
BukuWarung,"Sudah bertahun makai apk ini,tiba2 catatan AMBBBBYYYYAR HILANG SEMUA",1,2024-07-31 06:08:12
BukuWarung,"Pencadangan eror, buruk sekali",1,2024-07-29 13:20:42
BukuWarung,"Aplikasi ngebug terus. Update aplikasi malah banyak data yang hilang. Setiap sinkronisasi data, malah aplikasi keluar sendiri, padahal untuk proses sinkronisasi tidak boleh keluar aplikasi. Bahkan, data katalog saya hilang semua di perangkat kedua, sebelumnya lengkap. Tolong diperbaiki bug-nya, ya. Saya sudah berkali-kali hubungi CS, tapi belum selesai juga permasalahan ini.",2,2024-07-29 12:48:58
BukuWarung,"Please kembalikan data2 transaksi kami yg hilang , data penjualan dari pertama jualan sampai skrg hilang semua setelah ganti hp",2,2024-07-27 07:50:48
BukuWarung,Kenapa buku warung saya gak bisa ?,2,2024-07-26 17:46:09
BukuWarung,Masi pemula,5,2024-07-26 08:18:33
BukuWarung,"Sejauh ini bagus, lebih bagus lagi jika ada fitur diskon dan untuk harga grosir, atau harga promo, jadi lebih mudah mantau stok barang karena cuma membuat 1 jenis list di persediaan",5,2024-07-26 06:54:47
BukuWarung,sangat membantu,5,2024-07-26 04:09:26
BukuWarung,Bagus,5,2024-07-25 22:20:17
BukuWarung,Data lama hilang setelah update. Auto bintang 1 dan uninstal,1,2024-07-25 18:28:58
BukuWarung,"Saya sangat terbantu sekali dengan aplikasi ini. Namun yang di sayangkan untuk pembayaran tidak ada menu belum lunas, atau buat pesanan terlebih dahulu dan gak ada nama pelanggannya. Mohon di perhatikan untuk hal ini.",5,2024-07-25 10:27:42
BukuWarung,"udah lama pake buwar, tp kok skrg utang gak ngelink ke transaksi lagi ya? di utang udah dilunaskan, tp transaksi masih blm lunas, kirain agak error krn ada update-an baru, pas dicek gak ada dong, tolong diperbaiki",4,2024-07-25 07:31:11
BukuWarung,Data hilang,1,2024-07-23 14:55:42
BukuWarung,Scam,1,2024-07-23 07:32:28
BukuWarung,"Untuk Pembayaran VA belum di masukan, update lgi klo dah ada sistem pembayaran VA ny aku kasi ⭐⭐⭐⭐",1,2024-07-21 20:59:51
BukuWarung,Kak tambahin di ios jg donk kak,4,2024-07-21 15:33:22
BukuWarung,Bagus,4,2024-07-21 08:44:14
BukuWarung,Ok,5,2024-07-21 01:35:41
BukuWarung,Memudahkan semua,5,2024-07-20 15:51:13
BukuWarung,Merepotkan,1,2024-07-20 14:51:50
BukuWarung,Tidak bisa sinkron data...padahal data2 catatan utang piutang sangat dibutuh kan ... Kalo yg belom pakek mending gak pakek aja ... Menghindari sesalan dikemudian hari nya....,1,2024-07-20 08:30:42
BukuWarung,Tolong dong dibuka aplikasi ku Kenapa lama sekali cadangan datanya hampir satu minggu,5,2024-07-19 00:47:38
BukuWarung,"Bertahun tahun pakai ni aplikasi sudah baru kali ini aplikasi erornya laaammaa, data2 pelanggan hilang semua, saldo dalam aplikasi kemanaa... payah banget",2,2024-07-18 20:32:28
BukuWarung,"Mash bnyak minus nya - tidak bsa memantau omset dan profit krna tidk diwjbkan untuk input hrga beli,alngkah bgusnya bsa menghitung otomatis keuntungan dg memasukan hrga beli - fitu penjualan akan tetapi menampilkan saldo pengeluaran jika kita menginput hrga beli Mohon untuk diperbaiki ,pdhal apliksi nya sudh baguuuus 🙏🙏",3,2024-07-18 12:22:32
BukuWarung,"dulu lancar jualan pulsa pakai buku warung. sekrng harus verifikasi, ternyata lokasi ku tidak terjangkau, padahal mau jualan lagi dulu jualan pulsa ,topup ewalet, token listrik, game, lancar sampai penghasilan ku di angka 7jt ,, skrng ga bisa lagi, kita penjual rumahan menyediakan layanan online , skrang ga bisa lagi, tolong data ku yang udah sampai di tangan kalian di jaga baik²..",1,2024-07-14 21:42:25
BukuWarung,"Apk jelek dan sangat jelek,bisa2nya akunnya refres dan semua data hilang",1,2024-07-13 17:10:36
BukuWarung,habis update kenapa g bisa masuk aplikasi ya?,3,2024-07-13 16:48:47
BukuWarung,"CS slowrespon tentang pertanyaan yang saya tanyakan, dan jawaban Cs gak memuaskan.. Padahal kemaren ada survai saya berikan rating yg bagus.. agak kecewa juga sih..kalo ada kontak cs yang bisa dihubungi langsung bisa share ke saya..",3,2024-07-13 13:23:06
BukuWarung,Kenapa saya tidak bisa merubah pin akun saya karena lupa,1,2024-07-13 10:12:58
BukuWarung,Tidak mengerti saya hapus,1,2024-07-13 08:56:58
BukuWarung,"Tidak Bisa di Masukkan kode OTP, Ketika mau Mengisi kode Maka hp jadi Lola dan Keluar sendiri, tidak Bisa di Percaya Karna semua catatan hilang",1,2024-07-11 22:14:24
BukuWarung,Bisakah mengajukan pinjaman disini,2,2024-07-11 20:19:01
BukuWarung,Kak saya mau ganti nomor akun buka warungnya karena nomor lama saya sudah tidak bisa terpakai Bagaimana ya caranya,5,2024-07-11 14:36:35
BukuWarung,Kenapa ya saya tidak bisa login lagi ulang di buku warung ini,1,2024-07-11 07:20:28
BukuWarung,"Data barang hilang , udah capek catat banyak2 , di pulihkan tetap ga kembali",2,2024-07-09 23:40:54
BukuWarung,Sudah 2 tahun pakai ini. Eh pas Update data ilang semua . Maaf bintang 1 .,1,2024-07-09 20:17:13
BukuWarung,Kak kenapa ya aplikasi buku warung saya kembali terus?,5,2024-07-09 01:10:46
BukuWarung,Knp nggk bisa masuk lgi ni bos ke aplikasinya ? Uda nggk aman ni apk buku warung,3,2024-07-09 01:07:31
BukuWarung,Kok update catatan ilang semua,1,2024-07-09 01:06:53
BukuWarung,Good,5,2024-07-06 22:33:44
BukuWarung,Kenapa gabisa login? Gangguan kah? Bakal brp lama ni,1,2024-07-06 13:42:54
BukuWarung,Kalo kehpus stok nya ilang semua,5,2024-07-06 11:41:13
BukuWarung,"Simpel dan mudah pengoperasiannya, tapi sekarang tidsk bisa dioperasikan dengan dua HP seperti dulu lagi. Di HP yg satu di fitur mde kasir dan kelola stok list barang tidsk muncul. Sudah hubungi admin dua kali sepertinya admin tidsk paham permasalahan.",5,2024-07-06 03:23:15
BukuWarung,"Udah tahunan makai apk ini, aman2 aja Tapi baru2 ini sering keluar sendri, jadi harus masukkan nomer telepon lagi, mana nomernya udah gk kepake alias udh dibuang, angus sudah semua catatan saya. Setlh ganti nomer lagi, bikin catatan lagi,, eh barusan keluar lagi, bikin dag dig dug tau gak! tkut data kehapus juga.. bintang 3 dulu ya.. soalnya dalam sebulan logout 2 kali.",3,2024-07-05 13:59:44
BukuWarung,Jelek . Data ku hutang hilang semua . Tolol,3,2024-07-05 11:19:47
BukuWarung,Ternyata banyak yg komplain Update terbaru semua catatan hilang komplen masih belum bisa d benahi kesal aslinya catatan semua hilang data semua gk ada,1,2024-07-05 01:21:26
BukuWarung,"login 2 hp tidak bakal sama sickrong nya, apalagi bagian stock yg uda kita masukin ke hp satu lagi gak bkal ada stock cuma data transaksi aja yg ada",1,2024-07-04 18:55:25
BukuWarung,Saya sangat kecewa dengan Aplikasi ini. Catatan pitang saya lebih 6jt tiba-tiba. Log out dan semuax hilang. 😡,1,2024-07-03 20:54:24
BukuWarung,Kenapa sekarang data gak bisa dipulihkan ketika pindah hp... Dulu bisa .. kenapa skrng gak bisa... Mohon kasih penjelasan nya...,1,2024-07-03 19:12:36
BukuWarung,"Aplikasi data yg sudah di cadangkan Tidak bisa Pulih kembali ka,,, CS mana niih G mana tuuh, Masa data penjualan gwe Hilang semua,,, INTINNYA KECEWA",1,2024-07-03 14:32:08
BukuWarung,Bagus dan lengkap,4,2024-07-03 06:58:48
BukuWarung,"Seperti kasus pengguna lain, data yang dicadangkan tidak bisa dipulihkan. Ini sangat mengganggu sekali karena kami sebagai pengguna tidak bisa memantau catatan keuangan. Komplain melalui live chat dialihkan by email dan katanya file video nya tidak bisa dibuka. Akhirnya saya malas melanjutkan komplain.",1,2024-07-02 21:44:53
BukuWarung,jumlah stok tdk bisa sinkron antara hp sy dg hp karyawan sy,1,2024-07-01 13:39:50
BukuWarung,EDC nya gak rekomended mending cari EDC lain ribet rekening penampung harus daftarinya ribet gak semua bank bisa .,1,2024-06-28 21:30:22
BukuWarung,"saat dibuka di hp lain data datanya kosong semua. Sudah dibackup tapi tidak mau juga,harap untuk diperbaiki bug nya ini",4,2024-06-28 14:17:21
BukuWarung,Biasa,2,2024-06-27 21:24:33
BukuWarung,"Catatan stok opname barang hilang dalam sekejap dengan fitur download versi terbaru..masa iya setiap download versi terbaru catatan harga dan stok barang yg sudah ribut terinput hilang semua,,,chat admin jawabanya muter2 ga jelas...buku warung kamu harus tanggung jawab...menyesal aku percaya aplikasi mu...taik",1,2024-06-27 00:05:56
BukuWarung,Good Aplikasi,4,2024-06-26 21:44:24
BukuWarung,Keren !!!!,5,2024-06-26 18:44:05
BukuWarung,kenapa bukuwarung tidak bisa d install d Vivo y20g?,3,2024-06-24 18:31:58
BukuWarung,"Kapan nih, bisa pakai sacan code,, biar lebih cepat lagi.? N Mungkin fitur kasir tidak keluar pada saat mau mengecek menu lainnya. Agak bisa kembali ke fitur kasir seblumnya yng sdh ada catatan barangnya.",4,2024-06-24 08:59:12
BukuWarung,"Fitur laporan unduhan excel sudah lama gak berfungsi lagi, mending pindah apk yg lain aja",1,2024-06-22 11:22:17
BukuWarung,mau buka bukuwarung logout pas login catatan hutang hilang semua kacau,3,2024-06-22 10:31:04
BukuWarung,"Aplikasi terbaik buat catatan keuangan UMKM ,dan ada mode kasir nya dengan fitur yang cukup walaupun belum terlalu sempurna",5,2024-06-20 14:10:50
BukuWarung,Ok,5,2024-06-20 13:14:42
BukuWarung,"koq error gini sih.. data stock, catatan transaksi hilang semuanya solusinya gmn nh. tolong di bantu",1,2024-06-20 02:06:19
BukuWarung,"Nyesal gue percaya simpan data di bukuwarung, data hilang semua, dipulihkan gk bisa, hubungi cs gk ada respon positif, malah dikasih chat ama robot, stop gue pake ni aplikasi",1,2024-06-18 14:32:46
BukuWarung,Kenapa ya akhir2 ini gangguan trs dipakenyaaa,5,2024-06-18 13:11:46
BukuWarung,"apk aneh otp ada , ga lanjut²",1,2024-06-17 22:36:38
BukuWarung,Mau tanya kenapa sekarang aplikasi klai d letakan d 2 hp todak singkron ya pencatatannya,3,2024-06-17 17:23:18
BukuWarung,Di redmi note 12 pro 5g laporan tidak bisah di unduh,5,2024-06-16 20:32:34
BukuWarung,Good 👍,5,2024-06-15 12:37:05
BukuWarung,Aplikasi sangat bagus pencarian nya sangatlah mudah dan cepat,5,2024-06-15 06:42:47
BukuWarung,Tolong dong kadang sistemnya error' buat pencatatan utang dan piutang ya,3,2024-06-14 17:17:11
BukuWarung,Apakah web buku warung memang tidak bisa untuk login?,1,2024-06-14 11:45:25
BukuWarung,Makin kesini kok makin lama update nya,2,2024-06-14 11:43:20
BukuWarung,Sering eror,1,2024-06-13 23:44:25
BukuWarung,Sangat membantu..,5,2024-06-13 21:51:14
BukuWarung,"saya kecewa dan sangat merasa tertipu dengan aplikasi ini,, saya mengunakan dengan baik tapi karena vitur diharuskan menjadi agen prioritas dan harus dengan dilakukan mengunakan agen atau selles saya tertipu,, saya tidak bisa lagi menhubungi selles yang memberikan kode selles dan menjebak saya untuk melakukan pinjaman. tiba2 aplikasi saya mempunyai pinjaman sebanyak 17juta dan selles itu pergi dan namanya dian prasetyo tolong bagaimana saya harus keluar dari masalah ini",1,2024-06-13 19:45:03
BukuWarung,Data pembukuan hilang dan cs tidak ada solusi,2,2024-06-13 17:15:24
BukuWarung,Ada fitur unduh dokumen tapi tdk berfungsi. Jadi mending dihilangkan sj. Padahal fitur itu sangat berguna.,4,2024-06-13 11:41:04
BukuWarung,"Min, kenapa setiap kali mau topup saldo, akun VAnya selalu ganti2 terus.. sangat menyusahkan dan tidak simpel itu. Kalo akunnya tetap kan kita bisa tinggal transfer di akun VA yg sama.. jadi tidak banyak sampah jejak transaksi di aplikasi mobile bank kita yg sering merancukan.. Kalo bisa dan saya yakin bisa, akun VA ditetapkan saja, jangan berubah..",4,2024-06-11 19:46:19
BukuWarung,"Aplikasinya bagus, simpel cara menggunakannya Saran saya untuk kedepannya, untuk TopUp E-wallet dana, tolong supaya tertera inisial penggunanya terima kasih",5,2024-06-11 15:50:55
BukuWarung,Aplikasi yang super pass untuk cuann,5,2024-06-11 14:08:58
BukuWarung,APLIKASI KOMPLIT UNTUK AGEN PEMBAYARAN,5,2024-06-10 16:24:44
BukuWarung,Update yang baru ini jelek aplikasinya. Di restart malah keluar aplikasinya,1,2024-06-09 22:59:17
BukuWarung,Oke,5,2024-06-09 21:58:54
BukuWarung,"Baru install sih, tapi setelah menjelajah masih banyak kekurangannya bagi saya 1. Tidak bisa transfer sebelum upgrade ke prioritas, sedangkan upgradenya harus di daerah yg di jangkau dan harus dapat kode khusus dari sales 2. Untuk transaksi E-Wallet tidak muncul Nama pelanggan nya sehingga susah untuk konfirmasi ke pelanggannya, terus harga nya lebih mahal dari aplikasi lain Tadinya mau saya gunakan sbgai aplikasi utama buat transaksi karena bisa pengajuan EDC, tapi kalo gini mh kaya nya engga.",2,2024-06-09 18:34:04
BukuWarung,"Dua kali update terbaru, transaksi yg udh centang lunas dari tahun2 sblm nya jadi berubah belum lunas semua. Gmn sih koq begini terus.. Bintang satu dulu..",1,2024-06-07 11:26:32
BukuWarung,"Pas mau nagih hutang pelanggan,ko tiba-tiba keluar,, lalu kami suruh masuk login pake no hp , tapi tidak mau masuk,,,kami kecewa data kami hilang",1,2024-06-06 01:16:50
BukuWarung,"Hanya bisa di premium, untuk prioritas belum terjangkau wilayahnya...jadi tidak bisa gunakan fitur transfer bank hnya ppob saja",4,2024-06-05 17:46:41
BukuWarung,tiba2 logout sendiri pas mau login gak bisa2 jadi bikin pusing ini aplikasi,1,2024-06-05 01:55:14
BukuWarung,"Setelah update jadi makin lemot, mohon optimalkan lagi",1,2024-06-05 01:50:54
BukuWarung,"Akun saya tiba-tiba keluar sendiri, terus masuk lagi keterangan ada bug kenapa ya",3,2024-06-05 01:44:22
BukuWarung,Setelah update malah Forclose terus nih ...,1,2024-06-05 01:40:16
BukuWarung,Saya sangat suka buku warung. Tpi setelah sekian lama memakainya kenapa saya ga bisa apgred ke akun prioritas alasan tidak anda tidak terjangkau. Sangat sedih saya 😢😢,5,2024-06-03 23:24:03
BukuWarung,masih mencoba,4,2024-06-03 22:57:08
BukuWarung,"Aplikasi sampah login berulang kali gak ada OTP masuk, mau lewat SMS atau WhatsApp sama aja nggak ada OTP masuk.",1,2024-06-03 18:43:09
BukuWarung,Sudah lama pake buku warung buat catatan hutang eh malah keluar akun.. mau login gak bisa verifilasi.. kode otp tidak ada,1,2024-06-03 18:20:39
BukuWarung,Tiba2 catatan hilang semua. Katalog & catatan hutang hilang. Lalu gak lamatiba2 keluar sendiri... Gak bs login kembali karena gak nerima OTP. Hub Cs jawaban muter2 kaya robot coppy paste. Disuruh coba terus. dan akhirnya keterangan permintaan OTP tidak valid. Kacau gmn bs dapetin data catatan penjualan & hutang kembali?,1,2024-06-03 16:11:04
BukuWarung,Mau naikin level Prioritas gak bisa karena gak memiliki kode dari tim sales padahal pengen ngajuin mesin EDC,3,2024-06-03 11:52:24
BukuWarung,Pripikasi KTP lama di setujui untuk pitur barkot nya pitur masih sparo banyak loding 🙆,3,2024-06-03 07:05:46
BukuWarung,Mantap tapi jenis bayar dan tagih masih terbatas untuk verifikasinya,5,2024-06-03 06:05:51
BukuWarung,Aplikasiny ud lumayan bagus.saya mau kasih saran agar waktu pelunasan bisa memilih tanggal atau transaksi mana yg sudah lunas.terima kasih,4,2024-06-02 13:50:02
BukuWarung,"G cadangkan data, hubungi customer serby malah di ghosting",2,2024-05-31 13:11:10
BukuWarung,Bagus,5,2024-05-31 10:14:08
BukuWarung,"Anjir beli EDC mahal² malahan gak bsa di pake, mana CSnya slorespon pula, enak gak usah pake EDCnya, sama gak usah pake aplikasinya",1,2024-05-30 23:31:00
BukuWarung,Klw waktu perbaikan sistem kira kira lama gak y... masalahnya catatan nya banyak d dalamnya,4,2024-05-30 18:43:00
BukuWarung,"Setelah diupdate mau masuk tidak bisa, langsung aplikasi",2,2024-05-30 12:26:02
BukuWarung,buku warung sekarang eror,2,2024-05-30 09:12:03
BukuWarung,"Login akun prioritas, kenapa stok barang ilang semua? Kecewa",1,2024-05-29 21:52:24
BukuWarung,Ⓜⓐⓝⓣⓐⓟ ⓜⓐⓝⓣⓗ ⓐⓟ ⓜⓐⓝⓣⓐⓟ......,4,2024-05-29 14:20:08
BukuWarung,Bagus sih buat usaha,5,2024-05-28 23:09:45
BukuWarung,"Dan Terjadi lagi, tiba "" sing out, begitu masuk sinkronisasi data, seharian ga siap"". Di tungguin malah aplikasi keluar sendiri. Clear chache, download ualng, hasil tetap sama. Semua data hilang semua, pembukuan kacau.",1,2024-05-28 21:13:45
BukuWarung,kenapa transaksi pulsa tidak masuk ke pembukuan?,1,2024-05-26 23:23:08
BukuWarung,Semakin ribet kirim laporan susah,5,2024-05-26 13:01:33
BukuWarung,Setelah update kok jadi lemot di setiap transaksi,1,2024-05-24 21:19:49
BukuWarung,"Sebenarnya Buku Warung Itu sangat Membantu tapi Sayang, Mau ganti Nomor saja Susahnya Bukan Main .. Minta Bantuan Admin Cuma Bisa Via WhatsApp saya WA sampai Sekarang Belum ada Respon ... Padahal Nomor Saya yg Lama Udah Hampir Terblokir ... Nanti Susah Buat Login Karna Kode Reverensinya nggak Didapat .. Mohon ditingkatkan lagi ya kak .. Nanti Bintang nya Mengikutin",5,2024-05-24 09:30:27
BukuWarung,Kenapa saya tidak bisa masuk kembali Tolong dong di perbaiki agar saya bisa login lagi,1,2024-05-23 23:57:10
BukuWarung,"Bagus sbenernya, cuman gk ada mode grosir atau harga diskon.. mohon untuk developer ditmbhkan opsi grosir agar mempermudah pencatatan saat pembelian dgn qty bnyak..",4,2024-05-23 09:48:59
BukuWarung,Setelah update. Setiap beli produk gak langsung ke catat di penjualan harus manual lag..tolong di perbaiki lagi..,2,2024-05-22 22:10:07
BukuWarung,Sangat membantu,5,2024-05-22 19:15:27
BukuWarung,Transaksi pending lebih dari 1 jam 🥵,3,2024-05-22 12:12:22
BukuWarung,Setelah update malah nggak bisa login . Bikin rusuh aja,1,2024-05-22 09:52:17
BukuWarung,Isthebes,5,2024-05-21 11:50:16
BukuWarung,lemot banget padahal jaringan lancar tapi susah banget berhasilnya,1,2024-05-20 22:16:47
BukuWarung,Mau topup saldo bca gangguan trs payah,2,2024-05-20 21:39:53
BukuWarung,Sudah beberapa hari ini transaksi dari jam 6 sore lambat prosesnya. Kemaren kemaren sudah bagus eh tiba tiba ngaco lagi (parah inimah),2,2024-05-20 20:19:27
BukuWarung,Proses lama,1,2024-05-20 18:52:11
BukuWarung,Semakin parah aplikasinya proses lama terus,1,2024-05-20 18:27:07
BukuWarung,"Instal di 2 perangkat berbeda, data hutang pelanggan tidak mau sinkron",2,2024-05-19 16:39:30
BukuWarung,Lelet,1,2024-05-18 20:39:27
BukuWarung,"bagus, sangat membantu saran gw sih tambahin fitur yg bisa untuk menambah kan gambar pada produk yg kita jual supaya lebih memudahkan lagi jikalau dagangan kita bermacam variasinya ada yg besar dan kecil, top deh buat buku warung terimakasih telah membantu saya selaku umkm",5,2024-05-18 15:01:36
BukuWarung,"Setelah di update, Laporan keuangan gak kyak dlu lg, laporan excel gak bsa di download lagi..huhh",1,2024-05-18 10:47:01
BukuWarung,Aplikasih sudah mulai tidh bagus.....,1,2024-05-17 21:47:43
BukuWarung,Aplikasi Nya lelet bikin pelanggan lama menunggu Gk jelas,1,2024-05-17 21:36:47
BukuWarung,Pembelian Token PLN 20 menit pending itu hal paling buruk,2,2024-05-17 13:42:07
BukuWarung,Sangat membantu dalam pembukuan keuangan,4,2024-05-17 09:36:41
BukuWarung,Sangat membantu,5,2024-05-17 08:30:28
BukuWarung,ini kenapa tdk bisa masuk ya. gagal terus. aduh catatan keuangan toko sya smua d aplikasi ini . tdk ada backupan nya,3,2024-05-15 23:12:12
BukuWarung,Ribet,1,2024-05-15 00:48:10
BukuWarung,"CS slowrespon, refund sangat susah. baru pakai sudah dikecewakan. Aplikasi otomatis hapus aja deh",1,2024-05-14 19:34:33
BukuWarung,"Harga memang murah,tapi pas ada kendala respon CS lama! Niat untung malah buntung,di omelin konsumen yang ada gara"" pending sama transaksi ga masuk",1,2024-05-14 18:35:40
BukuWarung,Sejauh ini masih oke lahhh,5,2024-05-14 15:12:07
BukuWarung,Mantap pokoknya,5,2024-05-14 09:38:01
BukuWarung,Bagusssssssssssss..... Memudahkan pengusaha dalam menjalankan usaha nya. Terima kasih.,5,2024-05-13 22:50:20
BukuWarung,Mantap,5,2024-05-13 21:56:19
BukuWarung,Ini aku dah lama pakai aplikasih ini tapi tanpa sadar terkeluar dari akun dan setelah masuk kembali datanya gak balik seperti semula kusangka ada masalah lalu kuhapus aplikasi lalu ku download lagi e malah kode otp nya valid jadi gimana biar bisa masuk lagi ke aplikasi tolong pencerahan nya,3,2024-05-13 08:51:27
BukuWarung,"Jangan download,, aplikasi gangguan terus,, nyusahin org mau isi token",1,2024-05-11 00:32:44
BukuWarung,Sangat membantu,5,2024-05-10 23:38:28
BukuWarung,Setelah update malah sering error,2,2024-05-08 18:42:42
BukuWarung,Lemot,1,2024-05-08 07:54:19
BukuWarung,"aplikasi terbaik, apalagi udah ada mesin EDC nya",5,2024-05-07 18:34:00
BukuWarung,Kenapa ya tidak menanggapi mulu,2,2024-05-06 18:02:59
BukuWarung,Aplikasi lagi gak bisa digunakan ya kenapa gak bisa terbuka ya infonya ya,3,2024-05-05 23:15:35
BukuWarung,Tranfer sering pending gblok emg apk ini,1,2024-05-04 03:14:07
BukuWarung,Sangat membantu sekali dalam membuat laporan,5,2024-05-02 15:35:09
BukuWarung,Ribet harus verifikasi. Lngsung aq unistal.,4,2024-05-02 10:37:46
BukuWarung,Gk jelas nih aplikasi masa gua input pengeluaran dan pemasukan gk bisa di gabung dalam 1 nota,1,2024-05-01 16:09:11
BukuWarung,ga bisa masuk eror,1,2024-05-01 13:58:57
BukuWarung,"Mantap, sangat membabtu dan akurat",5,2024-05-01 13:07:23
BukuWarung,"Aplikasi bagus, sederhana bisa hingga ada catatan keuangan sederhana, semoga bisa ditambahkan menu diskon untuk reseller atau event promo untuk kasirnya",4,2024-05-01 07:31:34
BukuWarung,"Tolong ini gimana cara rubah harga,hapus dan tambah barang nya? Saya gak nemuin caranya",4,2024-05-01 00:31:21
BukuWarung,"Masukan saat ada transaksi yang di hapus stoknya tidak kembali atau tidak berubah, jadi bikin stok kacau. Harusnya kalau ada transaksi yg di hapus stok yg terkait juga harusny berubah atau kembali",1,2024-04-29 13:35:30
BukuWarung,"Kenapa aplikasinya jadi lelet, padahal sebelum2nya selalu lancar",1,2024-04-29 12:09:36
BukuWarung,Kalau saya sih pribadi nyaman enak dan mudah bisa melakukan transaksi 24 jam asal ga ada pemeliharaan cuman sayang nya ga bisa top up voucher game di karenakan pemeliharaan yg lama ntah kapan bisanya tapi untuk fitur yg lain normal dan aman jayaa😁semoga di percepat perbaikannya di fitur voucher game biar bisa jualan top up game,4,2024-04-29 10:56:42
BukuWarung,Fitur download laporan hutangnya gabisa Device Poco f5,3,2024-04-29 10:56:28
BukuWarung,Its ok,5,2024-04-29 10:18:27
BukuWarung,Buku Warung Sangat Bermanfaat Bagi Banyak Masyarakat yang ingin Menjalankan Bisnis Jualan.,5,2024-04-29 05:22:34
BukuWarung,Baru mau coba,4,2024-04-28 21:46:25
BukuWarung,"26/04/2024. Setelah update versi, koq aplikasi gk bisa dibuka ?",3,2024-04-26 16:40:34
BukuWarung,"Udah mulai busuk aplikasii nya.... Transaksi di atas jam 12 ,, masuk nya jam 8 pagi. Asli ampas sih....",1,2024-04-26 01:22:58
BukuWarung,"Aplikasi gak guna,bikin orang rugi aja,transfer saldo kepotong TPI gak masuk ke orangnya,,giliran di komplin ke sellesnya malah gak ada tanggapan, saya kasih saran klau mau pakai aplikasi ini buat jualan mending pikir"" dulu dah dari pada rugi dan nyesel",1,2024-04-25 22:12:20
BukuWarung,Buku warung parah sekarang pelaporan masalah kgk kelar2 lebih dr 2 Minggu...GK segampang dan semudah dulu dalam penyelesaiannya Bertele2,1,2024-04-25 12:57:37
BukuWarung,Mudah nyaman dan menguntungkan,4,2024-04-25 10:24:03
BukuWarung,"Ribet ,,, terlalu banyak daftar2",1,2024-04-23 20:09:35
BukuWarung,bagus,4,2024-04-23 12:50:32
BukuWarung,Screen flash saat buka aplikasi sangat mengganggu dan memakan waktu lama,3,2024-04-23 12:06:27
BukuWarung,sering LOG OUT sendiri. dan hari ini 24 jam tidak bisa LOG IN dengan nomor yg sama. padahal di dalamnya ada data catatan hutang pelanggan Jutaan Rupiah. SAYA MINTA di permudah untuk LOG IN kembali.,1,2024-04-23 07:55:05
BukuWarung,Joz,5,2024-04-21 09:14:55
BukuWarung,"akun sy ter log out karena nomor hangus, masak ga ad solusi untuk memindahkan saldo dr akun lama, sama aja penipuan nih! saldo sy jadi hangus siasia padahal untuk transaksi!! sy sarankan mending cari aplikasi lain yg lebih modern dan solutif!!",1,2024-04-20 10:26:05
BukuWarung,Sudah bbrp kali data2 hutang pelanggan sy hilang gara gara akun suka keluar sendiri,1,2024-04-18 21:24:16
BukuWarung,"Kendala 1. Kenapa gak bisa update Foto Profil? Saat di klik pilihan Galeri, tidak ada respon. Sedangkan jika memilih Kamera, langsung terbuka menu kamera. Kendala 2. Tolong ditambahin menu/fasilitas utk membatalkan topup. Saat ini cuma ada tulisan Menunggu Pembayaran. Apabila kita ingin membatalkan, tidak ada menunya.",2,2024-04-18 16:11:28
BukuWarung,Minta tolong Admin. Saya sudah 5 tahun memakai Buku Warung. Tapi ini koq nggak bisa dibuka kenapa. Minta tolong Admin benerin di Admin saya. Sudah separuh jalan ini. Belum terbackup ke manual juga,3,2024-04-18 09:58:55
BukuWarung,Ga bisa nampung banyak kebanyakan catatan malah error apk nyh,1,2024-04-16 15:59:36
BukuWarung,Kenapa tidak bisa isi pulsa hp....sdah 5 hri ini gangguan....mohon bantuannya,2,2024-04-16 10:45:47
BukuWarung,Banyak eror sekarang,1,2024-04-16 07:20:03
BukuWarung,Kadang tidak tersedia pulsa 10.000 dan 20.000 ....,1,2024-04-14 19:55:01
BukuWarung,"Hadeeh, malah gak bisa dibuka.",1,2024-04-14 01:20:47
BukuWarung,Sekarang buku warung sering keluar dan pemulihan data... Saya jadi bosen Semoga bisa ditingkatkan lagi,4,2024-04-12 17:02:04
BukuWarung,Bagus mempermudah,4,2024-04-12 15:44:44
BukuWarung,Hebat,5,2024-04-09 21:38:27
BukuWarung,"Makin lama makin banyak kendala ,saat melakukan tf uang 1 hari estimasi bahkan lebih dari 1 hari",1,2024-04-07 23:30:30
BukuWarung,"Aplikasi jlek, masa transfer ki uang 2jt ,pending, pas di hubungi pihak penanggung jawab, jawabannya ""baik sementara kami bantu, itu terus ji jawabannya",1,2024-04-07 12:30:42
BukuWarung,Lemot parah,1,2024-04-07 11:25:09
BukuWarung,Tolong ini pulsa pelanggan saya udah 6 jam belum masuk di batalin otomatis juga ngk gamau chat costumer service nya ngk di bales tolong di perbaiki🙏,1,2024-04-07 03:51:08
BukuWarung,Semua dataku hilang karena update. Terimakasih.,1,2024-04-06 11:27:29
BukuWarung,Aplikasi yg sangat membantu,5,2024-04-04 20:55:05
BukuWarung,sangat puas dan sangat membantu,5,2024-04-04 16:00:55
BukuWarung,Kk tolong saya mau aktifkan fitur bayar tagih tapi lokasi saya katanya gak terjangkau 😭 tadinya mau sekalian coba mesin edc nya tapi kalo di aplikasi nya aja gak bisa aktifkan fitur bayar tagih jadi maju mundur iniiiiiiii😭,2,2024-04-02 18:34:58
BukuWarung,"Hati hati data transaksi dan hutang mendadak hilang meski udah di update dan di simpan tetep aja hilang, awal nya puas sama ni apk tapi akhirnya kecewa karena kehilangan semua data, asw",1,2024-04-01 23:07:48
BukuWarung,top,5,2024-03-31 23:20:57
BukuWarung,Kenapa fitur tambah nota nya selalu gagal sekarang ya kak?,3,2024-03-29 14:43:06
BukuWarung,"Komplit Aplikasi ini, yang dibutuhkan ada dalam satu aplikasi, Bisa catat pendapatan dan bisa catat hutang pribadi atw pelanggan, yg paling saya suka bisa cetak resi semua transaksi.. Cuma saran apalagi klo ada simpan data ke google drive atau ke email, biar jaga-jaga ketika ada trouble bisa teratasi. Terima kasih..",5,2024-03-29 05:33:05
BukuWarung,💯,5,2024-03-29 00:25:38
BukuWarung,mantaap.. sekomplit ini aplikasinya,5,2024-03-28 21:05:22
BukuWarung,Apk bagus. Cocok buat saya,5,2024-03-28 09:10:57
BukuWarung,Baru mencoba semoga lancar,5,2024-03-27 00:25:37
BukuWarung,"Cukup bagus kalau pakai aplikasi ini, jangan lupa kalian pakai aplikasi ini ok",3,2024-03-26 20:55:58
BukuWarung,Kenapaa hytannyahh ilanggg,2,2024-03-26 20:14:47
BukuWarung,"Notif nya nawarin pinjol mulu, dapet komisi gede ya dari pinjol??? kayak ga ada info lain gitu, misal, verifikasi toko fisik hadir di jakarta ;(",1,2024-03-26 18:22:58
BukuWarung,"Knp ya nii apk sering bgt ngaco di stock barang ,pdhal sudah sesuai tp slalu aja kadang minus kadang plus ,prbaiki min nnti saya ubah kasi bintang nya",3,2024-03-26 05:10:44
BukuWarung,"aplikasi yg sangat bagus, fitur lengkap, mudah digunakan, dan juga mudah di fahami untuk sistem aplikasinya, hanya menurut saya ada yg kurang, karena aplikasi ini hanya bisa digunakan jika kita terhubung ke internet, dengan kata lain hanya bisa digunakan online, hal ini sangat disayangkan karena jika pelaku umkm di wilayah yg sulit mendapatkan sinyal seperti saya, pasti akan kesulitan untuk menggunakan apl ini ,coba kalau bisa digunakan offline pasti nya aplikasi ini akan jadi no 1 menurut saya",4,2024-03-25 11:33:17
BukuWarung,"Mau isi saldo sekarang lelet banget untuk dapat virtual account nya, untuk pembelian token listrik juga sudah tidak otomatis terkirim pada pembeli. Tolonglah di perbaiki.",1,2024-03-24 19:07:48
BukuWarung,Verifikasi akun prioritas butuh waktu 5 hari. Setelah 5 hari belum ada info . Minta info ngisi data lagi 7 hari menunggu . Saya kecewa Krn lebih sulit ngurus verifikasi prioritas dari pada ngurus SIUP . intinya daerah yg belum terjangkau buku warung jangan mimpi verifikasi perioritas disetujui.,1,2024-03-23 09:27:37
BukuWarung,Udah 2 tahun makai eh malah ancur abis update .. catatan transaksi saya balik ke september 2023. Mana banyak catatan utang .. hilang semua catatannya.. percuma update klo gitu...,1,2024-03-23 07:57:09
BukuWarung,"Klo hp hilanh/no hp hilang sado hangus. Merugikan mitra di bukuwarumg lebih baik jagan pake. Meski klaim aurt kehilangan dll tetep sado hangus. Merugikan mitra. Masih banyak APK ppob, yg lebih baik seperti faspay, mitra shopy mitra bukalaak, mitra tokopedia dll",1,2024-03-22 12:38:04
BukuWarung,Saya udah deposit tapi saldo saya hilang tiba2,1,2024-03-22 00:07:22
BukuWarung,Kenapa setelah update sy ga bs klik laporan u melihat detailnya.,5,2024-03-21 18:58:27
BukuWarung,Tiba2 aplikasinya tidak bisa login.. tidak bisa memasukan kode otp nmor terakhir,1,2024-03-21 13:43:32
BukuWarung,Pengingat hutang via sms kok sudah tidak ada? Biasanya klo ada nasabah jatuh tempo akan diingatkan otomatis via sms sesuai tanggal. Saya beri rate 5 klo sdh oke ya... tq,2,2024-03-21 07:02:51
BukuWarung,Ok,4,2024-03-18 12:31:57
BukuWarung,Bagus untuk orang yang sedang usaha,5,2024-03-17 22:58:05
BukuWarung,"Kenapa mlh jadi ga bisa di buka ya, pdhl smua catetan q dstu smua, tolong bantauannya min🙏",4,2024-03-17 05:33:59
BukuWarung,Mantulll,5,2024-03-16 23:26:22
BukuWarung,Gak guna,1,2024-03-16 16:42:13
BukuWarung,Ini apk pakai versi apa sih..masa di hp olike tab 4 sudah tak comfitrable..bikin susah aja...harus mulai dari awal lagi catatan di pindahkan ke apk credytbook.,1,2024-03-16 10:50:20
BukuWarung,Ka saya udah download aplikasi terbaru ya tapi enggak bisa masuk.. Saya udah wa tapi blm ada balesan,2,2024-03-15 21:32:46
BukuWarung,"Bintang dua, ke level tiga terlalu ribet padahal nama toko dan spanduk sudah benar. Uninstall buku warung.",2,2024-03-15 19:33:13
BukuWarung,"Sangat mengecewakan. Jadi mitra buku warung rugi, kalo hp hilang meski Imel tetap saldo hangus bayangkan kalopuluhan juta apalagi kalo ratusan juta. Saldo gak bisa kembali. Padahal daftar feripikasi pake fto dan KTP serta rekening penampung tapi saldo GK bisa kembali. Hati hati bagi calon mitra baru.",1,2024-03-14 18:23:46
BukuWarung,Aplikasinya bagus Dan sangat Bermanfaat dan membantu 😊🙏,5,2024-03-13 21:09:39
BukuWarung,"Mau top up saldo ga bisa lewat Bank BCA sangat menyulitkan, semoga diperbaiki secepatnya",3,2024-03-12 15:15:41
BukuWarung,"Masa setelah sms otp masuk aplikasi tidak menanggapi. Jd gk bisa masuk gimana sih ? Padahal ini pake android 13, chipset snapdragon 750",1,2024-03-11 19:31:16
BukuWarung,gimana cara menganti no tlp buku warung karena saya tidak bisa login lagi karena no tlp sudah tidak aktif lagi kemana menghubungi call centre nya terima kasih,4,2024-03-10 18:04:14
BukuWarung,"Aplikasi ini sangat bermanfaat untuk UMKM dalam mencatat hutang dan penjualan, sukses selalu BukuWarung.",5,2024-03-09 07:30:38
BukuWarung,"Menurut Sejauh ini, aplikasi buku warung sudah oke dan saya udh cukup lama pakai aplikasi ini, saran saya untuk menu tambah usaha baru, diberikan masing2 pasword atau kunci dan saldo nya terpisah, supaya lebih enak untuk manajemen bagi pengusaha yg sudah buka beberapa cabang. Supaya nga repot juga kalau harus beli kartu baru terus daftar masing2 akun dan verifikasi lagi.",5,2024-03-08 23:50:16
BukuWarung,"Laporan utang tiap individu sekarang malah tidak bisa di unduh, mohon segera lakukan perbaikan.",2,2024-03-07 18:42:18
BukuWarung,3 S SANGAT MUDAH SANGAT MANTAP SEMPURNA,5,2024-03-07 10:27:28
BukuWarung,Pokoknya terima kasih,5,2024-03-07 07:25:03
BukuWarung,Kasih katalog yang ada fotonya🙏🥰,4,2024-03-06 15:31:16
BukuWarung,Awalnya saya sudah sedang dengan Aplikasi ini.. Dikarna Mudah penggunaannya dan Sudah bisa jual prodak Digital. Namun saya sangat Kecewa dengan Fasilitas download Excelnya tidak berfungsi.. Dan blom munpunya Dasboard web.,1,2024-03-05 19:58:59
BukuWarung,"Aplikasi nya sangat membantu sekali untuk saya, sangat mudah digunakan",5,2024-03-05 15:22:03
BukuWarung,Fitur live chat CS nya gak membantu. Pertanyaan ku gak dijawab²,1,2024-03-05 12:53:23
BukuWarung,Layak bintang 🌟 apk lelet,1,2024-03-05 03:27:43
BukuWarung,"Ada bug saat melakukan mencatat transaksi penjualan dimana saat jumlah penjualan desimal 2 angka dibelakang koma, hasil keuntungan nya jauh meleset karena koma dibagian harga modalnya jadi seperti tidak dianggap sehingga nominalnya jadi terlalu besar. Mohon diperbaiki. Terimakasih",4,2024-03-04 21:07:47
BukuWarung,Baru mau nyoba dulu,3,2024-03-04 10:13:23
BukuWarung,Cara dapet mesin edc juragan,5,2024-03-03 23:10:44
BukuWarung,saya pengguna baru melihat aplikasi ini sangat membantu,4,2024-03-03 01:36:16
BukuWarung,Sampah,1,2024-03-03 00:31:49
BukuWarung,Bagus,5,2024-03-02 23:29:44
BukuWarung,PERBAIKI !!!!!!!!!!!,2,2024-03-02 18:17:54
BukuWarung,"kenapa sekarang gak bisa pakai , atau . Lagi yah jdi sulit jual ikam atau sayur kan timbangan nya gak nentu bisa lebih gitu jdi susah hrus timbangan tetap",2,2024-03-01 19:58:38
BukuWarung,Tidak bisa menyimpan bukti transaksi lewat foto,1,2024-02-29 18:26:27
BukuWarung,Sistem pembelian lalot kadang sampai setengah belum sampai wadduh parah,1,2024-02-29 12:27:38
BukuWarung,Mantap,5,2024-02-28 04:54:02
BukuWarung,Memperlancar usaha saya,5,2024-02-25 19:52:28
BukuWarung,Min... Aplikasi nya kok ga bisa download laporan sih,1,2024-02-25 09:55:27
BukuWarung,Sangat membantu dlm pembukuan,5,2024-02-24 18:18:57
BukuWarung,Aplikasi ini sangat bagus Sy kasi bintang 5,5,2024-02-24 13:02:01
BukuWarung,Akurat dan tepat waktu,5,2024-02-22 06:34:14
BukuWarung,Good,5,2024-02-21 13:53:54
BukuWarung,"Sangat membantu pekerjaan saya, terima kasih.. Good app👍👍👍👍👍 Kenapa sekarang sering error ya, lunasin tagihan malah muncul lagi nominal baru ntah darimana",5,2024-02-19 15:29:58
BukuWarung,Ok,5,2024-02-18 18:57:22
BukuWarung,Apakah buku warung mengeluarkan mesin edisi? 3 bintang dulu kalo di jawab baru bintang 5,3,2024-02-18 11:17:59
BukuWarung,"Aplikasi ini sangat bagus, bisa membantu toko2 kecil (kelontong) seperti punya saya, dan keren banget (tidak ada iklan2nya sama sekali). Bahkan klo punya printer, bisa langsung cetak struk belanja. Bayangin aja, toko/warung kecil bisa cetak struk, keren abis pokoknya",5,2024-02-18 08:56:34
BukuWarung,"setelah update eee malah aplikasi gak bisa di buka,,,buka sebentar trus keluar sendiri,,,hede,,",1,2024-02-17 22:50:46
BukuWarung,Jelek lelet,1,2024-02-17 20:42:27
BukuWarung,"Apk penuh bug, hitungan keuangan dan penjualan kadang salah",1,2024-02-17 16:54:38
BukuWarung,"Fitur bayar sekarang ga bisa diandalkan, status berhasil tapi saldo tidak masuk ke rekening, sering sekali kejadian sangat rawan",1,2024-02-17 14:11:26
BukuWarung,"Bagus untuk data dan catatan, Tapi saran untuk qiris y masih lambat untuk penarikan y beda dengan aplikasi sebelah, dana masuk langsung bisa di tarik,tidak perlu nunggu 24jam kerja",5,2024-02-16 08:02:08
BukuWarung,"Masih butuh perbaikan di pembukuan otomatis, banyak transaksi yg tidak tercatat",4,2024-02-16 05:28:58
BukuWarung,Ok,5,2024-02-15 07:09:23
BukuWarung,Aplikasinya keren mudah dimengerti. Sukses selalu,5,2024-02-14 11:21:29
BukuWarung,Baik dengan aplikasi ini sangat membatu orang,5,2024-02-14 00:21:39
BukuWarung,"Setelah update aplikasi lemot, hp saya 5G padahal, saya kembalikan ke versi sebelumnya baru bisa lancar, intinya jangan di update dulu versi terbaru masih belum sempurna.",3,2024-02-13 16:23:11
BukuWarung,Habis update berat,1,2024-02-13 15:26:02
BukuWarung,Setelah di update kenapa malah jadi freez yaa gak bisa terbuka sama sekali padahal banyak data saya disitu😭tolong segera di perbaiki yaa min 🙏🏻,1,2024-02-12 17:01:42
BukuWarung,Setelah update malah gak jelas catatn banyak yg hilang 😩,1,2024-02-12 16:03:55
BukuWarung,"Tidak ada gangguan sama sekali, HP saya PocoM3😌",4,2024-02-12 07:35:09
BukuWarung,"Data yg lama hilang, gk bisa di update",1,2024-02-11 00:02:35
BukuWarung,OK,5,2024-02-10 21:21:33
BukuWarung,Mantap INFO BIAYA SEWA EDC,5,2024-02-10 20:48:02
BukuWarung,Mantap,5,2024-02-10 01:50:41
BukuWarung,Melengkapi data dulu,5,2024-02-09 15:43:37
BukuWarung,Terima kasih karena sudah diperbaiki,5,2024-02-09 13:28:06
BukuWarung,"Karena sudah diperbaiki, Kembali seperti biasa, Saya kasih 5⭐.",5,2024-02-09 11:02:19
BukuWarung,"akhir ini selana sya perbaharui, sangat lambat, kadang mengirim pulsa 15 menit baru ada pemberitahuan antara gagal dan berhasil, bgitu pun transfer, lama2 sya pindah ke aplikasi lain",2,2024-02-09 10:23:55
BukuWarung,"Semakin berat, lelet, lemot, mungkin dibuat kayak gitu biar semakin banyak menyedot paket data, tiap buka page loading seperti sedang mendownload ulang si aplikasi.",1,2024-02-09 09:56:20
BukuWarung,Semua catatan saya hilang gara² update jd lupa semua tagihan kemana saja😭 pdhl sebelumnya ok ok saja.,1,2024-02-08 20:03:21
BukuWarung,Kok gak bisa di download di tab ya,3,2024-02-08 17:10:49
BukuWarung,mantap sudah normal kembali,5,2024-02-08 10:13:44
BukuWarung,"Haduh catatan pembukuan saya jadi amburadul gak karuan, gak bisa di percaya lagi buat nyimpen data2 pembukuan. Payah....",1,2024-02-08 08:14:42
BukuWarung,"Setelah di update kok malah sering close/ bug,,,",2,2024-02-07 22:35:48
BukuWarung,Makin kesini aplikasi gak karuan lelet minta ampun.,2,2024-02-07 18:27:33
BukuWarung,Udh normal kembali setelah ada update... Makasih admin... 👌👌👌,5,2024-02-07 16:09:02
BukuWarung,Bagus,5,2024-02-07 12:58:13
BukuWarung,"Setelah update terbaru, lemot banget, bahkan kadang hang dan freeze tidak bisa di apa²in, hp saya samsung s21 ultra dan s22 ultra, semoga segera di update lagi karena semua data transaksi saya ada di sini. Thanks developer 🙏👍",1,2024-02-07 07:35:30
BukuWarung,Alhamdulillah akhirnya bisa berjalan dg baik lagi,5,2024-02-07 04:50:26
BukuWarung,Habis update ni aplikasi menguji kesabaran saya,1,2024-02-07 01:42:18
BukuWarung,"Setelah berulang kali di update banyak catatan yang hilang,ini gimana sih 😫😫😫",1,2024-02-06 20:40:55
BukuWarung,Min Ini apk kenapa tidak bisa digunakan lagi. Hanya sampai layar awal saja Ke utang dll ga bisa. Aduh gimna ini.,2,2024-02-06 19:12:16
BukuWarung,"Untuk mengatasi lemot, coba di install ulang, selama pencatatan pembukuan nyambung dengan internet, histori ga bakal hilang kok.",5,2024-02-06 18:28:55
BukuWarung,"last update lemot,, ga bisa digerakkan",1,2024-02-06 16:01:05
BukuWarung,Kenapa sekarangg jadi lelet ..bikin emosi .,1,2024-02-06 15:22:33
BukuWarung,Kenapa sih aplikasinya? Semenjak di update jadi leg. Mau sampe kapan kaya gini aplikasinya? Jadi susah ini mau catat keuangan,1,2024-02-06 13:39:04
BukuWarung,"Setelah di updet,,, lemot banget,, lihat catatan hutang aja ber jam jam, ,, fiksssss jadi males pakek",1,2024-02-06 12:29:16
BukuWarung,"Sampai sekarang akun saya tdak bisa d buka, orang niat mau dagang kok uang saya d bekukan d akun saya",1,2024-02-06 12:13:08
BukuWarung,kenapa lemotttt parah,1,2024-02-06 01:31:13
BukuWarung,Keren. Mudah dioperasikan,5,2024-02-06 01:12:17
BukuWarung,setelah update menjadi.lemot...ada solusinya kah?,3,2024-02-05 21:17:33
BukuWarung,Ok,5,2024-02-05 20:31:15
BukuWarung,"Tgl 5 feb 2024 setelah update lelet parah. Sering sekali muncul cadangkan ditemukan dan berjam jam tidak selesai"", saya mau catat jualan jadi ga bisa.",1,2024-02-05 19:21:47
BukuWarung,"menggangu sekali sih,, mau isi pulsa lemot banget,, mana catatan keuangan hutang orang² ada disitu semua lg,, dibuka mau liat catatan lemot amattt customer nungguin mau bayar,, duhhhh knp sihhhhh 😭",1,2024-02-05 19:10:25
BukuWarung,Setelah terapdet lalod sekali tidak bisa Tamba saldo atau jual pulsa. Mohon d bantu,3,2024-02-05 19:01:08
BukuWarung,Ini kenapa siap di update malah lemot bgt ya... Suka error jg... Why.???,1,2024-02-05 16:36:06
BukuWarung,Lemot banget cok. Hbis di update malah gini. Asu,1,2024-02-05 12:34:22
BukuWarung,Makin di update makin parah,1,2024-02-05 12:11:58
BukuWarung,Aplikasi lelet banget,1,2024-02-05 11:45:55
BukuWarung,"Kok abis update agak aneh yah, loading terus ga bisa catet transaksinya baik pke data maupun wifi ( 50mbps ) buat youtube lancar kok buka apk ini ga kuat yah.",1,2024-02-05 11:22:44
BukuWarung,"Setelah Update terbaru ,, Aplikasi malah lelet banget bos,, Di sentuh pun kaga bisa",5,2024-02-05 10:36:28
BukuWarung,Sudah lancar setelah di uninstal,5,2024-02-05 07:50:58
BukuWarung,Gak bisa diakses tiba2 lemot terus laporanku gimn ini,1,2024-02-05 06:33:06
BukuWarung,Ee semenjak di perbarui apl berat taii,1,2024-02-04 21:51:50
BukuWarung,Ora kenek dibuka aplikasi gasuutt,1,2024-02-04 20:45:19
BukuWarung,Sebenarnya aplikasi sangat bagus tapi setelah di update malah lemot super lemot buka halaman awal saja ga bisa apalagi menu yang lain......mohon dev segera up,2,2024-02-04 19:22:02
BukuWarung,"Apk ini kurang bagus nyesel udh intstal mau apgret premium ajh di persulit padahal data udh lengkap dan jelas,udh kaya sama apk dana sulit banget di apgret padahal data diri lengkap jelas dan tajam",1,2024-02-04 17:14:28
BukuWarung,Setelah Update Loading Lama. Hitungan Juga Sering Nggak Cocok 😭,1,2024-02-04 15:04:29
BukuWarung,Setelah di update mlah gk bisa di buka apknya.. Parah,1,2024-02-04 14:59:43
BukuWarung,Aplikasi kocak. Error kok sampe berhari hari.,1,2024-02-04 12:01:03
BukuWarung,Makin hari makin lemot aplikasinya,1,2024-02-04 09:41:27
BukuWarung,"Kacau habis update, lelet bettt",1,2024-02-04 08:15:28
BukuWarung,"Ini aplimkasi baru di update malah lemot banget , saya pengguna lama jadi kecewa hemmmm",3,2024-02-03 23:12:24
BukuWarung,Good,5,2024-02-03 19:37:20
BukuWarung,Sudah normal dengan cara Hapus data dan log in ulang.,4,2024-02-03 18:48:16
BukuWarung,"Ng bug, fitur gabisa di pencet, cuma bisanya geser"" halaman aja",1,2024-02-03 17:54:24
BukuWarung,knp setelah update malah sulit masuk ke bukawarungnya????,5,2024-02-03 17:02:14
BukuWarung,PEMBELIAN PULSA 2X TIDAK MASUK SUDAH KOMPLAIN DI CS SUDAH KIRIM BUKTI TAPI NYATANYA TIDAK DA REFUND UANG KECEWA BERAT NGGK USAH PAKAI BUKU WARUNG LAGI UJUNG UJUNGNYA BUKAN UNTUNG TAPI RUGI !,1,2024-02-03 16:13:34
BukuWarung,Setelah update kok apl nya jadi berat👎,1,2024-02-03 14:53:32
BukuWarung,Habis di perbaharui malah makin lemot bukanya,4,2024-02-03 14:31:36
BukuWarung,Aplikasinya stak bos. Gak bisa ngapa²in.,1,2024-02-03 11:07:16
BukuWarung,"Berkali kali coba mendaftar tetap aja bermasalah di kode otp. Padahal sudah sesuai dengan kode yang di krim dari wa dan sms, auto uninstall",1,2024-02-03 10:47:36
BukuWarung,"Setelah update barusan kok susah di pakai, seperti lag gitu , susah untuk catat penjualan",1,2024-02-03 09:18:50
BukuWarung,"Sbnerna aplikasi sngat bagus sangat membanth dlam pncatatan dan ada ftur qris dan menu PPOB cuma stelah updt aplikasi jdi lemot mau ctct hutng jdi susah bjka cttan yg lama aja loading lama, mjon perbaiki kalau ingn aplikasi ini banyak yg pake klo gak paling bntr lagi juga pda pindah ke app lain",2,2024-02-03 07:45:35
BukuWarung,"woy anjnk,mkin lm makin tolol.lemot ngereload saldo aja.setan",1,2024-02-03 06:29:18
BukuWarung,Habis update malah tidak bisa dipencet,1,2024-02-03 04:54:06
BukuWarung,Apk nya ngelag,1,2024-02-03 00:09:56
BukuWarung,Aplikasi ngk jelas awal ny aj bagus lama lama lambat kali ini aplikasi,1,2024-02-02 23:46:33
BukuWarung,Update terkahir bug mohon di perbaiki,2,2024-02-02 22:12:58
BukuWarung,"Setelah update versi terbaru, aplikasi sangat lelet / respon lama / lemot / loading lama... Hp saya Vivo X80 Pro Sinyal Duper duper bagus, buka aplikasi ini saja lelet super super lelet. Perbaiki aplikasinya, kalau sudah normal rating ini saya update.",1,2024-02-02 20:54:08
BukuWarung,Abis update malah banyak bug jadi lemot ga fungsi,1,2024-02-02 20:35:46
BukuWarung,"mohon percepat perbaikan bugnya, sering banget setelah update malah lebih lelet",1,2024-02-02 20:14:12
BukuWarung,"Min tolong dibereskan, kenapa jadi susah dibuka ini aplikasinya lag terus semenjak d update 🙏🙏 catetan saya jadi keganggu 🙏🙏",1,2024-02-02 19:12:26
BukuWarung,Kok sekarang jadi lelet yaa.. Gak kayak sebelumnya. Jadi terganggu kalo lagi pembukuan,2,2024-02-02 18:32:07
BukuWarung,pas lagi butuhkan malah sering ngebug susah,2,2024-02-02 18:11:18
BukuWarung,Mantap,4,2024-02-02 17:34:33
BukuWarung,Setelah diperbaharui jadi lalod benar.,2,2024-02-02 17:22:51
BukuWarung,"Semenjak di update malah kayak ngebug banget, parah",2,2024-02-02 17:16:45
BukuWarung,"Kenapa jadi ngelag banget ya. Udah hapus cache sama aja. Padahal dulu lancar. Tolong segera diperbaiki, saya naikin bintangnya kalau udh lancar lagi.",2,2024-02-02 16:28:50
BukuWarung,"Sebenarnya,, apk ni,,sebelum ny cukup membantu,,tp stelah di update,,apk ny loading trus,,padahal data2 saya banyakndi dalam ny.. Hub cs jg gk bisa,, Gmn solusi ny gan..?",1,2024-02-02 14:46:56
BukuWarung,Habis update malah lemot error,1,2024-02-02 14:13:17
BukuWarung,Aplikasi buku warung saya macet ga bisa konek. Aduh mana banyak catatan utang nya,4,2024-02-02 14:03:03
BukuWarung,Updatenya error,2,2024-02-02 13:49:42
BukuWarung,"Mohon di tambahkan fitur barcode, saya terpaksa beralih ke aplikasi sebelah utk pengelolaan kasir toko karna di buku warung tidak ada fitur tsb, sekarang hanya digunakan untuk transaksi pribadi",5,2024-02-02 13:24:37
BukuWarung,Bagus sekali,5,2024-02-02 12:45:11
BukuWarung,Kok apk nya jadi lelet gini yaa....ini apa gak ada kontak untuk bantuan yaa,2,2024-02-02 10:36:34
BukuWarung,Aplikasi dijalankan berat padahal speknya n wifinya oke,1,2024-02-02 08:37:36
BukuWarung,"Ini kenapa ya k, setelah diupdate kok aplikasinya jadi hang, bisa dibuka tapi gak bisa di klik....",2,2024-02-02 07:52:51
BukuWarung,Setelah di update makin muter2 crash,1,2024-02-01 22:02:26
BukuWarung,di update malah jd lemot!gausah donlot,1,2024-02-01 20:47:48
BukuWarung,"Habis di upgrade malah lelet parah gabisa dibuka 😮‍💨 yg bener aja, rugi dong",1,2024-02-01 18:50:10
BukuWarung,"Habis update jadi berat bnget, hp smpe panas cmn buat aplikasi ini",1,2024-02-01 18:31:24
BukuWarung,"Apaan Sihh, setelah update malah patah""",1,2024-02-01 18:20:44
BukuWarung,Gak bisa digunakan sama sekali,1,2024-02-01 17:40:53
BukuWarung,"Tolong hilangkan fitur foto toko fisik, cukup upload bukti legalitas bisa dapat prioritas.",5,2024-02-01 16:24:55
BukuWarung,Aplikasinya mantap,5,2024-02-01 11:50:56
BukuWarung,TIBA2 APLIKASINYA G BISA DIBUKA SEHARIAN PADAHAL MAU UNTUK DATA TUTUP BUKU 😭. Ini giman nasib data g ada backupanya 🥺,1,2024-01-31 18:51:56
BukuWarung,"Coba tambah kan fitur uang kurang, kadang ada juga pembeli yang uang nya kurang.. kalo di apk kan cuman sudah lunas aja..",5,2024-01-30 22:29:51
BukuWarung,"setidaknya kalau trx nyangkut hingga 1 hari lebih diberikan kompensasi, seperti di aplikasi sebelah yg memberikan garansi uang 50k jika trx tidak masuk dalam waktu 10 menit, cih pindah semua nih yang pakai buku warung",1,2024-01-30 19:25:36
BukuWarung,Kenapa buku warung di HP saya ini tidak bisa mendownload nota atau laporan keuangan?,3,2024-01-29 10:51:33
BukuWarung,Terimakasih buku warung,5,2024-01-29 05:30:14
BukuWarung,"Saat download laporan terlalu lama, pada akhirnya kembali lagi",4,2024-01-28 20:07:41
BukuWarung,"Kak, aku salah kirim ke akun bw orang 😭 uangnya bisa balik ga ka? Aku keder mau komplain kemana",1,2024-01-27 18:43:22
BukuWarung,Keren ini,5,2024-01-26 20:09:33
BukuWarung,Saya sudah pakai buku warung lebih dari 4 tahun,5,2024-01-26 19:45:28
BukuWarung,"Pemulihan data lambat sekali, saya menunggu lebih dari 5 jam untuk update data. Dan datanya juga tidak bisa diintegrasi dengan device lain.",2,2024-01-25 18:19:19
BukuWarung,Bagus aplikasinya,5,2024-01-23 23:55:39
BukuWarung,Kenapa Tidak bisa dibuka per tanggal 22 januari 2024,1,2024-01-23 20:08:42
BukuWarung,Ok,5,2024-01-23 01:09:30
BukuWarung,Min tolong di cek..kenapa apk buku warung sekarang suka berhenti dan kadang tak suport ke beberapa Android? Di situ banyak catatan saya,1,2024-01-22 20:28:42
BukuWarung,"Data utang tidakbisa di donloand di android 13 kemudian di perangkat lama malah ada lambang kunci tidakbisa lihat rincian, malah makin buruk makin uprage bukan nya makin baik",1,2024-01-21 18:11:07
BukuWarung,"Tahun 2021 pakai, data tahun 2024 hilang, mana transaksi hutang pelanggan hilang semua , pembaharuan malah bikin buntung. Mana gak bisa pemulihan data, pemulihan data cuman nyampai 2023 bulan Agustus. Rugi pisannn......kecewaa",1,2024-01-21 17:02:45
BukuWarung,"Jelek, lelet, selalu pending",1,2024-01-21 12:16:54
BukuWarung,Cek info laporan tidak bisa langsung mental ke menu biasa Untuk catat ke uangan payah,1,2024-01-20 22:25:54
BukuWarung,"Transaksi nya kadang lama benget bisa sampe 1 hari, dan gabisa di batalkan",1,2024-01-20 21:28:29
BukuWarung,Ga bisa update,1,2024-01-20 13:51:41
BukuWarung,Kenapa laporan keuangan tidak bisa di Download,3,2024-01-18 16:24:15
BukuWarung,"Aplikasinya sangat baik untuk mengatur keuangan, ngak nyesel deh kenal aplikasi ini.",5,2024-01-18 15:11:28
BukuWarung,Aplikasi ini sangat bermanfaat,5,2024-01-17 18:49:10
BukuWarung,Masih bnyak kurang nya..antara catatan hutang sama catatan harian gak bisa singkron..dicatatan hutang udah dilunaskan..tpi di catatan hariannya masih tertulis transaksi belum lunas..,3,2024-01-17 16:02:32
BukuWarung,Aplikasi cacat tiba2 ngilang,1,2024-01-16 11:29:53
BukuWarung,Sangat bagus,5,2024-01-16 02:47:32
BukuWarung,"Baru mau nyoba pakai apk ini. Kak, tolong ditambahin harganya donk. Semisal beli bijian sama beli box kan biasanya ada bedanya. Tolong ditambahin donk kak. Terima kasih banyak sebelumnya. Semoga bisa pakek apk ini terus, biar gak pusing sendiri. Soalnya baru nyoba usaha lagi setelah down. Minta doanya nggeh. Mugi lancar dan rame.",3,2024-01-15 17:35:37
BukuWarung,Mantap,5,2024-01-15 15:50:34
BukuWarung,Isi waktu luang lumayan,5,2024-01-15 00:42:16
BukuWarung,udah ada fitur mesin edc nya ga?,5,2024-01-14 01:56:45
BukuWarung,Idih parah...system tidak menanggapi...keluar mulu,1,2024-01-13 13:17:55
BukuWarung,"Sudah bagus, tolong tambahkan pembayaran gas PGN",5,2024-01-12 19:49:52
BukuWarung,Bagus,5,2024-01-11 17:26:24
BukuWarung,"Aplikasi paling jelek, 👎👎 saldo sudah terpotong tp tdk masuk ke rekening tujuan di komplen ke cs di suru tunggu 1 hari kerja, cukup 1 hari di suruh tunggu 4 hari kerja terlalu plin plan, sales-nya jg GK tanggung jawab di telfon malah di tolak panggilan 👎👎😡",1,2024-01-11 13:19:45
BukuWarung,"Semenjak update terbaru, perangkat yang sudah di modifikasi tidak bisa menggunakan aplikasi ini. Kecewa berat. Padahal cuma buat pencatat keuangan toko. Kasih solusi lain lah dev. Hp jaman old juga pengen pakai aplikasi jaman now. Edit: lah gimana mau balas via live agent, Buka aplikasi saja di tolak.",1,2024-01-11 13:08:51
BukuWarung,"Awal install masih bagus, tapi cuma bbrp bulan sdh tdk bs digunakan, loading dn tdk bs masuk lagi. Jadi sangat mengecewakan.",1,2024-01-11 08:23:24
BukuWarung,Koq ga bisa mengunduh laporan ya setelah di update,2,2024-01-11 06:37:41
BukuWarung,Laporannya sudah tidak bisa di unduh lagi,1,2024-01-10 18:11:25
BukuWarung,"ᥲᥕᥲᥣ2 ᑲᥲgᥙs. 𝗍⍴ skrg mᥲᥣᥲһ gᥲ ᑲіsᥲ ᥒᥲmᑲᥲһ ᑲᥲrᥲᥒg kᥱ 𝖿і𝗍ᥙr""𝗍ᥲmᑲᥲһ ᑲᥲrᥲᥒg""(gᥲ ᑲіsᥲ ᥒgᥱsᥲ᥎ᥱ). sᥲm⍴ᥱ skrg ᑲᥣm 𝗍ᥱrᥲ𝗍ᥲsі. sᥙძᥲһ 2 һr.",2,2024-01-10 15:09:41
BukuWarung,Gua kecewa sama Bukuwarung.. Tiba tiba akun keluar sendiri trus login lagi memasukan kode otb .. Tapi pas masuk pembukuan gua yang sekarang malah hilang . Malah muncul pembukuan 1 tahun kebelakang .. Gua kesel pemasukan dan pengeluaran gua yang sekarang hilang dan gak jelas ..,1,2024-01-09 21:29:34
BukuWarung,selalu memberikan yg terbaik,5,2024-01-09 21:06:49
BukuWarung,Good,5,2024-01-09 18:15:33
BukuWarung,Aplikasi buku warung lumayan. Tapi lama klu buat kirim uang uang atau tarik tunai,2,2024-01-09 13:49:25
BukuWarung,"Buku warung sy tdk bisa buka lg, mohon solusinya",5,2024-01-09 10:41:16
BukuWarung,Meragukan,1,2024-01-08 23:06:11
BukuWarung,maling saldo,2,2024-01-07 12:50:37
BukuWarung,kok mau abdet lgi TDK bisa,5,2024-01-06 01:33:18
BukuWarung,"Awal pake aplikasi ini bagus membantu banget untuk menyimpan catatan hutang orang - orang, tapi setelah di update koq malah susah login. Selalu keluar lagi setiap mau isi kode 4 digit nya. Mana masih ada catatan penting hutang dlm aplikasi ini min 😭",3,2024-01-05 11:12:45
BukuWarung,Kasih pengisian saldo Mexim dong min,3,2024-01-05 09:57:58
BukuWarung,Tidak ada untuk maxsim tup ap,2,2024-01-05 01:27:05
BukuWarung,"seharusnya saat di menu stock, tambahkan harga jual pokok (modal). jadi saat menjual barang ga perlu lagi masukin manual harga modal nya",3,2024-01-04 10:50:58
BukuWarung,Knpa gx bisa teris stal,5,2024-01-03 21:00:54
BukuWarung,"Catatan hilang, berantakan",1,2024-01-03 09:44:06
BukuWarung,tidak bisa unduh laporan keuangan,2,2024-01-02 21:47:39
BukuWarung,"Tidak bisa unduh laporan, tolong segera di perbarui juragan !",2,2024-01-01 20:20:43
BukuWarung,Buku warung is the best,5,2024-01-01 16:24:07
BukuWarung,Unduh laporan dari akhir okyober sampai awal tahun masih belum bisa percuma lapor cs tetap g ada solusi nya. Tugas laporan jadi numpuk padahal apk ny bagus terprinci kalau ada rekom apk lain mungkin pakai yg lain .kata nya hari ini bisa digunakan unduh nya tetapi tetap sama aja,1,2024-01-01 12:08:28
BukuWarung,Aplikasinya bagus dipakai tapi begitu aplikasinya terhapus datanya tidak bisa dipilihkan ke tanggal yg tebaru,1,2023-12-30 18:55:49
BukuWarung,setelah diupdate tidak bisa unduh laporan,1,2023-12-30 12:31:33
BukuWarung,"qris shutdown, good bye, uninstall.",1,2023-12-29 17:20:19
BukuWarung,"Di refresh malah pelanggan yg sudah lunas tercatat belum lunas, aneh",2,2023-12-27 21:32:49
BukuWarung,"Aplikasi taaii , ngitung jumlah hutang banyak yang salah",1,2023-12-27 18:01:25
BukuWarung,"Awal pake aplikasi in sangat membantu dalam hal pembukuan. Tpi setelah update, catatan sya berantakan. Jdi sya pusing luruskan.. Catatan utang tidak terhubung lagi ke transaksi, ada catatan tidak terekap, dan stok barang yg tiba2 berubah ad yang jadi kelebihan bahkan ada stok yg minus 🙈 Mohon admin berikan solusinya. Nyesel update aplikasinya",2,2023-12-26 11:47:23
BukuWarung,"secara luas bagus,, tp pliis donk bikin buat instal di laptop,",4,2023-12-25 13:05:49
BukuWarung,GK jelas.nih.ngebank kemana nih aplikasi.hapus data saya GK jelas.,1,2023-12-24 22:33:55
BukuWarung,Saya sudah menggunakan buku warung srlama 3 THN Tapi udah 2 hari apl GK nis dibuka Ada apa ya Bahaya ni Data saya semua di buku warung,3,2023-12-24 14:49:02
BukuWarung,Aplikasi yang sangat membantu dalam memanage seluruh keuangan perusahaan. Terima kasih untuk Buku warung team. Semoga lebih baik dari hari ke hari.,5,2023-12-23 13:03:47
BukuWarung,Diupdate bukanya tmbh baik mlah tmbh ngelag Udh ram 6 ini hp pdhal,1,2023-12-21 19:33:22
BukuWarung,Sangat membantu kerja saya,5,2023-12-21 14:25:57
BukuWarung,Mntap,4,2023-12-21 14:15:27
BukuWarung,Kenapa skrg tidak bisa dibuka lagi ya?,3,2023-12-21 12:58:43
BukuWarung,Biar lebih menarik saat keluarkan nota ada catatan diskon biar menarik,4,2023-12-21 06:36:04
BukuWarung,Sering ke pending proses ny lama trus kadang akhirnya gagal,1,2023-12-20 20:44:54
BukuWarung,Bnguss,5,2023-12-20 00:28:53
BukuWarung,Awal buka apliksainya langsung kluar sendiri mpe 3 atau 4x baru bisa normal..gitu trus tiap buka,3,2023-12-19 19:40:49
BukuWarung,Bestlah Catatan utang jadi rapo terukur dan menarik ditambah tidak adanya iklan Rekomonded,5,2023-12-19 04:34:05
BukuWarung,Membantu,5,2023-12-18 14:46:21
BukuWarung,"Mohon kedepannya pada saat memasukan jumlah saat membeli stok barang baru dibedakan dengan stok barang yang laku per item nya jangan disatukan dilaporan pembukuan khusus untuk retail yang menjual per item, misal permen sebungkus hrg sekian dan mau dijul ecer per item dari permen sebungkus tadi diatas.",4,2023-12-18 07:50:44
BukuWarung,"Tolong ka perbaiki bug.. Tdk bisa dowload laporan keuangan..... Terima kasih.,",5,2023-12-18 01:07:56
BukuWarung,"Apk jelek, masa tiba"" Di menu pembukuan utang nya jadi berubah tanbah banyak beda sama di menu utang, jadi bingung",1,2023-12-16 22:45:08
BukuWarung,Bagus. Terimakasih,5,2023-12-16 10:29:04
BukuWarung,Saya tidak bisa masuk ke bukuwarung,5,2023-12-16 09:04:05
BukuWarung,Pesen sms pengingat tagihan ga ada yg masuk ke pelanggan,1,2023-12-16 03:08:26
BukuWarung,Mengapa hutang piutang yang telah lunas muncul kembali padahal sudah lunas semua,3,2023-12-15 10:01:28
BukuWarung,Sangat membantu,5,2023-12-15 06:42:45
BukuWarung,"Saya topup,transaksi sukses saldo belum di terima sampai saat ini, ini apk bagusnya offline saja. Rugi gua",1,2023-12-14 23:39:08
BukuWarung,Saya tidak bisa update apk ini,1,2023-12-14 20:07:34
BukuWarung,"Nih bug unduh laporan kagak bener2 Bukanya mudahin malah nyusahin Buat calon pengguna ati2 deh kalo buat laporan ntar kagak bisa diunduh, dah nunggu 2bulan kagak bener2.",1,2023-12-14 19:47:24
BukuWarung,Koh sering bermasalah ya,5,2023-12-14 09:23:32
BukuWarung,"Untuk sistem pembukuan mudah dipahami dan lumayan lengkap fiturnya. Tapi untuk kedepannya dioptimalkan lagi aplikasinya, masih banyak bug, kurang responsif, dan lumayan sering terjadi gagal transfer. Untungnya masih ada pengembalian walaupun nunggu beberapa menit. Optimalkan pembukaan juga, masih ada ketidakcocokan pada catatan hutang. Tambahin fitur isi saldo di indo/alfa juga biar lebih mantap aplikasinya👍",4,2023-12-13 19:31:12
BukuWarung,"Tiba-tiba harus login kembali, pas sudah login data hilang semua",1,2023-12-13 01:04:48
BukuWarung,"pliss knapa si? pdhal udah 1 tahunan lebih pake inj aplikasi aman aman ajaa, eh pas saya update bner bner susah, yg kendala pertama gbsa login padahal otp masuk dg jelas, abis itu yang diakalin hapus trus instal. lagi apk nya and allhamdulilah bagus bisa login, ehh tau taunyaa data baru ilang adanya catatan lamaa pliss sakit hati bngt, terus pas aku hubunngin CS nyaa gak ngaruh sama sekali sama sarannya! knpa si justru dimna mna di update makin bagus inimah makin parah, cs jga off gt aja gjlas!",1,2023-12-12 21:11:31
BukuWarung,"Aplikasi scam, transfer lumayan banyak, keterangan sukses tapi saldo tidak masuk, di komplain udah 7 hari masih aja gak masuk.",1,2023-12-12 12:38:35
BukuWarung,Bagus,5,2023-12-12 07:21:54
BukuWarung,Lebih mudah dipahami dan mudah digunakan Kalau bisa d bikin scan nya supaya lebih mudah menambah stok dan transaksi nya,5,2023-12-11 21:15:06
BukuWarung,"Saya sudah pakek aman,,dan respon admin juga cepat tidak kecewa,,, sedikit saran Tolong bantu yg sudah punya edc sendiri harus bisa juga jgn beli lagi",5,2023-12-10 20:46:19
BukuWarung,Gua keluar sendiri mana catetan di dlm semuah lagi parah buku warung no gua yg di daftarin udah ga kepakai lagi,2,2023-12-10 13:33:11
BukuWarung,Ok bagus dan sangat membantu ku,5,2023-12-10 08:28:29
BukuWarung,"bukuwarung sekarang susah, mau tagih pake link xendit aja harus verifikasi npwp, foto toko depan, foto selfie depan toko, terus kalo lokasi ga terjangkau gabisa daftar, karena gada sales bukuwarung, dan gabisa daftar lagi, dan gabisa digunain ni apk, ga sekalian pake surat tanah dll???, terus gw sangat kecewa, sekali lagi KECEWA, buku warung skrg ga kayak dulu, hanya modal basic bisa tagih, terus premium baru bisa tahun kmren, trs tahun ini adalagi prioritas baru bisa tagih.. well played",1,2023-12-10 01:45:42
BukuWarung,"Selalu kendala, itu pun penanganan nya lambat",1,2023-12-07 18:09:05
BukuWarung,Kenapa sekarang tidak bisa download pembukuan,4,2023-12-07 14:03:37
BukuWarung,Tidak rekomendasi buat transaksi,1,2023-12-07 11:48:23
BukuWarung,"aplikasinya sgt membantu. tp untuk catatan pembukuan atau mode kasir kalo bs dikasih mode diskon ya,,,🫰🏼💕",4,2023-12-06 23:06:09
BukuWarung,"Seneng pake buku warung walaupun masih banyak bugnya, tp gada yg sama persis kaya yg aku butuhin d aplikasi lain udh enak bgt pake buku warung. Tolong dong bikin buat d iOS. Sy bingung kalau di iOS ga ada kalau Ganti hape 🥹",4,2023-12-06 21:43:32
BukuWarung,mantull,5,2023-12-06 21:20:27
BukuWarung,"Aplikasinya sangat bagus , tapi sayangnya blum tersedia di ios , coba tersedia di ios pasti sangat mempermuda kerjaan saya",5,2023-12-06 16:27:50
BukuWarung,Aplikasi jelek,1,2023-12-06 12:54:10
BukuWarung,"Sdh brp kli mengirim pls, pengiriman sukses Tpi tdk masuk sm nomor tujuan Bikin rugi saja kita yg buka konter",1,2023-12-05 21:50:33
BukuWarung,Makasih bermanfaat,5,2023-12-05 19:14:30
BukuWarung,Kenapa tidak bisa mengunduh catatan hutang yaa,3,2023-12-05 16:00:31
BukuWarung,Ini aplikasi kenapa gak bisa di buka,3,2023-12-05 15:45:24
BukuWarung,Sering eror.. males gua heran,1,2023-12-04 11:54:09
BukuWarung,Sering trouble,2,2023-12-04 07:32:37
BukuWarung,"Yg ada pengaturan jatuh tempo cuma utang pelanggan sedangkan utang saya gak ada pengaturan jatuh tempo,,harusnya utang saya pun harus ada pengaturan jatuh temponya sebagai pengingat,, Tulis komen panjang2 juga percuma gak ada tanggapan,, Banyak yg komplen tp gak ada yg ditanggapi,,",1,2023-12-04 07:19:26
BukuWarung,Pulsa 5rb an aja masok nya pulsa tranfer .,2,2023-12-03 21:58:51
BukuWarung,"tolong untuk update kedepannya agar mencantumkan nama pengirim di mutasi penerima,karena ada sebagian customer yang mempermasalahkan hal tersebut.terima kasih",5,2023-11-30 09:36:14
BukuWarung,"aplikasinya cukup bagus,cukup membantu, tapi ada yg kurang pada fitur kasir,,ketika buat transaksi dan ada kesalahan gak bisa di edit,,jadi harus mengulang dari awal,,,",4,2023-11-28 13:05:37
BukuWarung,"Mantap, Tapi knp min laporan keuangan nya tidak bisa diunduh??",5,2023-11-27 22:45:29
BukuWarung,Sangat membantu dalam segala usaha.,4,2023-11-26 19:08:57
BukuWarung,Mantap,4,2023-11-26 16:49:20
BukuWarung,"Semua transaksi udh saya catat di app ini malah eror, tiba"" log out, dibuka minta masukin no hp malah keluar sendiri haduhhhh, rugi",1,2023-11-24 23:35:29
BukuWarung,Kok ndak bisa dibuka ya..aplikasiku?,1,2023-11-24 22:26:07
BukuWarung,"mau ubah nomor aja ribet aplikasi lain ada menu ubah nomor sangat mudah, ini tidak bisa hadeuh",1,2023-11-23 17:53:05
BukuWarung,Semoga kedepannya ada fitur scan barcode,5,2023-11-23 14:34:12
BukuWarung,Saya top up dana 50.000 status sukses tapi saldo tidak masuk.saya sudah menghubungi Cs tapi belum ada solusi sampai saat ini. Baru kali ini saya kecewa sama buku warung.sudah langganan dari 2021 dan berakhir kecewa seperti ini.untuk buku warung setidaknya uang saya di kembalikan agar saya kembali menggunakan apk buku warung ini.untuk saat ini saya stop saja penggunaan aplikasi buku warung karna tidak amanah.,1,2023-11-22 20:20:27
BukuWarung,Sering banget eror masuk nya lama bikin toko dapet komplenann dari costumer,1,2023-11-22 15:12:33
BukuWarung,Good. Thank you very much.,5,2023-11-22 14:44:09
BukuWarung,Sudah cape2 nulis pembukuan eeh ujung2nya ga bisa donlod laporannya,1,2023-11-20 18:14:24
BukuWarung,"catatan hutang saya hilang, gak jelas",1,2023-11-20 08:05:26
BukuWarung,Bikin sebuah mainan dari plastik bekas,2,2023-11-19 10:29:10
BukuWarung,Mau hubungi cs gg bisa2.. kok jadi repot y mau hubungi cs ?..,3,2023-11-18 11:29:19
BukuWarung,Sempat kecewa karena setelah top up saldo tidak masuk ke aplikasi . . Udah pasrah juga klau hilang . Tapi alhamdulillah sekitar 1-2 jam saldo masuk ... tetap rekomended pakai BW,5,2023-11-17 22:41:15
BukuWarung,Mungkin developer bisa menjelaskan cara memindahkan data buku warung dari hp lama ke hp baru,2,2023-11-16 22:04:50
BukuWarung,Sistem ga baca pembayaran !!!! CS SUSAH ?!?!!!!,1,2023-11-16 16:18:11
BukuWarung,Mantap,4,2023-11-15 20:45:12
BukuWarung,Kenapa gak bs unduh laporan yaaa,5,2023-11-15 17:41:09
BukuWarung,Kenapa sekarang gak bisa download laporan keuangan padahal mau dikirim ke si penghutang kalo kaya gini susah buat ngasih laporannya,3,2023-11-14 22:32:03
BukuWarung,Bagus,4,2023-11-11 20:43:28
BukuWarung,Belum saya coba,3,2023-11-11 19:09:40
BukuWarung,Kenapa ngak bisa login. Padahal uninstal 2 kali... Tidak merespon,5,2023-11-10 22:39:23
BukuWarung,TIDAK BISA DOWNLOAD LAPORAN,3,2023-11-10 14:20:33
BukuWarung,"Akun saya tidak bisa dibuka kak ,,mohon solusinya ,,",3,2023-11-10 08:19:06
BukuWarung,min kapan fitur voucher game nya bisa di akses min gangguan mulu dari kemaren,3,2023-11-10 06:52:59
BukuWarung,Kenapa sekarang login ke apk bukuwarung sulit sekaliii,3,2023-11-09 07:34:50
BukuWarung,"Aplikasi Penipu. Saya tanggal 6 november 2023 melakukan transfer menggunakan Metode pembayaran BRIVA, Setelah saya bayar dengan BRIVA dan berhasil, Ternyata uang saya yg saya tranfer tidak ada laporan masuk malah ada keterangan Kedaluwarsa, dan uang saya hilang. Di aplikasi ini tidak ada Customer Service yg bisa di hubungi. Saya menyesal menggunkan Aplikasi ini",1,2023-11-08 14:04:09
BukuWarung,Temukan,1,2023-11-07 15:03:05
BukuWarung,Hp saya di resett lalu instal ulang Aplikasi BUKU WARUNG tapi Data penjualan kemarin kenapa tidak muncul kembali,1,2023-11-07 10:45:56
BukuWarung,Tolong tambahkan fitur foto untuk pembayaran bukti slip setoran/resi di bagian hutang..supaya ada bukti pertinggal secara softcopy jika hardcopy nya hilang atau pudar,3,2023-11-07 10:08:17
BukuWarung,Setelah disuruh daftar ulang data keuangan saya jadi berubah.. sangat bahaya aplikasi ini bikin kita rugi.. hati2.,1,2023-11-07 09:57:09
BukuWarung,Akun saya tidak dapat mengunduh laporan,1,2023-11-06 22:01:47
BukuWarung,Tambah fitur diskonnya,5,2023-11-06 17:35:17
BukuWarung,"saya topup 250 dibriva sdah sukses tpi diaplikasi gagal, sdah mnunggu 3 jam msih blum bsa masuk, tolong tnggapannya",1,2023-11-06 09:43:25
BukuWarung,Sangat membantu proses pembayaran,5,2023-11-06 00:09:12
BukuWarung,Good aplikasi,5,2023-11-05 22:46:47
BukuWarung,"Aplikasi nya bagus, cocok juga buat yang buka usaha jualan pulsa, harga nya juga murah murah, pengiriman transaksi nya juga secepat kilat, di tambah lagi kalo ada kendala admin nya respon bangett 😍😍 suka banget jadi ga perlu bingung lagi deh",5,2023-11-05 20:46:22
BukuWarung,Hara kuota cukup mahal,3,2023-11-05 18:55:50
BukuWarung,Tolong dong perbarui aplikasi mau catet otomatis Transaksi malah ga BS hrs dicatet manual thanks,2,2023-11-02 11:07:35
BukuWarung,"1. Hasil cetak nota di printer 80mm jadinya jelek, tidak simetris, jadinya acak, tolong diperbaiki. 2. Menu pembukuan tidak akurat, biaya transfer bank tidak dipotongkan 2. Fitur cs Live chat sangat kurang efektif, harus stay terus kalo mau komplain, ditinggal bentar harus ngulang dari awal lagi",1,2023-10-31 18:09:17
BukuWarung,Ini gimana setelah updet catatan utang nya jadi ilang,1,2023-10-30 22:32:23
BukuWarung,"Pada fitur pembukuan saya sudah mencatat pelanggan yang belum lunas dan yang sudah lunas, tapi setelah disinkronisasi, yang sudah lunas kembali lagi menjadi belum lunas",3,2023-10-30 18:32:13
BukuWarung,Ka ini kenapa ga bisa pakai bca . Keterangan selalu lagi gangguan,3,2023-10-29 18:40:31
BukuWarung,Tdk bisa,1,2023-10-29 15:32:51
BukuWarung,sedikit masukan . kenapa sistem talangin dulu ga bisa top up e wallet. kecewa ah hapus aja aplikasinya kurang berguna!,3,2023-10-27 19:16:39
BukuWarung,Sangat bagus,5,2023-10-27 02:40:13
BukuWarung,Terimakasih cuman lebih di perhatikan lagi agar lebih luar biasa,5,2023-10-26 21:32:05
BukuWarung,"Kok lama banget ya pulsanya masuk udah lewat setengah jam belum masuk, dulu pas lewat setengah jam langsung di batalin transaksinya lah Sekarang udah agak lain, jadi ngerusak nama toko saya, mohon tambahkan fitur pembatalan transaksi atau apalah itu soalnya kalo pulsanya lama masuk kita juga yg ngk enak sama pelanggan 🙏🙏",1,2023-10-25 04:48:45
BukuWarung,Baik,3,2023-10-23 09:09:27
BukuWarung,"fitur undang temannya min tlong kode referral jadi satu sama link, jdi ketika diarahin download dari link otomatis kode referal masuk. mau ngasih ke tmen jdi eman"" klo ga kepake kode referral nya😂",4,2023-10-22 21:38:54
BukuWarung,"Aplikasinya bagus. Sy kasih bintang 4 dulu. Kalau boleh, bisa ada fitur tambahan upload foto produk juga. Terima kasih",4,2023-10-22 00:43:48
BukuWarung,"Bagus dan sangat membantu,sukses selalu",5,2023-10-21 16:12:18
BukuWarung,ga bisa didownload jadi PDF,1,2023-10-21 06:00:02
BukuWarung,"Kenapa sy update jadi gk bisa buka ya? Trus sy uninstall, lalu install ulang juga gak bisa? Data sy didalam semua jdi ilang gk bisa buka donk???? Tolong bantuannya. Sy harus gimana?",3,2023-10-20 14:06:31
BukuWarung,Bagus,4,2023-10-20 11:15:04
BukuWarung,Tlg daftar barang baiknya bisa di edit stok nya dan bisa dihapus jika brg tsb tdk tersedia,3,2023-10-20 10:51:16
BukuWarung,"kenapa Qris di tutup ,padahal memudahkan untuk transaksi yg lebih simpel dan Mmbntu sekali .semoga cepet di buka lgi fitur Qrisnya",5,2023-10-20 06:47:27
BukuWarung,"Kak untuk pdam kabupaten magelang belum ada ya,bisa ditambah kak,soalnya transaksi pembayaran pdam warung saya wilayah kabupaten magelang,terimaksih kak",5,2023-10-19 18:39:11
BukuWarung,bagus dan mudah digunakan,5,2023-10-19 16:54:09
BukuWarung,"Aplikasi ini kenapa saya hapus, masuk lagi ga bisa2 otp salah padahal masih ada saldo didalamnya, ga bisa laporan. Cs. Gada pelayannya",5,2023-10-19 10:48:34
BukuWarung,"Sue bgt ni buku warung Di update lama"" nyusahin ni.. Tiba"" keluar terus.. Mw masuk z pke no tlp segala.. Klo no'a tiba ganti atau ilang gimana? Jd g bisa masuk dong.. Udh gitu Catetannya ilang semua.. Knp g kya awal aja.. Mw masuk mudah g usah pke kode verifikasi.. !!!!!! Org buat nyatet utang doang.. Kesel kesellll.... !!!!! Jd ilang semua ni catetannya.. Klo mw bikin catetan yg penting jgn disini dh.. Bakal ilang semua.. Bikin pusing z",3,2023-10-17 20:53:21
BukuWarung,Bagus banget appnya. Tapi kok qris nya suruh verifikasi lagi. Dan juga tolong dikasi fitur DP dan diskonpada notanya,5,2023-10-17 13:42:43
BukuWarung,"Setelah data dicadangkan, transaksi yang sudah lunas malah jadi belum lunas. Dipembukuan sudah lunas tapi di transaksi utang belum lunas. Suka error transaksi nya jadi harus sabar kalo pake apk ini",1,2023-10-15 10:25:48
BukuWarung,Tiba2 keluar sendiri..dan gagal log in. Kode otp tidak valid trus.pdahal jaringan lancar Sudah 2 hari minta bantuan Cusstemer servis tapi tak ada solusi.,1,2023-10-14 14:52:22
BukuWarung,Bagaimna cara hapus nama warungnya?,4,2023-10-13 10:42:00
BukuWarung,Aplikasi bagus,5,2023-10-13 10:29:02
BukuWarung,"Tolong info nya, setelah aplikasi di update kok malah ga bisa masuk ya.terimakasih",5,2023-10-11 09:52:52
BukuWarung,"Tolong penjelasannya, saya sudah top up saldo buku warung tapi kok isi pulsa atau kirim uang malah ada keterangan: Account id, does not belong to user..",2,2023-10-10 22:30:33
BukuWarung,TAMBAHKAN TOP UP SALDO LEWAT SEABANK INDONESIA MIN NANTI SAYA KASIH BINTANG 5,3,2023-10-10 17:31:09
BukuWarung,Saya suka apk ini sunggu membantu i love u pokonya,5,2023-10-09 23:55:15
BukuWarung,"Alhamdulillah, pake aplikasi aman buat jualan pulsa... 🥰🥰🥰",5,2023-10-09 20:36:04
BukuWarung,Tidak tersedia fitur hapus akun😡😡😡😡,1,2023-10-07 19:01:05
BukuWarung,Bisakah di tambah supaya bisa ada galerinya,3,2023-10-07 09:03:37
BukuWarung,Ini kenapa voucher gamenya gak bisa dibuka,4,2023-10-07 07:56:39
BukuWarung,Cukup membantu . Dalam pncatatan jual beli. Dan jelas . Tertera keuntungan tiap pembelian,5,2023-10-06 13:43:37
BukuWarung,"sejak awal berdiri usaha saya, pencatatan keuangan sampai sekarang bisa diperhitungkan secara akurat. Trimakasih",5,2023-10-06 09:38:12
BukuWarung,"Awal nya bagus membantu, tapi pas top up ternyata ga masuk, di cek status pembayaran tidak ada data nya, saldo saya jadi hilang 150rb..",1,2023-10-05 21:27:08
BukuWarung,haloo min knapa akun saya di nonaktifkan tolon penjelasannya,1,2023-10-05 11:33:36
BukuWarung,Tambahin fitur scan barcode min pasti lebih keren,5,2023-10-05 11:14:41
BukuWarung,Sangat bgus dan memuaskan,5,2023-10-03 16:35:21
BukuWarung,"Sangat bermanfaat. Ada kendala mohon diperbaiki,kalau kita ngirim tagihan pelanggan nga bisa buka rincian hutangnya.karena pelanggan harus download dulu aplikasinya.mohon diperbaiki",4,2023-10-03 09:31:41
BukuWarung,Mantap,4,2023-10-02 16:09:52
BukuWarung,Kenapa sekarang ribet ya aplnya ga kayak persi lama..,2,2023-10-02 05:21:24
BukuWarung,"Ksl bgt anjr, catetan utang hilang 🥲",2,2023-10-01 18:11:43
BukuWarung,"Aplikasi ga jelas, login nya lama, padahal sinyal nya baguss",1,2023-09-30 23:58:39
BukuWarung,"Ga bisa dibuka buat login lagi ga masuk""",5,2023-09-27 23:31:04
BukuWarung,Adminnya slow respon. Sudah lewat WA juga gx ada respon...!!!,1,2023-09-27 14:27:09
BukuWarung,Bagaimana caranya,5,2023-09-27 13:19:31
BukuWarung,"Respon admin lambat, saran dari admin kurang membantu, sering gangguan ga ada kesigapan membantu",1,2023-09-26 20:58:45
BukuWarung,Ini maksudnya apa yah kok pemulihan data trus dri tdi mlm sampai pagi blum bisa juga,2,2023-09-26 06:24:37
BukuWarung,Gk bisa di pakai di IOS,1,2023-09-25 23:25:11
BukuWarung,"Selama saya pakai buku warung sampai saat ini baik2 saja, mohon dikembangkan semakin banyak lagi fitur2 pembayaran dan tambahkan fitur buat simpan nomor pembayaran Listrik dan token listrik untuk customer setia.",4,2023-09-25 19:22:05
BukuWarung,Dulu awal2 buku warung sih mantap banget.. sekarang un instal .. rindu buku warung yang dulu,3,2023-09-25 19:11:49
BukuWarung,"Bagus, mencatat lebih mudah",5,2023-09-24 23:53:44
BukuWarung,Ok,5,2023-09-24 12:59:26
BukuWarung,Mantab,5,2023-09-24 00:07:15
BukuWarung,"Aplikasinya cukup bagus dan membantu buat tambahan penghasilan bagi yang buka warung apa saja .tapi tolong sama admin aplikasinya di perbarui dong biar kedepannya lebih canngih lagi soalnya ketika saya top up e-wallet sukses namun kadang kadang nama pelanggannya gak tampil sedangkan konsumen saya bertanya "" Atas nama siapa?"" Ya sy jawab"" gak tampil"" terus setelah cetak struk di kertas nota nama pelanggannnya juga tetap gk tampil",4,2023-09-23 22:35:57
BukuWarung,Kecewa,1,2023-09-23 20:24:34
BukuWarung,"Sangat buruk sekali,beli pulsa pending lama sampe 4mnt di kira nipu pembeli",1,2023-09-22 12:55:37
BukuWarung,Ok,5,2023-09-21 23:22:57
BukuWarung,Untuk appnya sudah bagus untuk pelaku usaha jualan keliling seperti saya tapi kalau boleh saran. Untuk inputan penjualan : 1. Ada penambahan discoun harga yang di input secara manual jika ada toko langganan ambil banyak/partai. 2. Untuk nominal pembayaran yang di bayar kalau bisa ada pilihannya juga secara manual.,3,2023-09-21 12:30:36
BukuWarung,Kok susah kebuka ya sekarang,4,2023-09-20 22:25:39
BukuWarung,"BARU KALI INI SAYA KECEWA BANGET SAMA APP INI, TOP UP SALDO GA MASUK² STATUS MENUNNGU TERUS PADAHAL SUDAH KEPOTONG DARI REK SAYA, LAPOR KE CS SAMPE 4 HARI PENANGANAN BELUM SELESAI JUGA, KACAU, SAYA SAMPE CAPE BANGET LOH LAPOR KE CS TERUS, SAMPE SEKARANG SALDO SAYA BELUM MASUK MSH TAK PERJUANGIN WALOPUN LAPOR CS JAWABAN SETIAP HARI SAMA ""SUDAH DI UP KE TIM TERKAIT"" PLATFORM SEBELAH KENDALA SEPERTI INI SAYA LAPOR PENANGANAN MAX CUMA 1 JAM AJA LOH DN SALDO UDH MSUM, INI PARAH DARI TGL 6-10 BLM JG",3,2023-09-20 09:22:14
BukuWarung,"Keren banget nih apk, asli.. Orang cerdas yang buat ni apk.. Keren lebih mudah & murah.. Gacorrrrr",5,2023-09-19 17:37:01
BukuWarung,buku warung sekarang udah lebih maju😍,5,2023-09-19 16:42:42
BukuWarung,Katanya ini rekomen dri apk buku kas y?? Tpi kok utk bagian reportingnya kurang lengkap y . Mw nyari hasil pnjualan per period gk ada..bisa gk sih dibuat laporan seperti grafik gitu .jdi bisa jadi bahan evaluasi per minggu atau perharinyA,1,2023-09-19 12:50:28
BukuWarung,"Apk buku warung emg paling jossss Setiap ad kndala transaksi pasti d bantu pasti selesai asal sabar hihi, mkin hemat dn makin untung pkai bw mntap lahh",5,2023-09-18 18:43:44
BukuWarung,"Sangat nyaman digunakan, buatlah seringan mungkin.",5,2023-09-18 14:55:37
BukuWarung,Sangat amanah mudah nyimpan hutang orang,4,2023-09-17 17:07:24
BukuWarung,"Ini aplikasi dbuat fungsi nya untuk apa siih, masa sudah masukan kode OTP lewat sms sma WA sama aja gk bisa login... pantes aja bintang nya 3.3 kacau kacau .. uninstall",1,2023-09-16 23:46:02
BukuWarung,apakah tidak ada fitur backup data di aplikasi ini?,3,2023-09-15 12:29:30
BukuWarung,Top up BCA gangguan terus. Terus pembelian kuota 50rb kebawah all operator nya banyakan kosongnya.. padahal udah enak pakai bukuwarung.komplitin lagi ya..,5,2023-09-15 00:20:01
BukuWarung,Butu frifikasi,5,2023-09-14 20:05:05
BukuWarung,Butuh tambahan fitur diskon secara persentase dan nominal di mode kasir,5,2023-09-14 09:59:43
BukuWarung,"Bagus, tetapi saat di mode kasir kita gak bisa melihat apa saja yg di beli saat searching barang lain. Saat saya klik ke total barang yg di beli hanya muncul mode pembayaran bukannya konfirmasi barang yg di beli. malah terkadang bug dan barang yg sudah di tandai hilang semua dan mulai dari awal lagi... semoga dev melihat dan improve apknya makasih",4,2023-09-13 21:08:58
BukuWarung,APLIKASI TIDAK BERGUNA. SAMPAHHHH.,1,2023-09-13 08:46:19
BukuWarung,Wau bsgus... Catat hutang kluar masuk barang sipp... Trimakasih.... 🤲🤲🤲..... Buku warung mempermudah untuk utang piutang sip👍👍👍 isi saldonya bagi aku yang agak susah harus berdampingan bang bri. Atau bni.. Klo di isi dari langsung. Dari alfa Mrat apa nggak Bisa,5,2023-09-13 08:25:13
BukuWarung,Mantap,5,2023-09-12 16:40:17
BukuWarung,APLIKASI mantap,5,2023-09-11 19:13:06
BukuWarung,Rekomendid u buka usaha menjadi lebih terperinci,5,2023-09-10 21:38:32
BukuWarung,Apk nya sekarang gabisa di buka kenapa ya.. Padahal di dalamnya bayak catatan penting...tolong segera pulihkan apk nya terimakasih...,3,2023-09-10 15:33:53
BukuWarung,The best .. mudah d gunakan,5,2023-09-10 06:45:17
BukuWarung,"Sering ganguan padahal udah nyaman , Ganguan,ya lama banget",4,2023-09-09 20:03:31
BukuWarung,Semoga sukses selalu,5,2023-09-08 16:39:33
BukuWarung,Bermanfaat,4,2023-09-07 09:06:57
BukuWarung,"Saya top up e-toll 50 ribu gamasuk katanya udh sukses tapi ga masuk""sampe sekarang😁😁😁😁😂dan ga dapet i formasi apapun semua pengadua ga jls",1,2023-09-06 11:54:28
BukuWarung,Bagus tapi kapan untuk IOS ready,5,2023-09-06 01:36:45
BukuWarung,"Apk sangat membantu terutama ketika cek harga pengambilan ga perlu bolak balik cari nota, sedikit saran saja kasi tambahan fitur edit barang ketika dalam mode kasir,, edit : kalo boleh min kasi fitur barang off sementara,, kadang kalo pas ambil barang, barangnya kosong,, sering kelupaan dimasukin ke daftar pengambilan yang belanja sering bingung,,",5,2023-09-04 15:49:55
BukuWarung,Biaya untuk top up sekarang mahal sampai 3.000 kalau kemari-kemarin GRATIS,3,2023-09-04 11:21:56
BukuWarung,"Awal nya lancar, tp kok setelah 4 bulan makek, data yang saya masukan malah hilang, dimasukan lagi gak tampil, Tolong kak penjelasannya.",2,2023-09-04 00:36:17
BukuWarung,Kangen rating tinggi ya. Hehehe,1,2023-09-03 06:02:55
BukuWarung,Cara isi nomor referal bagaimana?,5,2023-09-02 23:56:44
BukuWarung,selama memakai ini sangat membantu sekali,5,2023-09-02 08:09:26
BukuWarung,Mantap,5,2023-09-01 23:12:38
BukuWarung,Aplikasinya sangat bagus,5,2023-09-01 16:16:29
BukuWarung,Dulu pernah pakai bukuwarung.. Sekarang pakai lagi.. tapi akun kembali tidak terverifikasi. Mau verifikasi tidak bisa karna ktp sudah pernah di gunakan. Seinget saya ya akun ini verifikasi dengan ktp. Dan lagi Layanan QRIS sudah Nonaktif.,1,2023-08-31 19:58:28
BukuWarung,"Sangat membantu pembukuan usaha saya, tapi kenapa sekarang susah buka laporan bulanan. Saran di laporan bulanan bisa terperinci lagi, umpamanya Pengeluaran di luar usaha dipaké apa saja. Terima kasih",5,2023-08-31 11:16:50
BukuWarung,Aplikasi yang sangat bagus dan membantu pekerjaan saya ( MANTAP ),5,2023-08-30 19:55:41
BukuWarung,Ini knp ko ga bs di gunakan apa LG ada perbaikan ???,5,2023-08-30 18:08:06
BukuWarung,Ngelag mulu kagak bisa di buka.,2,2023-08-30 17:21:29
BukuWarung,Enak,5,2023-08-30 16:02:36
BukuWarung,"Menuurut saya yang usaha kecil Mantap jiwaa sih apk ini, cuma kalo bisa untuk yang metode kasir bisa di update untuk bisa di ubah tanggal transaksinya., terimakasih..,",5,2023-08-30 15:58:05
BukuWarung,Aplikasi ini sangat buruk sekali,1,2023-08-29 22:10:52
BukuWarung,Aplikasi kdng sering misteri,1,2023-08-29 15:55:31
BukuWarung,Baik,5,2023-08-29 14:20:43
BukuWarung,Pengiriman lambat nunggu lama kasian orang nunggu terpaksa pakei di apk lain langsung terkirim,1,2023-08-29 14:13:12
BukuWarung,"Tidak bisa merubah harga jual, Diskripsi paket data juga tidak lengkap. Payah,,,",2,2023-08-28 21:25:59
BukuWarung,"Untuk catatan hutang yg sudah lunas, lebih baik dihilangkan saja dari list hutang. Biar gak terlalu banyak di list hutang.",5,2023-08-28 09:39:22
BukuWarung,Bantulah,5,2023-08-27 20:15:16
BukuWarung,"akhir akhir ini sering gagal trnsaksi pulsa nya ,tnpa ada notive nya. pdhal di apk lain bisa",3,2023-08-27 17:44:06
BukuWarung,"Mau tanya nih,kenapa token listrik yg Rp 20 ribu dk ada lgi?",3,2023-08-26 08:42:59
BukuWarung,Kurang memuaskan PDAM kab.indramayu nggk BS token yg 20rb nggk BS mana yg bikin untung nyaaaa,2,2023-08-25 22:46:46
BukuWarung,Sebenarnya kemarin2. Udah bagus pas setelah update parah sekali.kadang isi pulsa ke pelanggan g masuk saldo kepotong. Dan mau top up nya skrg udah susah harus transfer.biasanya q pakai qriis coba aja bisa isi lewat alfamart atau indomaret kan enak.masak kalah ama aplikasi sebelah banyak cara untuk isi saldo.,5,2023-08-25 22:44:44
BukuWarung,Knapa mau update kow susah amat,1,2023-08-25 16:15:05
BukuWarung,"Maaf, ini app saya kok gag bisa masuk,,, apa ada trouble atau gimana, masukkan kode OTP 4 digit yg digit terakhir gag bisa input itu gimana?? 🙏🙏🙏 Maaf gag ada tanggapan saya uninstall aja",1,2023-08-25 09:38:03
BukuWarung,Sudah chat tim CS nunggu sampe 1 bulan belum ada respon. UPDATE RATING,5,2023-08-24 21:53:44
BukuWarung,"Tolong ada pemberitahuan 1x24jam ""SEBELUM"" pemeliharaan !!!",1,2023-08-24 19:57:22
BukuWarung,"Saya rencana mau ganti no hp. Ternyata gak bisa/Sulit. Harus lewat Cs. Informasi akun & Saldo nya gak dapat dipulihkan katanya. Lah itu mah bikin akun baru namanya. Bukan ganti no tlp. Mana harus pake ktp yg beda lg. Buat yang belum pakai aplikasi ini, pastikan gak akan ganti no selamanya. Karena ini aplikasi repot.",1,2023-08-24 17:15:10
BukuWarung,Pelayanan sangat ramah terima kasih buku warung,5,2023-08-23 23:44:58
BukuWarung,"Gak asikkk, fitur penerimaan pembayaran melalui QRIS dihilangin...",1,2023-08-23 16:53:21
BukuWarung,Ok,5,2023-08-23 03:21:42
BukuWarung,Kenapa gax bisa bukak aplikasi buku warung,3,2023-08-22 21:23:20
BukuWarung,Akun saya disabled,1,2023-08-22 21:19:15
BukuWarung,Buku warung lemah masa sy gk masuk jangkawan karawang itu kota besar salah satuya UMK KITA JUGA PALING BESAR,1,2023-08-22 21:11:25
BukuWarung,"Awal2 nya bgus, sya sudah 2 thun lbih pkenya tp udh 2x gk bisa kbuka dn sekarang udah gk bisa kebuka lagi n di suruh updet mana di suruh kosongkn riwyat, klo riwyat nya di kosongkan otomatis data2 akan hilang kyak yg dulu2 dgkn data utang piutang udh tercatat di sana smua😮‍💨 kcwa bgat klo gni sistem nya",2,2023-08-22 09:06:43
BukuWarung,"Aplikasi nya tambah bagus saja, sudah berubah total dari pertamakali ada. Jenis Usaha dari A - Z semua dikemas di BukuWarung. Nanti ditambah lagi bintang nya 😀👍",4,2023-08-22 02:38:49
BukuWarung,"Apa apaan ini aplikasi, masa udh 2 tahun pake lancar lancar ja kenapa 3 hari ini ga bisa di gunakan??? Saldo saya juga masih banyak di dalam woi...... Tolong kebijakan nya ini aplikasi buku warung harus bagaimana saya???????😡😡😡😡😡",1,2023-08-21 11:11:00
BukuWarung,Ok,5,2023-08-21 08:32:31
BukuWarung,"Terperinci,mudah .. dan praktis dalam penjumlahan,dan pengurangan,jumlah pemasukan dari,para pelanggan",5,2023-08-20 21:09:27
BukuWarung,Oke,4,2023-08-20 10:30:10
BukuWarung,Versi update lambat saat konversi ke virtual account,4,2023-08-19 10:37:52
BukuWarung,mahal gak sesuai draf harga,1,2023-08-19 10:34:37
BukuWarung,"Sejauh ini sy pakai aplikasi buku warung tidak ada kendala, pas usaha lagi lancar2 menu top Up Games hilang. Parah",1,2023-08-18 21:02:46
BukuWarung,"sebelum update lancar banget, mulus, enak. pas diupdate jadi lemot malah jadi ngga bisa buka aplikasinya. nyesel saya update makin error",1,2023-08-18 20:31:39
BukuWarung,Sangat cocok untuk pakai jualan pulsa,5,2023-08-18 16:17:56
BukuWarung,Verifikasi kok 1 bulan lebih blm jg ada balasan ya,1,2023-08-17 15:17:00
BukuWarung,Belum bisa input nama pembeli,2,2023-08-16 18:25:15
BukuWarung,baru mu coba semoga ..bermangpaaat.,5,2023-08-16 15:18:51
BukuWarung,Bagus....tapi update nya lama kenapa ya,5,2023-08-16 14:23:36
BukuWarung,Aneh update tiap hari. Kadang sehari 2 kali harus update kalau mau buka,1,2023-08-16 13:01:15
BukuWarung,pdhal verifikasi nya udh berhasil tpi pas mw isi saldo ttep d sruh verif mulu,2,2023-08-15 20:39:20
BukuWarung,Sangat baik,5,2023-08-15 19:08:39
BukuWarung,"Selalu mau di update, lama lama ngabisin kuota buat di update terus. Kalo gak di update gak mau ke buka, terpaksa deh harus di update soalnya data udh terlanjur disana. Hadeh. Setap minggu harus di update.",2,2023-08-14 21:09:12
BukuWarung,Sangat membantu dalam berjualan,5,2023-08-14 20:29:51
BukuWarung,Aplikasi yg sangat berguna bg sya dalam memulai dagang kecil kecillan drumah,5,2023-08-14 20:25:02
BukuWarung,"Maksa banget minta di update, brengsek",1,2023-08-14 20:06:27
BukuWarung,Catat utangnya g bisa digunain. Terus utk apa diadakan catat utang klo g bs dipake?,1,2023-08-13 12:03:13
BukuWarung,Cukup baik,3,2023-08-12 06:51:42
BukuWarung,Saldo saya kok bisa berkurang sendri Tolong berikan penjelasan,1,2023-08-11 23:18:34
BukuWarung,"Mulai aneh,ada bug di pembukuan utang piutang. Kalau tidak ada feedback mending uninstall aja aplikasinya.",1,2023-08-11 21:21:57
BukuWarung,Aplikasi buku warung di apple store kenapa ga ada ya,4,2023-08-10 11:27:28
BukuWarung,"Mudah penggunaannya,sangat membantu,semoga jd yg terbaik",5,2023-08-10 09:27:33
BukuWarung,"Semoga, kedepannya Aplikasi ini. Bisa isi Saldo via Alfamidi dan indomret. Agar orang yang belum mempunyai rekening bisa juga menikmatinya, untuk awal usahan jualan pulsa, Aku kasi bintang 3 , apabila Sudah bisa isi saldo dengan via alfamidi dan indomaret. Aku akan kembali dengan bintang 5",3,2023-08-10 08:49:25
BukuWarung,"Sangat membantu usaha saya , dengan fitur talangim dulunya,, keren pokoknya bukuwarung, sukses terus bukuwarung",5,2023-08-09 18:37:30
BukuWarung,Transaksi gagal tapi saldo tidak kembali. Klaim ke admin tidak direspons sama sekali. Buku warung harus dilaporkan ke pihak berwajib nih karena sudah menggelapkan uang para pengguna !,5,2023-08-09 13:28:49
BukuWarung,Aplikasi gak jelas...transaksi berhasil no token gak keluar udh 1 hari. Kembalikan dana saya 500rb,1,2023-08-09 09:44:35
BukuWarung,Ini apk makin parah aja saya trx token listrik dari jam 9:51 sampai jam 11:33 nga ada hasil tokennya. Hub cs nga di respon2. Pelanggan saya marah2 karna kelamaan. Saya nga mungkin membatalkan transaksi karna saldo saya sdh kepotong. Kalian enak di balik meja nga ada yg marahin saya ini yg di lapangan menghadapi orang yg marah2 😡😡😡,1,2023-08-09 00:38:46
BukuWarung,"entah mengapa aku baru sadar kalo perhitungannya tidak tepat, dan aku rugi berjuta"" karena apk ini.. semoga hanya aku",1,2023-08-08 08:00:00
BukuWarung,Bikin sempit,1,2023-08-06 15:56:48
BukuWarung,Kenapa buat scan barcode nya gk bisa dibuka ya ?????,4,2023-08-06 06:30:03
BukuWarung,Bismillah.... Tingkatkan terus performa dan fitur nya ya...,5,2023-08-06 01:54:09
BukuWarung,"Apk nya tidak mau alasan , Lokasi kamu berada di luar jangkauan. Saya sangat kecewa",1,2023-08-05 21:57:36
BukuWarung,untuk laporan bulanannya format PDF maupun Excel tidak bisa di buat. selalu muncul tulisan report service is not available please try later,1,2023-08-05 16:25:48
BukuWarung,"Balikin uang 200 ribu gua woiii buku warung, dah hampir mw abis tahun. Semoga hidupnya gak berkah",1,2023-08-05 13:32:02
BukuWarung,Sangat bagus dan membantu pentatan pendapatan serta modal yang di dan bisa langsung buat nota di aplikasi pokok nya rekomendasi deh 👍👍👍🎉🎉 Cuma tak kasih Bintang 4 dulu ya min nunggu ada update an fitur diskon di bagian pembukuan nanti kalau sudah ada fitur diskon nya tak naikin jadi Binta 5 😁😁 terimakasih mimin🙏,4,2023-08-03 19:35:33
BukuWarung,Ok,5,2023-08-03 11:42:58
BukuWarung,"Saya kecewa bgt sama buku warung. Transaksi tf antar bank bisa pending berhari"" mana nominalnya 2.3 jt. Pelanggan bolak balik trus ke rumh nanyain. Ngga sabar Orang lagi btuh cpet malah ngadat. Mau ngga mau harus nalangin. Kapok pke buku warung",1,2023-08-03 07:32:04
BukuWarung,lebih suka aplikasi ini mudah untuk mencatat kredit saya,5,2023-08-02 19:04:06
BukuWarung,Masih ada notif dan popup yg mengganggu,4,2023-08-02 17:38:16
BukuWarung,Mantap,5,2023-08-02 14:50:17
BukuWarung,Jangan download apk ini .. sangat2 buruk.. karena saya mengajukan qris di tolak.. sangat jelek,1,2023-08-02 02:20:33
BukuWarung,"Setelah update apk kok ngawur,data pelanggan banyak gak benar totalnya. Udah sktr 3 tahun pake ini baru sekarang error",3,2023-08-01 21:42:53
BukuWarung,"Bagus, komplit. Tapi untuk fitur export ke xls eror, hanya tampil sebagian bulan saja. Perlu perbaikan.",3,2023-08-01 21:03:05
BukuWarung,Mantapp,5,2023-08-01 18:35:00
BukuWarung,Saya transaksi sudah berhasil tapi kenapa belum masuk customer,4,2023-08-01 15:06:41
BukuWarung,Catatan transaksi kok hilang? Aplikasi terbarui sendiri,3,2023-07-31 21:53:44
BukuWarung,"Baru pertama pakai Buku Warung hasil transaksi nya TOP Markotop, cepat dan mudah harga murah penjual jadi Puas tanpa Ribet bisa cetak Struktur Loh, Yuk di download Pakai Bukuwarung REJEKI MELIMPAH UNTUNG JADI BANYAK.🥰🥰🥰",5,2023-07-31 20:21:16
BukuWarung,"tolong untuk fitur tagih utang, dan menu sms token listrik, jangan sambil promo aplikasi y bosku jangan saranin pakai aplikasi ini, soalnya niat setia sama aplikasi malah jadi banyak saingannya, pelanggan saya malah pakai aplikasi juga, repot deh cuan nya",3,2023-07-31 19:49:03
BukuWarung,1 akun untuk 2.3 hp..ngak Work banyak data yg selisih,1,2023-07-31 18:15:48
BukuWarung,Kenapa aplikasi ini awalnya bagus sekarang malah mau abdet mutar2 mll,2,2023-07-31 07:28:15
BukuWarung,"Tidak bisa login, selalu gagal masukkan kode OTP",1,2023-07-30 23:20:55
BukuWarung,Ok,5,2023-07-30 14:43:59
BukuWarung,"aplikasinya sangat bagus namun akan lebih bagus lagi kalo dimutasi sipenerima transfer uang, ada nama toko yang sudah dibuat oleh user bukuwarung thankyou",5,2023-07-29 21:16:26
BukuWarung,"Biasanya tuh cepat,,sekarang ko lama dalam proses nya,,tuh nunggu nya sampe 10 menit,, tolong dong",5,2023-07-29 21:05:13
BukuWarung,"Respon untuk beli token listrik lama, perlu waktu 5 menit prosesnya, kesian pelanggan nunggu",1,2023-07-29 19:38:05
BukuWarung,Aplikasi bagus tapi sayang menguras batrei. Peringkat 1 dalam mengkonsumsi daya baterai. Kalau bisa diperbaiki.,5,2023-07-29 19:08:41
BukuWarung,Qris yang sudah dinonaktifkan tidak bisa diaktifkan lagi disini 🙏,1,2023-07-29 15:59:06
BukuWarung,Kenapa ya tiap buka tutup minimalis aplikasi selalu ke halaman awal,3,2023-07-29 11:02:10
BukuWarung,"Bagi sya apl BW udah bagus ,itu menurut saya,kalau menurut orang pintar lainnya gimana ??. Tampilan untuk cetak stru nya mantap.",4,2023-07-29 10:35:14
BukuWarung,"Bagus sih, tapi sering gangguan",4,2023-07-29 09:38:36
BukuWarung,"Min tambahin juga, di mode kasir ada input presentasi diskon... Kalau pas ngadain promo diskon ribet ngaturnya",3,2023-07-29 00:10:39
BukuWarung,Semoga selalu memberikan pelayanan terbaik,4,2023-07-28 22:10:37
BukuWarung,Aplikasi rusak QR eror verifikasi lama,1,2023-07-28 10:59:40
BukuWarung,Pindah HP hilang semua,1,2023-07-27 01:10:11
BukuWarung,Sangat membantu,5,2023-07-26 15:36:15
BukuWarung,Sementara bintang 4 dulu karna bnyak yg belum lengkap fiturnya seperti - fitur diskon di mode kasir ( sangat perlu ) - fitur edit untuk tanggal transaksi - fitur pemusnahan ( kerugian ) barang di stok barang biasa di sebabkan barang expired/ hama tikus / kehilangan/ pembusukan dll Sementara itu Dulu yg harus di benahi,4,2023-07-26 12:26:42
BukuWarung,Mantap,5,2023-07-26 09:50:57
BukuWarung,Lumayan murah tapi transaksi agak lambat...terutama pembelian token. kalah dengan agen yang saya punya meski harga agak mahal tapi pelayanan jek nong....,4,2023-07-25 10:30:28
BukuWarung,Pakai biaya admin skrng buku warung yaa..,2,2023-07-25 07:31:07
BukuWarung,"1. Tolong diperbaiki utk hasil cetak nota utk printer 80mm, soalnya hasil cetaknya acak kadut gk teratur, jadinya jelek. 2. Data gk sinkron antar perangkat. 3. Pembukuan tidak akurat, karena admin bank tidak ikut dipotongkan pada nilai jual. 4. Tidak bisa bayar virtual account. 5. Tidak bisa tambah saldo via bca. 6.pembukuan makin kacau, gk sinkron antar device",1,2023-07-25 00:11:53
BukuWarung,Aplikasi yang sangat bagus dan menguntungkan.. terima kasih Buku Warung... 🙏🏻 😇😇😇,5,2023-07-24 10:39:34
BukuWarung,Harganya murah di banding yang lain... Tapi sarannya tambahin varian nominal top up e walletnya susah kalo mau top up di atas 50 harus dua kali:),4,2023-07-22 12:02:59
BukuWarung,"Aplikasinya bagus, kekurangannya adalah harga paket data sangat mahal dibanding yg lain dan tidak lengkap. Isi saldo juga harus pake VA..mudah mudaham nanti bisa pake rekening bank biasa..",4,2023-07-22 06:33:03
BukuWarung,"👏👏👏 hati hati saldo kekunci,wa kena hack,,auto di pake orang yang tak bertanggung jawab",1,2023-07-21 12:04:42
BukuWarung,Kenapa file Excel nya ga bisa di download min? Kalau udah bisa saya tambah bintangnya,1,2023-07-20 17:16:31
BukuWarung,"Udh cukup bagus aplikasinya. Dan kalau bisa ditambahkan fitur 2,5% infaq dalam setiap keuntungan usaha agar semakin memudahkan dalam pembukuan keuangan usaha.",4,2023-07-20 14:29:43
BukuWarung,"Baru saja mengalami eror, aplikasi tidak bisa masuk dan langsung keluar sendiri",1,2023-07-20 10:00:19
BukuWarung,Tolong di perbaiki lagi aplikasi nya.. Karena catatan nya suka nge'BUG.. Saya pakai 2 Hp 1Nomor suka beda catatannya.. Temen saya satu HP aja suka ng'bug tolong ya di perbaiki lagi bikin pusing jadi nya,2,2023-07-19 21:38:31
BukuWarung,Unduh laporannya koq belum bisa ke excel yach,5,2023-07-19 09:03:46
BukuWarung,Jelek !!!!! ribet bgt udh verif berapa kali malah terus aja tiap kau ngelakuin sesuatu suruh verif inilag itulah ribet banget,1,2023-07-19 01:56:01
BukuWarung,Alhamdulilah semenjak pake Aplk buku warung banyak mampaat nya bisa nambah nambah cuan pokok nya mantap semoga untuk ke depannya semakin maju dan semakin banyak untuk piktur pembayaran nya bisa satu aplikasi untuk semua pembayaran suces Hanya sedikit sara coba piktur angsuran nya segera di aktiv kan dan untuk top ap dana seharus nya di tampil kan atas nama pelanggan nya tolong segera di respon,5,2023-07-19 00:50:12
BukuWarung,"Sangat membantu, trmksh buku warung...!!",5,2023-07-19 00:13:02
BukuWarung,Akun premium di suruh upgrade ke prioritas gak bisa. Alasan di luar jangkawan dan ini itu lah 💔😞☹️😭😭😭😭😭😥😭😭😭. Beginilah nasib kalau tinggal di timur indonesia jadi anak tiri. Nilai buku warung bintang ⭐ aja dulu. Masih banyak yang harus di benahi.,1,2023-07-18 10:27:52
BukuWarung,Aplikasi pembukuan keuangan yang terbaik & juga penjualan pulsa termurah juara 1 dengan memakai saldo yang di beli dari banyak Bank di Indonesia & tidak bisa bayar pake E Wallets. Mohon untuk bisa menyertakan beli Saldo pake E Wallets,4,2023-07-17 21:55:29
BukuWarung,"habis keriset login ulang dengan nomer yg sama catatan hilang, chat admin gak ada bantuan.... aplikasi gak bisa di percaya",1,2023-07-16 22:36:00
BukuWarung,sangat membantu pembukuan,5,2023-07-16 20:08:26
BukuWarung,"Tq BukuWarung,, alhamdulillah aplikasinya mudah di gunakan,, bagus jg buat usaha jdi bos pulsa🥰",5,2023-07-16 17:29:49
BukuWarung,Aplikasinya loading parah. Mau buka aja lama nunggunya.,1,2023-07-16 08:05:51
BukuWarung,Aplikasi apaan ini.. tiba2 QRIS di Non aktifkan.. Pelanggan banyak yang kabur..,1,2023-07-15 22:37:51
BukuWarung,Good,5,2023-07-15 21:28:28
BukuWarung,"Catatan transaksi hutang hilang, jangan terlalu mempercayai aplikasi untuk data penting",1,2023-07-15 12:57:42
BukuWarung,Knpa buku warung tdak jelas skrang kok beda2 dari hp satu sma hp lain..kok catatan utangnya beda2,1,2023-07-15 12:55:31
BukuWarung,Makin update makin berat..,1,2023-07-15 12:32:08
BukuWarung,"Sampai saat ini sudah bagus, meskipun ada beberapa kendala sinkronisasi pencatatan hutang, Kemudian ada satu yg semoga ada fitur di bukuwarung yaitu fitur harga pokok average, karena misalnya kita kulakan belum tentu harga yg dulu sama dengan harga yg sekarang, jadi ketika ada selisih harga pokok sistem akan otomatis membagi rata menjadi harga pokok baru...",4,2023-07-15 11:46:06
BukuWarung,"Bbrp minggu terakhir tidak bisa melakukan transaksi, alasannya sedang ada gangguan dari provider...sampai kapan providernya tobat terus gak ganggu????",3,2023-07-14 20:47:48
BukuWarung,Akusuka,4,2023-07-14 14:55:20
BukuWarung,Buku warung makin kesini makin buruk untuk check pengeluaran dan pemasukan ga balance dengan hp kantor saya,1,2023-07-13 23:08:00
BukuWarung,Tidak sinkron..pemakaian 1 akun buat 2Hp..hampir saja saya merugi..untung cek lagi soalnya perasaan mengatakan bahwa ini salah,1,2023-07-13 18:37:26
BukuWarung,Aplikasinya cukup bagus,5,2023-07-13 17:34:25
BukuWarung,Tolong benerin lagi min. Untuk jumlah pengeluaran pemasukan hp saya dan karyawan lain beda. Masa harus di hapus data trs baru masuk,3,2023-07-12 15:17:23
BukuWarung,"Kasih bintang satu yuk teman-teman , aplikasi bukuwarung sekarang sulit dipergunakan harus verifikasi segala... Admin nya juga ga jelas respon lama",1,2023-07-11 22:32:24
BukuWarung,Belum ada Menu tagihan PPOB. Fitur Favorite nya TIDAK ADA pencarian(search) Nama atau Nomor pelanggan.,4,2023-07-11 21:26:02
BukuWarung,"Bagus, semoga ga ilang kaya buku kas",5,2023-07-11 16:41:02
BukuWarung,"Aplikasi nya enak, simple cuman gak usah sering sering update kalo fitur nya masih tetap sama",3,2023-07-10 22:08:06
BukuWarung,Aplikasi tidak bisa sambung dengan printer bluetoth tolong untuk update selanjutnya bisa tersambung pinter bluetoth,4,2023-07-10 21:08:56
BukuWarung,Sangat membantu,5,2023-07-10 20:39:17
BukuWarung,buku warung sekarang biaya ADMIN YA MAHAL.,1,2023-07-10 16:28:38
BukuWarung,SUDAH 3 BULAN LAPORAN KEUANGAN SAYA TIDAK BISA DI DOWNLOAD DALAM BENTUK EXCEL. SUDAH SAYA HUBUNGI CS TAPI SANGAT AMAT SLOW RESPON. CARA APA YANG HARUS SAYA LAKUKAN? APAKAH MEMANG SEPERTI INI PELAYANAN BUKU WARUNG?,1,2023-07-09 18:12:29
BukuWarung,"Kepada yth bapak ibu...minta tolong data2 yang ada di buku warung dihapus karena saya akan tutup,,, terima kasih",2,2023-07-08 21:45:32
BukuWarung,Aplikasi tidak aman. Awal 2 memang normal saja tapi setelah memakai aplikasi buku warung agak lama dikit uang anda tidak ada .. data laporan dagang akan di hapus bukti..itu lah yg saya alami . Pas minta bantuan cs rosponya gitu2 aja tidak membantu,1,2023-07-08 19:00:10
BukuWarung,"Maaf kak. Untuk pencatatan stok mphon di adalan lgi, soalnya bingung untuk ngitung stok sisa .. Misal klo beli voucher gitu",4,2023-07-07 16:26:15
BukuWarung,"Mantaaap mempermudah dan mengingatkan pelanggan, apalagi kalau di tambah tanda terima uang / barang dari pelanggan",5,2023-07-06 21:23:48
BukuWarung,"Ganti no handphone dipersulit,alasan 1 id 1 nomor.udah coba hubungi cs muter muter jawabannya...padahal kan tinggal tarik datanya aja ke nomor hp yg baru selesai urusan. auto uninsntall..kecewa bgt pokoknya pakai buku warung",1,2023-07-06 21:15:46
BukuWarung,Bagus lagi,5,2023-07-06 17:02:28
BukuWarung,"Parah nih apk. Dari login otp aja tidak bisa, sama di dalamnya loading mulu. Makin sini makin buruk kayak mau bangkrut. Untuk yang punya saldo hati² aja",1,2023-07-06 14:53:49
BukuWarung,Harga Bpob lebih murah dr yg lain..catatan pembukuanx trekap sendiri setelh transaksi..dapt mengetahui untung rugix...trimakaih,5,2023-07-06 12:42:40
BukuWarung,Ini kenapa ya aplikasi tiba tiba minta login.. Sudah saya masukan otp selalu tidak bisa.. Dan saya gak bisa buka data saya.. Tolong solutinya,3,2023-07-06 06:48:03
BukuWarung,"Fitur kasir yang tidak fleksibel, gk bisa hapus menu yang salah tulis, gak kyk buku kas",1,2023-07-05 22:33:10
BukuWarung,udah bagus banget. tapi kalau bisa mode kasirnya ditambahin fitur diskon / potongan harga. jd uang masuk lgsung kepotong sama diskon untk pelanggan,5,2023-07-05 21:46:32
BukuWarung,Bikin versi ios nya dong buat iPhone,1,2023-07-05 03:20:41
BukuWarung,"Sangat membantu, keren.",5,2023-07-05 00:07:07
BukuWarung,Setelah 1 bulan menggunakan tiba2 ga bisa login 😭kode otp salah mulu pdhl udah bnr,3,2023-07-04 11:01:33
BukuWarung,"Apk sudah bagus Masukn dari kami agen , buat bisa bayar pbb , Paket telp telkmsel Injex vocer semua oprator , Vocer data semua oprator Bisa kirim ke mna saja Catat utang buat sms oromatis jika jatuh tempo.",3,2023-07-04 09:59:25
BukuWarung,"Saya ingin bertanya kepada pihak buku warung, yang tiba-tiba memblokir akun buku warung tanpa pemberitahuan. Dalam apk tersebut tersimpan data2 piutang dan transaksi saya, sedangkan saya tidak menyalin ditempat lain. Data2 tetsebut tidak penting untuk buku warung tapi bgi saya data2 tersebut sangat penting. Saya mohon kepada pihak buku warung berikan kebijakan untuk masalah ini 🙏",2,2023-07-03 22:11:50
BukuWarung,Perbaikan servernya jngn kelamaan. Sy butuh catatannya min..,4,2023-07-03 21:30:57
BukuWarung,Kok ada batas batasnya sih yang gabisa ditarik,1,2023-07-03 20:00:02
BukuWarung,Isi token LISTRIK masih pake no HP LEMAH,1,2023-07-03 17:42:15
BukuWarung,"Mau kasi saran, mumpung saya balik lagi pakai aplikasi ini. Tolong untuk bukti gambar yang disimpan di setiap transaksi bisa dilihat full, soalnya pas kita cek gambar yg muncul cuman setengah. Ini supaya membantu user lain juga, terimakasih. 5 bintang kalau sudah diperbaiki 🙏🏻",2,2023-07-03 15:29:21
BukuWarung,Baik,4,2023-07-03 14:08:45
BukuWarung,Mantap,5,2023-07-03 13:46:58
BukuWarung,Sekarang serba mengecewakan,1,2023-07-02 16:43:05
BukuWarung,menurut saya ini sangat ribet untuk edit cetaknya kurang praktis... 😐,3,2023-07-02 12:27:20
BukuWarung,Sulit sekali bikin qris kasih Bintang 1.,1,2023-07-01 22:21:04
BukuWarung,Apk nya ribet .. seharusnya dgn vertivikasi ktp aja sudah jd akun prioritas .. sumpah ribetttt harus ada kode sales ribet nya minta ampun,1,2023-07-01 19:56:58
BukuWarung,Penanganan pembayarannya lelet.percuma bayar tepat waktu tapi di hitung telat.karna pembayarannya ga kaya kredivo atau akulaku yang begitu bayar langsung masuk.tapi harus konfirmasi dulu lewat wa.kalo ga konfirmasi dintagih terus2an.pokoknya jangan download,1,2023-07-01 12:27:50
BukuWarung,👍👍👍,5,2023-06-30 22:48:11
BukuWarung,"Kwalitas menurun, Keseringan update ,iklan yg gak penting dll.",2,2023-06-30 18:13:38
BukuWarung,Makasih buku warung,5,2023-06-30 14:11:11
BukuWarung,Sering ERROR,2,2023-06-30 11:12:41
BukuWarung,"Minta tolong di perbaiki dong bug nya, di hp Oppo Reno 3plus kenapa setiap mau pembukuan selalu close terus aplikasinya dan kadang lama banget benernya. Mohon diperhatikan. Yg tadinya harus pulang jam 9 malam jadi setengah 10 malam. Gara gara nuguin aplikasinya bener. Terima kasih",3,2023-06-29 22:41:51
BukuWarung,"Aneh aplikasi banyak masalah, sore gada apa² tiba² pas mau input brang malah disuruh relogin udah gitu pas masukin kode otp bener malah gabisa katanya otp salah invalid token lah",1,2023-06-29 22:11:48
BukuWarung,Mantabs aplikasinya sangat membantu...,5,2023-06-29 21:06:47
BukuWarung,Incredible,5,2023-06-29 13:25:41
BukuWarung,Tolong TF dari dana ke buku warung dengan qris belum sampai uangnya di buku warung.mohon agar tidak terlalu lama uangnya sampai di bukuwarung. terima kasih,5,2023-06-29 11:24:19
BukuWarung,aplikasi nya Ribet sering error.mode kasir masih JADUL dan sulit .klu ada yg bilang ini bagus berarti org ini infonya kurang update.sangat tidak bisa di pakek buat usaha skala menengah ke atas aku udah tinggalkan .karna kurang bermutu .maaf ya🙏🙏🙏,1,2023-06-29 09:20:32
BukuWarung,"Masa perbaikan itu lama yahh?!, ada konsumen mau beli lagi",5,2023-06-29 08:25:30
BukuWarung,"top up lewat bca hapus aja,,mau top up gangguan mulu udah2 bulan belom di fix",1,2023-06-29 07:31:05
BukuWarung,Kok g bisa dibuka kenapa ni...semua dataq disitu...gimana ni,5,2023-06-28 19:50:50
BukuWarung,Ini aplikasi tidak jelas sudah isi saldo dan transfer sudah berhasil...saldo rekening saya udah kepotong tapi saldo di bukuwarung nya tidak bertambah...pas di lihat transaksi isi saldo nya jadi di batalkan lalu hilang uang nya dan di tanyakan di livechat nya respone nya lelet banget tanggapan nya...,1,2023-06-28 18:24:31
BukuWarung,g bisa buka aplikasi dari tgl 27,2,2023-06-28 15:17:53
BukuWarung,😊👍,5,2023-06-28 10:46:48
BukuWarung,Habis update malah lelet,2,2023-06-28 00:20:44
BukuWarung,"Kebanyakan upgrade, capek deh",2,2023-06-27 23:37:32
BukuWarung,"Tolong aplikasih buku warung tidak bisa di buka, bagaimana cara membukanya, data konsumen disitu semuanya,..",5,2023-06-27 23:08:54
BukuWarung,Pembaruan lama banget...hampir 1 hari blom selesai juga,3,2023-06-27 22:43:29
BukuWarung,"2 tahun pakai apk ini Alhamdulillah. Aman"" aja",5,2023-06-27 22:28:26
BukuWarung,"Aplikasi yg bagus, sangat membantu",5,2023-06-27 22:10:57
BukuWarung,Ini kok gak bisa di buka apk buku warung nya..padahal data utang warung saya save di sana,4,2023-06-27 22:01:55
BukuWarung,"Buku warung kenapa..? Kok GK bisa di buka, padahal semua utang pelanggan ada di aplikasi ini..",3,2023-06-27 21:58:45
BukuWarung,Bagus,5,2023-06-27 21:25:08
BukuWarung,Buku warung saya tidak biza masuk ke halaman utama kembali ke home terus gimana ini,1,2023-06-27 20:45:17
BukuWarung,👌,5,2023-06-27 19:58:55
BukuWarung,Ini kenapa aplikasinya lama gak bisa di gunakan mana catatan hutang piutang di situ semua lagi.. Tidak benar ini agen buku warung.. Lelet..masalah lama terselesaikan,1,2023-06-27 19:36:26
BukuWarung,No komen,3,2023-06-27 19:20:44
BukuWarung,"Kenapa tidak bisa terbuka aplikanya padahal data hutang konsumen ada semua di situ,dan sekarang sdah waktunya pembayaran",4,2023-06-27 18:58:07
BukuWarung,Perbaikan apa lagi ni,1,2023-06-27 18:52:13
BukuWarung,Kenapa aplikasi ini kalau gangguan nya lama....tolong segera di perbaiki,3,2023-06-27 18:23:18
BukuWarung,Tidak bisa terbuka dari pagi sampe skrg..mohon dipercepat perbaikan nya min🙏😭😭,5,2023-06-27 18:15:02
BukuWarung,Mantap aplikasi nya beda dari yg lain,5,2023-06-27 17:55:39
BukuWarung,Ini kenapa maintenance mau sampai satu hari,3,2023-06-27 17:19:06
BukuWarung,"Kenapa hari ini APK nggak bisa ke buka,dari pagi sampe sekarang.",1,2023-06-27 17:10:56
BukuWarung,"Gmn ini ga bisa kebuka gini si, suruh ke home trus. Sedangkan catatan penting harus segera di upgrade. Tolong jika mau maintenance infokan dlu sbelumny....",1,2023-06-27 17:04:36
BukuWarung,Mantap,5,2023-06-27 17:03:35
BukuWarung,"Lama banget maintenance nya, tadi ada notif katanya sudah normal lagi tapi pas di buka masih kagak bisa",3,2023-06-27 16:21:50
BukuWarung,Masih upgrade sistem min??,4,2023-06-27 15:51:50
BukuWarung,"Buku warung ok,kami terbantu dalam jualan warung.",5,2023-06-27 15:41:46
BukuWarung,"Kenapa buku warung hari ini ga bsa dibuka, apakah mantenance",5,2023-06-27 15:33:47
BukuWarung,Habis di update malahan tambah lelet dan malahan gak bisa di pakai ofline buat jualin pelangan jadi nya susah kalo hilang sinyal 😑,3,2023-06-27 15:19:13
BukuWarung,"Malah ngaco pencatatannya min, tolong perbaiki",1,2023-06-27 15:03:42
BukuWarung,Mudah di gunakan,5,2023-06-27 14:25:54
BukuWarung,maintenance lama,1,2023-06-27 14:25:53
BukuWarung,Ini kenapa buku warung ngga bisa dibuka?,1,2023-06-27 14:13:55
BukuWarung,"Buku warung malah ga bisa di buka sekarang, mengecewakan",1,2023-06-27 14:06:48
BukuWarung,"Bagus, apakah sekarang sedang Gangguan Buku warung?",4,2023-06-27 13:55:36
BukuWarung,"Sy download beberapa app untuk catatan keuangan setelah dicoba Yang paling simpel mudah pemakainya, mudah dimengerti bahasanya, lengkap data/ sistem nya walaupun versi gratisan tapi sangat bagus koq. Laporan keuangan bisa Excel & PDF mantap 👍❤️",5,2023-06-27 13:44:58
BukuWarung,kenapa buku warung saya tidak bisa di buka tolong ding min kasi penjelasannya,1,2023-06-27 13:41:20
BukuWarung,"Waduhhhh ini aplikasi maintenance seharuan, pdhl catatan tiap hari banyak, not rekomended",2,2023-06-27 13:28:49
BukuWarung,Dari kemarin ada perbaikan sistim.tidak kunjung bisa digunakan.merugikan kami yang sudah tergantung dengan catatan di aplikasi ini.,5,2023-06-27 13:26:13
BukuWarung,"Sangat membatu untuk pembukuan , mempermudah catatan usaha Saya sudah menggunakan Applikasi ini selama 3 Tahun.. Semoga Buku Warung semakin jaya & sukses .. 👍👍👍",5,2023-06-27 13:24:28
BukuWarung,Per Hari ini aplikasi gak bisa dibuka kenapa gan ???,5,2023-06-27 13:22:22
BukuWarung,Semangat terus kakak,5,2023-06-27 13:19:12
BukuWarung,"Ini kenapa gk bisa dibuka aplikasinya? Kalau lg gangguan, tolong infokan..ini gk ada pemberitahuan apa2.. sales ny pun gk tanggung jawab.. sebell...",3,2023-06-27 13:19:12
BukuWarung,Gak bisa digunakan,1,2023-06-27 13:18:48
BukuWarung,Kok skrg gak bisa terbuka,5,2023-06-27 13:18:43
BukuWarung,Harusnya kalau update jangan di jam2 kerja dong😫😫😫,3,2023-06-27 13:16:17
BukuWarung,Kapan selesai maintenance?,5,2023-06-27 13:10:39
BukuWarung,Okk,5,2023-06-27 13:01:52
BukuWarung,Pak ko buku warung yang nama saya Rasdi GK bisa di buka ya,5,2023-06-27 12:56:46
BukuWarung,"kenapa d hp saya gak bisa d buka , kapan bisa sembuh kembali ?",5,2023-06-27 12:55:23
BukuWarung,Sesuai harpan....catatan bisa kembali ketika login .ok bngt pokoknya..,5,2023-06-27 12:49:10
BukuWarung,Hallo kak saya pengguna buku warung...sekarang kenapa saya tidak bisa membuka aplikasi buku warung..banyak catatan keuangan yang mau saya beresin kak...mohon pencerahannya kak supaya aplikasi nya bisa dibuka kembali...terimakasih sebelumnya 🙏,5,2023-06-27 12:43:56
BukuWarung,Tidak bisa di buka.. Keterangan.. Kami akan segera kembali... Di bawah nya Kembali ke home,5,2023-06-27 12:38:31
BukuWarung,Tolong segra di perbaiki D aplikasi banyak data pelanggan.. so.alnya dri smlm tdk bsa d buka,4,2023-06-27 12:27:16
BukuWarung,"Aplikasi burik, catatan bon sy bnyak disitu malah skrng aplikasi sdg perbaikan",1,2023-06-27 12:24:52
BukuWarung,"Terlalu banyak update , terlalu byk iklan bikin kouta cepat habis , jangan di download klau tak mau rugi , silan cari app lain",1,2023-06-27 12:21:29
BukuWarung,"Saya suka dengan aplikasi ini, dah lama saya pakai kurang lebih 3 tahun, Al hamdulillah belum ada kendaka",5,2023-06-27 12:18:57
BukuWarung,Sering update dan ga bisa di buka. Taiiiik lah,1,2023-06-27 12:17:21
BukuWarung,"Ini kenapa lagi ,gk bisa di buka ,,ada notif tunggu kami akan kembali ,,, Sedangkan saya catat tiap hari di sana",1,2023-06-27 12:16:05
BukuWarung,Setelah update gk bisa dibuka sampai kapan gangguan nya min tolong dong data saya disana,1,2023-06-27 12:10:32
BukuWarung,Sampai kapan akan perbaikannya ya,5,2023-06-27 12:06:31
BukuWarung,Lagi offline kah?,3,2023-06-27 12:05:03
BukuWarung,maintenance nya lama banget,1,2023-06-27 12:05:00
BukuWarung,Ko gak bisa dibuka ya?,1,2023-06-27 12:03:49
BukuWarung,Kok gak bisa dibuka....padahal banyak data disitu....,4,2023-06-27 12:02:12
BukuWarung,Gabisa dibuka knpa ya,5,2023-06-27 12:01:23
BukuWarung,"Aplikasi ada ganggu, mohon untuk cepat di perharui, karena data penting para pengguna aplikasi ada didalam.",5,2023-06-27 12:01:12
BukuWarung,tiba tiba eror ini keteranganya ( kami akan segera kembali) waduh catatan nota pelanggan disitu semuanya gimna ini respon solusi cepat dooong,2,2023-06-27 11:53:03
BukuWarung,"Tolong cepat parbaiki aplikasinyaa,, masih saja gangguan Saldo saya banyak di dalam aplikasinya",1,2023-06-27 11:51:42
BukuWarung,Ini gmn yaa sampai kpn perbaikan nya ??? Data saya di situ semua LG,3,2023-06-27 11:50:45
BukuWarung,Apa masalahnya kenapa gak aplikasi gak bisa di gunakan???,5,2023-06-27 11:45:23
BukuWarung,aplikasi gangguan,1,2023-06-27 11:44:19
BukuWarung,Sy mau tanya apakah aplikasinya gangguan? Sudah hampir 5 jam perbaikan trus..,5,2023-06-27 11:40:59
BukuWarung,Kenapa gak bisa dibuka ya allah,5,2023-06-27 11:40:26
BukuWarung,"Perbaikan kok berhari2,sy tdk bisa liat catatan hutang yg tersimpan di buku warung",2,2023-06-27 11:40:18
BukuWarung,Kapan bisa buka lagi? Saya gak bisa liat hutang pelanggan ne,1,2023-06-27 11:39:34
BukuWarung,"Woy gk bisa di buka, catatan hutang gua gimana ,",2,2023-06-27 11:39:07
BukuWarung,Kok apk ny gk bisa d buka,4,2023-06-27 11:38:18
BukuWarung,Kenapa g bisa di buka catatan hutang semua ada di apk,1,2023-06-27 11:37:31
BukuWarung,Ini kenapa TDK bisa digunakan,2,2023-06-27 11:37:29
BukuWarung,Baik,4,2023-06-27 11:34:01
BukuWarung,"bagus banget,dan sangat bermanfaat",5,2023-06-27 11:33:25
BukuWarung,Kenapa yang dari semenjak di update jadi gak bisa kebuka,5,2023-06-27 11:31:55
BukuWarung,"Main tenance 2hari,padahal semua transaksi ksimpan d buku warung kaaacauuuuu",1,2023-06-27 11:30:34
BukuWarung,Tolong di pecepat proses maintenance systemnya. Saat ini aplikasi tdk bisa di akses,3,2023-06-27 11:30:05
BukuWarung,Kenapa sekarang aplikasi tidak bisa dibuka?,4,2023-06-27 11:23:23
BukuWarung,Sngat sangat mmbantu dlam keuangan sekligus pembukuan usaha kami,5,2023-06-27 11:22:15
BukuWarung,Kenapa mantenance lama sekali? Saya nggak bisa buka aplikasi. Banyak catatan hutang di dalamnya.,2,2023-06-27 11:19:14
BukuWarung,"Ini kok rusak ya apk nya gimna sih,masih belum bisa dibuku",1,2023-06-27 11:16:27
BukuWarung,"Sampai kapan maintenance nya bos, catatan hutang sya dsna smua. Ni udah kacau pembukuan saya",1,2023-06-27 11:13:21
BukuWarung,Cepetan dong benernya. Dari tadi pagi gak bisa dibuka,2,2023-06-27 11:11:39
BukuWarung,"Sampai kapan perbaikan nya, harus tingkatkan lagi..",3,2023-06-27 11:11:21
BukuWarung,"Applikasi yang sangat membantu pengusaha kecil seperti saya, mudah applikasi dan sangat berguna sekali Terima kasih buku warung, semoga terus ditingkatkan 👍",5,2023-06-27 11:07:31
BukuWarung,Aduh apk mau dipakek masih perbaikan puyeng puyeng.. kalau mau perbaikan itu malam ajah,1,2023-06-27 11:06:20
BukuWarung,Kok gk bsa di akses. Padahal isi dokumen penting ni. Tolong info nya dong🙏🙏🙏🙏,1,2023-06-27 11:05:54
BukuWarung,Kok sering gangguan buku warung ni cobak tanggapi bos?? Hari ini gangguan dari pagi tadi,2,2023-06-27 11:04:49
BukuWarung,"Lama sekli upgrade nya,,tak bisa catat huatng piutang....😪😪😪",1,2023-06-27 11:01:55
BukuWarung,ALHAMDULILLAH APLIKASI INI SANGAT MEMBANTU & SANGAT BERMANFAAT..TERIMAKASIH 😇🙏..,5,2023-06-27 10:55:11
BukuWarung,Mo sampai kpn eror trs ini g bisa di pakai,1,2023-06-27 10:53:10
BukuWarung,perbaikan sistem mengangu bngt sumpah ..,1,2023-06-27 10:52:18
BukuWarung,"Aplikasi yang sangat membantu Tapi sayangnya tiba"" Keluar dan ndak bisa di buka hanya ada tulisan ""kami akan segera kembali""",3,2023-06-27 10:48:04
BukuWarung,Hallo admin kenapa apknya hr ini tgl 27 juni 2023 tidak bisa dibukak,4,2023-06-27 10:46:10
BukuWarung,Ini gimana sih dibuka malah gabisaaa. Pdhal urgent,1,2023-06-27 10:43:22
BukuWarung,Mau sampai kapan maintenen sistem buku warung ya pak Ini jd buta pencatatan,3,2023-06-27 10:42:29
BukuWarung,"kenapa Apk nya gx bisa di buka ya min,",3,2023-06-27 10:41:09
BukuWarung,Knp buku warung tidak bisa terbuka.. mohon penjelasan nya,5,2023-06-27 10:40:27
BukuWarung,Halo buku warung kenapa nih buku warung saya tida bisa di buka? Saya mau catet utang pelanggan saya nih mohon segera perbaiki🙏😔,3,2023-06-27 10:29:10
BukuWarung,Ngapai la perbaikan Saya mau liat catatan utgplanggn Lama kali perbaikan seperti in aja Malas pulak make in lg,1,2023-06-27 10:26:24
BukuWarung,Ini sampe kapan ya dibenerinya,3,2023-06-27 10:22:53
BukuWarung,Knp tdk bs diakses hr ini,4,2023-06-27 10:19:45
BukuWarung,Ada gangguan apa tidak bisa dibuka,2,2023-06-27 10:18:37
BukuWarung,Kemarin2 udh bgs sbnr'y.tp stlh di update kok mlh jd gak bisa buka.pdhl data2 di dalamnya penting bgt,5,2023-06-27 10:15:56
BukuWarung,Kok gak bisa di buka kenapa,4,2023-06-27 10:14:56
BukuWarung,Membantu,5,2023-06-27 10:10:22
BukuWarung,Bukuwarung semakin berat pengguna dalam sistemnya,1,2023-06-27 10:08:49
BukuWarung,Makin kesini makin parah,1,2023-06-27 10:08:06
BukuWarung,Sering gangguan dan sekarang juga gangguan parah gak bisa dibuka pdhal butuh banget mengecek pembukuan,1,2023-06-27 10:07:13
BukuWarung,Tolong segera perbaikannnya catatan bon banyak bangt,3,2023-06-27 10:01:04
BukuWarung,jangan lama lama lah di update min jdi lupa bon2 org,3,2023-06-27 09:55:26
BukuWarung,Knp bisa hilang,5,2023-06-27 09:52:51
BukuWarung,Semakin sering di upgrade semakin tidak membaik.,2,2023-06-27 09:51:13
BukuWarung,Ga bisa dibuka eror,3,2023-06-27 09:49:27
BukuWarung,"Halo kak, mau tanya kenapa aplikasi buku warung nya dlm sistem pemeliharaan yah.. Sampai kapan?",5,2023-06-27 09:47:16
BukuWarung,"Maintenance sih maintenance, tp jgn semua fitur ga bisa di akses. Saya mau cek utang pelanggan ga bisa alhasil saya kayak org tolol ketika ditanya hutangnya brp 😑 Ya masak kudu punya dua aplikasi untuk cacat utang pelanggan, ribet dong, di mana fungsi kepraktisan",1,2023-06-27 09:43:50
BukuWarung,Kpn slesai ini perbaikannya?,5,2023-06-27 09:38:16
BukuWarung,Mantap,5,2023-06-27 09:36:30
BukuWarung,"Awal awal dipakai aplikasinya bagus, setelah ada pembaruan kenapa gabisa dibuka sama sekali ya? Tolong dibantu dong untuk diperbaiki supaya bisa dibuka kembali",3,2023-06-27 09:31:13
BukuWarung,Kenapa aplikasi tidak bisa di bukak,3,2023-06-27 09:27:56
BukuWarung,"Apk busuk, banyak tingkah yg gak guna. Sering updt pembaruan tapi malahan nambah busuk. Sangat merugikan",1,2023-06-27 09:25:44
BukuWarung,Apa buku warung gangguan bosku,5,2023-06-27 09:25:35
BukuWarung,Mantap,5,2023-06-27 09:24:31
BukuWarung,Hbis updet knp GK bisa di buka pyh gmn ni catatan hutang ad di situ,2,2023-06-27 09:24:27
BukuWarung,Apl buku warung saat ini kok gak bisa di buka gimna ini 🙄🙄,1,2023-06-27 09:24:18
BukuWarung,"Ini lagi kenapa dah, tiba-tiba error di update bukannya bener malahan makin gk jelas!",1,2023-06-27 09:18:20
BukuWarung,Habis di update malah gk bisa di buka,3,2023-06-27 09:09:48
BukuWarung,Cs aplikasinya kok Ndak bisa di buka,3,2023-06-27 09:00:53
BukuWarung,Bagus cuma perbaikan sistem kok lama,5,2023-06-27 08:51:25
BukuWarung,"tak.kasih bintang 5 lagi,muantappp",5,2023-06-27 08:49:17
BukuWarung,"Buku warungnya bagus, tapi setelah sekian lama aku makek kmren buku warungnya kluar sendiri dan disuruh masukin no hp lagi, dan data hutang ku hilng , bikin kecewa, trus update nya terlalu sering,,,,,, mohon dipermudah lah min jngan macet kayak gini,,,,",3,2023-06-27 08:48:05
BukuWarung,Gk bisa d.buka,2,2023-06-27 08:40:52
BukuWarung,Maaf ka perbaikannya berpa lama y,5,2023-06-27 08:32:41
BukuWarung,Gk bisa di buka,1,2023-06-27 08:32:33
BukuWarung,"aplikasi tidak bisa di buka di hari ini, padahal setahun pakai tidak pernah ada masalah, tolong di bantu",1,2023-06-27 08:31:41
BukuWarung,Kak.tidak bisa buka aplikasi buku warung kenapa,4,2023-06-27 08:29:32
BukuWarung,aku suka aplikasinya kok error ya,5,2023-06-27 08:25:40
BukuWarung,Gimana sih nih aplikasi melakukan Perbaikan Bukanya tengah malam ajh gitu jm 12 malam sampe jm 7 pagii. Jangan ini mah perbaikan malah dari pagi sampe jm 12 siang. Saya mau akses kaga bisaa. Mengganggu kenyamanan pengguna aplikasi dan merugikan Juga.. Kaga jelass nih aplikasi sumpah..,1,2023-06-27 08:24:28
BukuWarung,"Kalau mw maintenance mbok iy o diksih info dlu,,jd bs backup data dlu",1,2023-06-27 08:14:07
BukuWarung,Bagus,5,2023-06-27 08:12:28
BukuWarung,Maaf perbaikanx sampai kapan ni mslhx data pelangganku banyak didalam,5,2023-06-27 08:10:55
BukuWarung,Sering erorr . Lagi pas di butuhin ga bisa kebukaaa .tolong perbaiki .biar lebih efisien.mksh,1,2023-06-27 08:08:52
BukuWarung,"Mohon di cek, buku warung gak bisa dibuka. Knp ya??",5,2023-06-27 08:07:32
BukuWarung,Kenapa hari ini aplikasi gak bisa dibuka ya... Waduh.... parah ini semua catatan ada di situ pakai hp satunya,4,2023-06-27 08:02:14
BukuWarung,"Saya merasa terbantu dengan aplikasi ini beberapa tahun ini.Cuma yang jadi masalah, tiap ada update aplikasi, selalu ada masalah, bahkan jadi lemot, kaya skrng pagi, aktifitas jd sangat terhambat. Mohon bantuannya admin.",5,2023-06-27 07:55:47
BukuWarung,Aplikasinya apa lagi dalam perbaikan bos,5,2023-06-27 07:50:01
BukuWarung,"Kami sdh bertahun² pakai, Aplikasi ini sangat membantu buat usaha kecil kami. Tp sejak tadi pagi, Aplikasi kok eror, diminta kembali ke home. Padahal sudah di uptade. Tolong segera diperbaiki ya.. Terimakasih..",3,2023-06-27 07:43:56
BukuWarung,Minimal update 1 bulan sekali jangan tiap hari minta update terus.,2,2023-06-27 07:43:13
BukuWarung,"Terima kasih buku warung sudah mau mendengar komplain dari pelanggan, skrg untuk deposit dapat menggunakan bank yg kita mau, tidak hanya lewat BNI saja, masukan kembali untuk update jangan terlalu lama, karena aplikasi jadi tidak dapat di gunakan, untuk harga masih termasuk murah dibanding aplikasi yg lain",5,2023-06-27 07:43:04
BukuWarung,Mantap,5,2023-06-27 07:34:16
BukuWarung,Knp aplikasinya tidak bisa d gunakan lagi kak,5,2023-06-27 07:33:47
BukuWarung,Dulu bagus2 aja. Sekarang sering betul gangguan. Baru pas orang mau bayar utang . Bingung kita dibuatnya berapa total utang pelanggan..,1,2023-06-27 07:16:26
BukuWarung,Skarang agak eror,5,2023-06-27 07:11:30
BukuWarung,BAGUS BANGET,5,2023-06-27 07:08:10
BukuWarung,Kalau maintance jangan lama² woy,2,2023-06-27 06:58:53
BukuWarung,kenapa aplikasi malah ngk bisa di buka,2,2023-06-27 06:52:01
BukuWarung,Alhmdllah sangat membantu x.saat pencatat pengeluaran dan pemasuk kan..lebih rapi dan lebih aaman..,5,2023-06-27 06:50:04
BukuWarung,"Sangat bermanfaat,",5,2023-06-27 06:32:29
BukuWarung,Akhir-akhir ini apk susah d buka,2,2023-06-27 06:18:57
BukuWarung,Mantap,5,2023-06-27 06:03:38
BukuWarung,Aplikasi lagi kenapa ya kok gak bisa dipakai tulisannya sedang dalam perbaikan.. soalnya data saya banyak di apk buku warung,3,2023-06-27 06:03:31
BukuWarung,Pembuatan qris dimudahkan...,1,2023-06-27 06:01:21
BukuWarung,"Perbaikan sistemnya cepetan,, saya mau laporan ini, tiba tiba gak bisa di buka, waduhhh",5,2023-06-27 05:53:11
BukuWarung,Kok aplikasix g bisa dibuka yah? mana data penjualan saya ada semua didalam...bon org jg disana sy mau menagih jd susah tolong dong adminx kasih normal seperti biasa...bisa bahaya ini kalau bgni apliasix macet2💆,3,2023-06-27 04:28:48
BukuWarung,Udah hampir 2 tahun pake aplikasi ini kenapa tiba2 hari ini gk bisa di buka. Padahal disini bnyk catatan hutang pelangganku yg udh hmpir 2 jutaan . Kek mana ni.. Mana aku gk hafal hutang2 mereka,5,2023-06-27 04:08:20
BukuWarung,Kenapa kok bisa trobel buku warungnya,2,2023-06-27 03:32:34
BukuWarung,Ok,5,2023-06-27 03:01:28
BukuWarung,"Kenapa buku kas nggak bisa di bukak min,tolong cepat diperbaiki min🙏🙏🙏",3,2023-06-27 02:50:32
BukuWarung,"Maintance??? Mau nyatat offline ikut gak bisa. Kalo mau maintance kasih info dulu,biar bis Saya download laporan keuangannya, takut hilang. Abis Saya ambil laporannya lansung Saya hapus nih aplikasi, rawan sekali hilang data Saya. Masa iya, nyatat doang juga ikut maintance.",1,2023-06-27 02:23:16
BukuWarung,Goddd,5,2023-06-27 02:05:56
BukuWarung,Sangat membantu,5,2023-06-26 22:59:49
BukuWarung,Mungkin apk nya bagus tapi para adminnya tidak siap melayani member jadi kesimpulannya tinggalkan saja,1,2023-06-26 12:41:10
BukuWarung,Mantap aplikasinya,5,2023-06-26 12:08:43
BukuWarung,"Bagus banget buat nyatet² pengeluaran, pemasukan, stok,dll. Next semoga bisa di atur jatuh tempo secara otomatis setiap ada transaksi belum lunas ada pilihan selama 3/5/7 hari dan bisa mengirim ke kontak tertaut secara otomatis juga kalau jatuh temponya udah pas atau lebih tanggalnya jadi nggk perlu milih tanggal sendiri setiap transaksi belum lunas langsung deh ada jatuh temponya.. heheh semoga semoga 🥳🥳🥳🥳🥳🥳🥳🥰🥰🥰🥰",5,2023-06-25 23:33:21
BukuWarung,Ini gimana ceritanya udah gw update masa pas buka mesti update lagi.. terus aja berulang kek gitu ribet banget mana masih ada saldo,1,2023-06-25 20:08:01
BukuWarung,Salesnya gak ramah dan songong,1,2023-06-25 15:15:24
BukuWarung,Kalo update maksa,3,2023-06-25 12:30:45
BukuWarung,"Cuma ngasih saran, kalau bisa total hutang yg hijau di ganti menjadi total hutang saya, jangan di buat menjadi total hutang nama pelanggan, terimakasih",5,2023-06-25 12:18:52
BukuWarung,Bagus bermanfaat,5,2023-06-25 01:06:24
BukuWarung,Ok mantap...hanya saja ko tdk ada pesan notif untuk nmer tjuan utang y Koq minta updete pdhl Bru shri,2,2023-06-24 23:13:47
BukuWarung,Harus selalu update 😶,2,2023-06-24 21:37:56
BukuWarung,Mantap,5,2023-06-24 19:45:33
BukuWarung,Aneh banget Perasaan baru tdi pagi update malah malam nya disruh update lgi 🧐 Ini apk lgi kenapa sih gk biasa nya kya gini Biasanya kdng2 aja daruh update ini malah sehari 2 kli kya minum obat aja Tolong perbaiki untuk masalah update nya,2,2023-06-24 19:44:23
BukuWarung,"Sekarang kok jatuh tempo nya gak ada SMS ke pelanggan nya. Waktu itu mah setiap kita catat ada SMS langsung,dan kalo jatuh tempo juga ada SMS, sekarang gak ada.tolong dong kenapa",3,2023-06-24 19:27:25
BukuWarung,"Siang td di update cuman kok skrng di suruh update lagi,,, tolong apl nya di perbaiki lagi.",3,2023-06-24 17:34:59
BukuWarung,"Mau catat pembukuan harus update aplikasi dulu, tapi pas diklik update malah ga selesai2 updatenya. Tolong segera diperbaiki bugs nya",1,2023-06-24 17:32:49
BukuWarung,sangat membantu sekali,5,2023-06-24 11:51:43
BukuWarung,Buku memang keren,5,2023-06-24 08:15:20
BukuWarung,"JANGAN MAU DIPERBARUI...!!!! SEJAK DIPERBARUI JADI BANYAK BUG... Tambah parah, masa update maksa.",1,2023-06-24 07:37:11
BukuWarung,"gimna dgn file/data saya sist,,setelah di update ke versi yg baru,datanya pada hilang semua,,mhon pnjelasnya..penting bgett",1,2023-06-23 22:49:59
BukuWarung,Bintang tiga dulu,3,2023-06-23 18:23:40
BukuWarung,"Makin kesini makin lemot kalau dipakai, bulan depan mau pindah aplikasi lain aja",2,2023-06-23 13:52:22
BukuWarung,"Adeuuhh transaksi nya lama, sama pelanggan di komplain mulu, ni kuping nyampe panas, kemaren udah enak pembaruan, malah gini lagi",1,2023-06-23 11:39:58
BukuWarung,"Saya masih ada problem dengan aplikasi bukuWarung, problem saya pada aplikasi tsb tidak dapat menuliskan 1/4kg 1 ons dengan otomatis pembagian karena saya berjualan sembako maka bagi sayang masih kurang efektif",4,2023-06-23 00:09:37
BukuWarung,Ini kenapa gak bisa dibuka ya? Padahal udah update juga.,3,2023-06-22 00:01:33
BukuWarung,Aplikasi Gak faedah... Udah ikut intruksi priyoritas malah di blok qris nya ... Team jg g dateng2 udah ngajuin verifikasi toko jg nunggu 21 hari ...hasil di blokir qris ku ....... kecewa banget,1,2023-06-21 20:37:21
BukuWarung,"Buku warung bagus, tapi saya isi saldo 2x belom masuk juga. Harap di selesaikan sekarang, saya butuh buat dagang.",3,2023-06-21 20:05:49
BukuWarung,Sangat membantu,5,2023-06-21 16:37:17
BukuWarung,Ko kaga bisa masuk .apa sedang gangguan,3,2023-06-21 10:04:13
BukuWarung,Sangat bermanfaat buat aku,5,2023-06-21 06:07:29
BukuWarung,"Saya merasa kecewa saya yg punya toko online, tidak bisa verifikasi ke akun prioritass, tidak seperti awal awal dulu",1,2023-06-20 20:48:05
BukuWarung,Knp mau login gak ada tombol setelah ngisi otp,1,2023-06-20 18:55:19
BukuWarung,Total stok harus nya singkron dngan jumlah uang atau modal,2,2023-06-19 10:01:44
BukuWarung,Terbaik,5,2023-06-19 09:45:36
BukuWarung,sip sudah belajar dari kesalahan sudah baik dalam menerima komplain cepat tanggap semoga begini terus agar gak dapat bintang 1 sempat kemarin saya kasih bintang 1 tapi saya ubah karena udah kerennn bintang 5 pelayanan CS nya,5,2023-06-18 18:36:28
BukuWarung,Good apk andalan,5,2023-06-18 14:21:05
BukuWarung,mercant gajelas ya begini,1,2023-06-17 18:32:34
BukuWarung,"Bikin QRIS harus Verifikasi foto toko dulu, sedangkan saya cuma punya Toko Digital yg di tokopedia atau shopee,dan maaf QRIS saya udah di Nonaktifkan, dengan terpaksa saya uninstall aplikasi ini.",1,2023-06-17 13:22:55
BukuWarung,"Aplikasi lucu, nama usaha gak boleh mengandung kata muslim",1,2023-06-17 07:58:49
BukuWarung,Ngacapruk,1,2023-06-16 15:03:49
BukuWarung,Pengaturan susunan item nya di nota kok random ya? harusnya bisa di atur per kategory biar lebih mudah lihat nya,2,2023-06-16 13:03:57
BukuWarung,Tiba-tiba gak bisa buka,5,2023-06-15 12:34:50
BukuWarung,Nice,5,2023-06-15 12:14:49
BukuWarung,"Aplikasi payah!! Tiba tiba logout sendiri, pas login lagi, semua catatan catatan hilang semua. Padahal catatan catatannya penting semua. Diantaranya catatan hutang, piutang dan catatan harga serta stok barang. Kita sudah komplain bahwan sudah memperberikan rekaman video, tetap aja ga ngaruh, semuanya hilang dan saya merasa sangat dirugikan.",2,2023-06-14 18:33:52
BukuWarung,Sampai kapan harus menunggu dan menunggu,1,2023-06-14 10:07:24
BukuWarung,Sudah tidak bisa di pakai untuk catatan pembukuan selalu ada notifikasi (Rendah memori tidak dapat menyimpan transaksi),1,2023-06-13 21:38:25
BukuWarung,"Buku warung lama lama gak jelas , proses lambat , jangan mau download aplikasi ini , cs nya pun tidak ada respon sedikit pun",1,2023-06-13 17:57:27
BukuWarung,User tidak bisa download dokumen file exel di aplikasi. Payah!!,2,2023-06-13 10:08:12
BukuWarung,Kode otp menghambat segala aktifitas,1,2023-06-12 22:59:37
BukuWarung,Ga jelas mau catat transaksi sll aja muncul memori penuh Maksud nya apa ya,2,2023-06-12 22:42:56
BukuWarung,aktifkan qris nya susah banget ya harus ada kode dari sales,3,2023-06-12 21:33:15
BukuWarung,"Sebernya app in enak dipakai.. mudah dipelajari & cukuplah untuk mencatat pembelian penjualan n kelola stocknya dan yg terpenting itu gratis.. tp sangat2 disayangkan stp kt edit bgn penjualan/pembelian stock produk ikut berkurang/bertambah, klo kt edit berkali2 ya berkurang/bertambah berkali2.. laporan jd kacau balau deh mlh bkn pusing krn hrs diedit2 lg bgn stocknya .. smg bs sgr diperbaiki deh.. sejauh in mslh itu belum terselesaikan sy lihat..",2,2023-06-12 17:35:07
BukuWarung,Bagus dan tampilan resoinsive,5,2023-06-12 13:16:50
BukuWarung,"INI APLIKASINYA SUDAH 3 HARI GAK BISA DIBUKA, MAU LOGIN GAK BISA LAGI. SALDO MASIH BANYAK LAGI DIDALAM. APLIKASI BURUK KALI!",1,2023-06-12 12:51:25
BukuWarung,Respon cs sangat lambat,2,2023-06-11 13:40:45
BukuWarung,Wahh mntapp pakai aplikasi senang sekalii deposit langsung masuk cept seklii juga enk dipahmai simpell dan jarang ganguan sipp mantulll gann,5,2023-06-11 12:10:26
BukuWarung,"Tidak BS melakukan transaksi,saldo terpendam di aplikasi 250rb😭😭😭😭",1,2023-06-11 09:29:56
BukuWarung,"Saya kecewa sekali, 4 pelanggan dan rugi karena maslah tf ke antar bank yg pending bisa berhari hari. Pelanggan perlu cepat uang yg di kirim kdg ada yg sabar juga sampai bolak balik ke counter. Krena belum masuk mau ga mau sy yg talangin. Perlu pembaharuan untuk buku warung terutama untuk trx antar bank dan yg lainnya.",1,2023-06-10 13:43:26
BukuWarung,Keren,5,2023-06-10 11:03:45
BukuWarung,"Enak pake mode kasir, tp sayang tdk bisa diedit...",3,2023-06-09 20:24:03
BukuWarung,"Mau ngasih masukan, untuk fitur transfer sebaiknya jangan otomatis terpasang rekening yang tersimpan. Karena beresiko salah transfer, apa lagi ketika rutin transfer. Menurut saya lebih baik manual aja masukin no rekening pelanggannya, kosongkan aja jangam otomatis terpasang. Makasih",5,2023-06-09 20:16:44
BukuWarung,Hasil unduh laporannya sangat tidak memuaskan. Tidak menampilkan hasil laporan yang utuh . Nama pelanggan dan transaksi tidak ada,2,2023-06-09 09:07:05
BukuWarung,Menu Gak Lengkap... Paket Data Tidak Ada....,1,2023-06-08 20:42:20
BukuWarung,"Saya sudah lama menggunakan aplikasi ini,..dan sempat vakum beberapa bulan tidak menggunakannya.. kini kita Gunakan lagi... Karena Top Up isi saldo bisa beberapa Bank... Harga lebih murah...👍👍👍",5,2023-06-08 11:04:15
BukuWarung,lupa pin nggak bisa direset...,1,2023-06-08 01:14:28
BukuWarung,"Saya beri bintang 4 karena masih ada fitur yang kurang. . .Fitur yang saya maksud adalah fitur dalam pencatatan barang yang kurang lengkap, Untuk saat ini pencatatan barang hanya untuk barang yang akan di jual, Saya harap ke depannya ada fitur untuk mencatat perlengkapan (bukan barang dagangan, tapi yang menunjang penjualan dan bisa habis) dan peralatan (bukan barang dagangan, tapi yang penjualan dan masa pakainya lama). . .Saya harap pihak developer dan lainnya untuk mempertimbangkan saran saya",4,2023-06-08 01:14:25
BukuWarung,Bad,1,2023-06-08 00:25:24
BukuWarung,Sangat membuat dalam berjualan saya,5,2023-06-08 00:15:13
BukuWarung,"Sudak kgk mantap lagi nih app,masa sih qris udah terregistrasi jadi invalid,app taikucing nihhh",2,2023-06-07 22:36:09
BukuWarung,Sangat membantu sekali. Mantaf,5,2023-06-07 11:14:50
BukuWarung,Aplikasi ini mudah di pahami dan sangat membantu dalam usaha menengah bagi masyarakat,5,2023-06-07 03:00:51
BukuWarung,Ga jelas klo login 2HP Stock gak gak bakal singkrong Dan klo Kita ubah riwayat transaksi mengurangi stok lagi Padahal cuma ubah tulisan catatan,1,2023-06-07 01:56:51
BukuWarung,App ok untuk catatan penjualan harga PPOB nya bisa bersaing metode top upnya ditambahin lagi dan kalau bisa top up nya bisa gratis dan gampang bisa lewat Alfa/indo,4,2023-06-06 11:31:34
BukuWarung,Tambahkan fitur tautkan perangkat dan diskon khusus pada nota di akhir pembayaran,5,2023-06-06 09:45:35
BukuWarung,"Min, mungkin bagusnya dikasih jumlah penjualan harian n pengeluaran harian. Jgn cuma bulanan aja sama ruginya. Setidaknya sistim buku kas lebih ringkas n gak ribet. Terus kita tau jg jumlah penjualan harian n pengeluaran harian kita brp. Itu aja saran dari aku. Makasih",3,2023-06-05 22:28:07
BukuWarung,"Bintang 4 aja , soalnya saya mau isi saldo yg BCA gangguan mulu ,",4,2023-06-05 15:03:46
BukuWarung,"Dulu sy sempat pake, dan skrng baru instal lg, pas masukin kpde OTP gak ada tombol lanjut nya, jd gabisa login sampe skrng, sy hapus lg aja, jd gak jelas",2,2023-06-05 12:45:28
BukuWarung,"Dear team BukuWarung,, 1. sy menggunakan 2perangkat utk 1 akun,, tp sync nya kok lama yaa,, bisa smp 5hari gak update d perwngkat ke2, bahkan tglnya ter skip. 2. pisahkan omset bulanan (ex: Mei / Juni) jadi bisa di track omset bulanan sori bintang 1 biar ter notice🙏, kalau ada respon balik bintang 5",1,2023-06-05 12:39:18
BukuWarung,mantap buku warung👍👍👍👍👍👍👍,5,2023-06-05 12:27:23
BukuWarung,mantap nih,5,2023-06-05 09:22:51
BukuWarung,Coba dl,3,2023-06-04 22:44:42
BukuWarung,"Aplikasi tidak jelas, setelah aku isi saldo dan mau beli pulsa atau top up E-Wallet dan lainya tiba2 aplikasi terhenti ketika selesai isi kode otp dan alhasil tidak pernah berhasil ketika saya coba terus menerus, saya sudah melapor beberapa kali tapi tetap saja tidak ada respon dan tindakan dari pihak aplikasinya. Sangat tidak jelas dan saya ikhlaskan saja uang yang sudah saya top upkan ke apk ini karena sudah tidak ada harapan lagi bisa diambil.",1,2023-06-04 20:48:33
BukuWarung,"Tolong donk kasih ""%"" dibagian kalkulatornya. Biar makin perfect Aplikasinya. Kasih bintangnya 4 dlu, klo udh ada ""%"" nya dikasih 5.",4,2023-06-04 18:39:39
BukuWarung,"lihat punya teman aaya bagus,, cuma saya sudah daftar, tapi tidak bisa buat transfer 🤣, harus prioritas, dan sudah pengajuan, tapi verifikasinya sudah 1 minggu lebih masih sama🤣",5,2023-06-04 13:17:47
BukuWarung,Mantul,5,2023-06-04 08:24:18
BukuWarung,Membantu,5,2023-06-04 02:17:16
BukuWarung,Exellent...,5,2023-06-03 17:54:50
BukuWarung,Saya sudah mulai merasa di ribetkan oleh buku warung terkait pembayaran menggunakan qris .. sangat tidak merekomendasikan menggunakan pake buku warung untuk pembayaran qris lebih baik menggunkan qris bank yang lebih mudah ...,1,2023-06-03 12:51:38
BukuWarung,Pokonya sebelum QRIS bisa digunakan bitang 1 dan gk ada perbaikan unsintall aja 👎,1,2023-06-03 12:41:25
BukuWarung,Untuk saat ini sangat membantu saya semoga selalu begitu. Sangat berguna. Tapi tolong donk bank BCA jangan gangguan terus.,5,2023-06-03 09:59:08
BukuWarung,Mantap,5,2023-06-03 09:54:07
BukuWarung,"Cukup suka make ini, tp tolong dibenerin utk stok gak bener2 update. Pernah nyatet penjualan yg ternyata penjualan hari kemaren, biar kas sesuai di edit penjualannya. Eh stoknya berkurang 2x jd malah stoknya yg minus.",3,2023-06-03 04:36:54
BukuWarung,Ayolah di ios jg lah,4,2023-06-03 01:04:38
BukuWarung,Good apps,5,2023-06-02 14:27:04
BukuWarung,Ok,5,2023-06-02 14:25:18
BukuWarung,Recomended,5,2023-06-02 09:31:10
BukuWarung,"Untuk beli token listrik dan yg lainnya, harus pakai otp. Setelah input otp, aplikasi ga bisa dipakai.",2,2023-06-02 07:20:01
BukuWarung,Top markotop,5,2023-06-02 03:10:20
BukuWarung,"Karena aplikasi buku kas dihentikan jadi harus ganti apk, padahal sudah sngat bagus bukukas. Tolong bukuwarung untuk bisa meniru buku kas, apknya ringan simpel tp akurat.",3,2023-06-02 02:07:09
BukuWarung,Bagus,5,2023-06-02 00:18:44
BukuWarung,Ribet penggunaan nya,1,2023-06-02 00:08:17
BukuWarung,"Aplikasi nya buruk,data nya mau hilang,komplain lama proses nya dan tidak ada hasil. Parah ini aplikasi,capek ngetik2 pembukuan,data malah hilang. Buruk.",1,2023-06-01 22:35:18
BukuWarung,Udah input pemasukan pengeluaran tapi tdk masuk laporan..,1,2023-06-01 20:26:34
BukuWarung,Terlalu ribet.,1,2023-06-01 19:41:56
BukuWarung,Good apps,5,2023-06-01 18:36:11
BukuWarung,"Update stoknya jelek banget gak kaya buku kas, masa transaksi dihapus tapi penjualannya tetap berkurang? Padahal saya download ini agar stok barang tidak perlu menghitung manual.",3,2023-06-01 16:54:35
BukuWarung,"Mantab jadi tahu detail keuntungan dan modal kemana aja ditail nya , semog lancar jaya.",5,2023-06-01 14:11:58
BukuWarung,Gk bisa digunakan force close,1,2023-06-01 13:30:01
BukuWarung,"Tolong perbaiki untuk pengelolaan stock,sangat tidak singkron. Bolak2ik stock dibenerin besoknya beda lagi.",3,2023-06-01 11:56:26
BukuWarung,Sangat membantu sekali,5,2023-06-01 09:12:58
BukuWarung,Oke,5,2023-06-01 07:15:54
BukuWarung,Klw bisa laporannya ada juga yang format excell supaya lebih memudahkan,5,2023-05-31 22:15:23
BukuWarung,"Udah setahun pake. Tambah lagi stiker wa nya dong hehe soalnya kurang banyak kurang berfariasi masih banyak yg kurang, kayak misal ""pesanan selesai di proses ya juragan"" ""dicek ya"" dlll",4,2023-05-31 21:55:49
BukuWarung,Sejauh ini aman..aplikasi sangat membantu dan memudahkan. Semoga tiba tiba tidak hilang dari playstore.. kaya akun lain nya. Sempat syok karena catatn hutang semua di catatan digital,5,2023-05-31 20:42:41
BukuWarung,Setelah hapus data susah bnget mau login lg...kalau tidak d hapus data sulit update apk lg..mkin d update makin banyak data..jd ram hp dikit mana bisa trus update,1,2023-05-31 09:27:29
BukuWarung,Sellu tingkatkan kualitas apl,5,2023-05-31 09:05:51
BukuWarung,Sangat mudah buat bikin catatan,5,2023-05-30 22:56:31
BukuWarung,Sungguh kocak sekali buku warung ini. Qris d gunakan tiap hari eh tiba tiba tiba d nonaktifkan karna pengguna tidak melakukan transaksi melalui Qris udah 6 bulan kan aneh Sebagai pengguna lama kecewa atas kerja tim buku warung,1,2023-05-30 16:04:53
BukuWarung,Buku warung sesuai dengan penjualan kita. Selain bisa mencatat hutang pelanggan. Buku warung juga menjual apa yang kita jual. Termasuk pulsa,5,2023-05-30 14:16:44
BukuWarung,Mantap👍👍,5,2023-05-30 08:51:17
BukuWarung,"Saya pengguna BukuKas sebelumnya, saat pakai aplikasi bukuWarung stock tidak sinkron saat dihapus, harusnya saat pencatatan lalu dihapus catatan pembelian stock kembali, tapi di bukuWarung tidak sinkron,terus pembelian di hutang tercatat double,stock terpotong 2 kali saat edit, mohon di perbaiki lagi seperti aplikasi BukuKas yg sangat simpel dan bisa semuanya sesuai keinginan penjual, sangat disayangkan aplikasinya dihentikan jadi ribet pindah ke bukuWarung yang belum sempurna",2,2023-05-30 08:45:38
BukuWarung,"Isi saldo tidak bisa langsung bayar tapi kembali ke halaman home, tidak bisa tambah rekening lagi harus manual seperti sebelumnya di update",1,2023-05-30 07:54:26
BukuWarung,"Saya akan edit ulasan saya apabila diperbaiki, saya lama pake buku kas, dan kemaren ada rekomendasi ke buku warung karena buku kas akan tidak aktif, tapi kecewa tidak singkron saya pakai 2 HP, di HP istri saya sudah di hapus tapi di saya blm di hapus catatan hutang... Bahaya ini mohon segera diperbaiki",1,2023-05-30 07:19:05
BukuWarung,"Sudah lama pakai ini aplikasi,, mantaaabbbb... Terimakasih, semoga berkah....",5,2023-05-30 01:08:49
BukuWarung,bagus banget ada fitur back up datanya,5,2023-05-29 20:30:34
BukuWarung,"Membantu pengecekan stok barang, sukses selalu",5,2023-05-29 20:11:17
BukuWarung,"Selama ini lancar tpi 1 mggu terakhir tak bsa dibuka, hilang semua transaksi",5,2023-05-29 20:08:55
BukuWarung,"Gak ngerasa pernah ngasih ulasan, tiba""kok ada ulasan saya, bintang 5 lagi",1,2023-05-29 20:01:24
BukuWarung,"Kenapa aplikasi setelah di update tidak bisa di buka min,saya uda 2th menggunakan tapi kenapa sekarang bermasalah",5,2023-05-29 18:25:57
BukuWarung,"apknya ok cuman untuk mode kasir ga bisa menulis konsumen, jadi hanyan langsung ngesave, dan untuk space di kertasnya terlalu panjang jadi hambur kertas waktu print",3,2023-05-29 17:37:35
BukuWarung,Saya transaksi dari tanggal 27 April sampai sekarang saldo belum masuk ke rekening saya dengan alasan ada 3 transaksi yang terkena claim chargeback. Sedangkan yang saya lakukan dari 27 April sampai 1 Mei itu lebih dari 40 transaksi. Tapi semua transaksi justru di HOLD. Menurut saya yang di HOLD cukup transaksi yang terkena claim chargeback saja tidak perlu semuanya. Kalau begini uang saya ketahan semua. Kecewa disuruh nunggu terus tapi ga ada update apapun. Tolong diproses transaksi saya!,1,2023-05-29 14:19:34
BukuWarung,Uji coba dulu... Tar kaya aplikasi sblh lg... Tiba ilang dan bawa kabur data2 para pengguna nya,3,2023-05-29 14:07:13
BukuWarung,Sungguh praktis,5,2023-05-29 13:40:44
BukuWarung,Sip.. Tapi masih gebung agak lemot,5,2023-05-29 08:34:27
BukuWarung,Di ios ga ada apk ini ya,5,2023-05-29 01:08:18
BukuWarung,👍👍👍,5,2023-05-28 22:58:43
BukuWarung,"min kasi setingan tanggal, tanggal buat input data kemaren gak bisa ikutnya tanggal hari ini. makasih",5,2023-05-28 22:49:38
BukuWarung,Aplikasi paling bagus dan lengkap semoga segera tersedia di IOS,5,2023-05-28 20:29:58
BukuWarung,"Bagus.. Aplikasi sebelumnya saya pakai apl buku kas,sayangnya sudah tutup aplikasinya.... Semoga aplikasi ini juga ga demikian...",5,2023-05-28 19:32:38
BukuWarung,baru coba .apk nya mantap,5,2023-05-28 14:18:10
BukuWarung,Bos. Klo bisa d update menu kasir nya biar bisa pake scan barcode.,2,2023-05-28 13:16:49
BukuWarung,Sangat membantu catatatan keuangan usaha saya,5,2023-05-28 10:31:37
BukuWarung,Enak dan gampsmg dipakai,5,2023-05-28 04:00:00
BukuWarung,"data tidak realtime update,saya instal di 2 hp dengan akun yg sama dan hasilnya kedua hp tidak sinkron, sedih si disuruh sama buku kas pake apk ini trnyata msh bnyk yg harus dibenahi, pdahal dibuku kas realtime update",1,2023-05-28 02:35:41
BukuWarung,"Kok hbs di update mlh makin aneh sih.pelanggan berhutang pas dicatat malah berkurang tagihannnya,bkn nya bertambah.trus pas pindah perangkat/hp baru sm jg...giliiran dihapus hutang baru malah berkurang banyk tghan pelanggan...makin bingung nulis nya....makin pusing jg...kalo pelanggan rutin tiap bln byr sih enak...nh ada yg byr ada yg gak....terpaksa rating nya sy turunin...balik ke buku manual...lagi...",2,2023-05-28 02:11:43
BukuWarung,Mantap,5,2023-05-27 20:38:40
BukuWarung,"Sebenernya suka apk ini, udh lama jg pkek ini, tapi kemaren mendadak gak bisa dipakek lagi karna apk keluar sendiri, aku upgrade juga ttep gak bisa, hapus instal lagi juga sama gak bisa, aku coba pakek hp satunya ternyata bisa.... Kenapa harus pilih2 hp sih, kan kita gak tau kemampuan orang itu gimna... Awalnya aku pakek hp oppo a37f sekarang pindah oppo a12... Sangat merugikan",1,2023-05-27 20:07:18
BukuWarung,"Setelah di update tidak bisa dibuka, mohon diperbaiki",5,2023-05-27 19:29:12
BukuWarung,"Pas mau transfer nama pemerima sudah otomatis keisi, jadi ngga efisien kaya pas sebelum update. Tolong diperbaiki",1,2023-05-27 16:54:28
BukuWarung,"Aplikasi online tapi respon sangant lambat , di gunakan di dua hp hp yang satu nya malah ga masuk data transaksi",3,2023-05-27 15:55:15
BukuWarung,Tambahin fitur catat modal barang,5,2023-05-27 15:49:06
BukuWarung,Mantaf buat catat utang,2,2023-05-27 14:31:46
BukuWarung,Mantab harga pulsa murah baget,5,2023-05-27 14:31:24
BukuWarung,Mantaaaap,5,2023-05-27 12:42:05
BukuWarung,Sangat membantu,5,2023-05-27 12:24:00
BukuWarung,Coba 4 duluh,4,2023-05-27 11:33:38
BukuWarung,"Kenapa sejak kemaren dipkek di hp oppo a37f gak Bis ya?? pdhal aku udh lma pkek ini, tiba2 keluar aplikasi sendiri, sedangkan aku coba di hp oppo a12 bisa... Mengecewakan sekali...",1,2023-05-27 06:08:53
BukuWarung,pertahankan,5,2023-05-27 04:26:18
BukuWarung,Untuk fitur kelola stok kenapa data barang nya malah pada hilang yah ???,3,2023-05-27 04:20:15
BukuWarung,Mantap,5,2023-05-27 02:28:22
BukuWarung,Mantap gan,5,2023-05-27 02:02:19
BukuWarung,Aplikasi sampah gak bermutu sdh di input capek2 gak bisa di dwonload sama kirim bikin capek aja kayak pinjol aja jangan di dwonload hati2 bisa curi data kita,1,2023-05-26 21:41:48
BukuWarung,Mantap,5,2023-05-26 21:13:22
BukuWarung,"mau log in tapi nomer udah gk aktif jadi gk bisa terima kode otp, gimana caranya ganti nomer nya ya min?",3,2023-05-26 20:41:49
BukuWarung,sangat bermanfaat untuk UMKM,5,2023-05-26 16:10:54
BukuWarung,"Mau berhenti pake aplikasi ini, dh 2x transaki transfer nggantung. Dengan nominal lumayan, beresiko kena omel customer",1,2023-05-26 16:04:44
BukuWarung,"Sudah 2 tahun memakai aplikasi Buku Warung, sangat bagus tapi tiba-tiba hari ini aplikasi tidak bisa dibuka. Sudah diupdate masih juga belum bisa buka lalu diinstal ulang masih tetap sama tidak bisa masuk ke aplikasi. Mohon dibantu, karena sudah banyak data yang tersimpan Terima kasih",5,2023-05-26 15:28:57
BukuWarung,Jangan sampai ada kendali .,5,2023-05-26 15:24:16
BukuWarung,Saat download laporan tidak muncul tanggal transaksi,5,2023-05-26 14:18:09
BukuWarung,Mntap bgat ni,5,2023-05-26 13:48:40
BukuWarung,Good,5,2023-05-26 13:08:10
BukuWarung,Sanggat membantu,5,2023-05-26 12:22:44
BukuWarung,Mantaaaap,5,2023-05-25 21:37:34
BukuWarung,"Tidak bisa menambahkan kategori pengeluaran. Laporan pemasukan dan pengeluaran kurang detail, tidak ada rincian berapa pcs dari masing2 produk yang terjual",1,2023-05-25 21:24:28
BukuWarung,Good apps,5,2023-05-25 20:23:55
BukuWarung,Sangat membantu dan mudah di gunakan,5,2023-05-25 18:25:07
BukuWarung,"Baru menggunakan...., smoga aplikaai ini exist terus..., jd gk gonta ganti aplikasi lagi....",5,2023-05-25 17:01:22
BukuWarung,Ok banget,5,2023-05-25 15:04:13
BukuWarung,"Tulisan SISA UTANG mohon di pertebal,. Biar tau yang ngutang.!",1,2023-05-25 14:29:18
BukuWarung,Luar biasa cuannya banyak🤑🤑🤑,5,2023-05-25 13:55:09
BukuWarung,Bagus dan cermat ..labib mudah,5,2023-05-25 12:40:41
BukuWarung,Bagus,2,2023-05-25 12:07:44
BukuWarung,"Aplikasi bagus, tambah cuan",5,2023-05-25 11:53:24
BukuWarung,aplikasinya bagus tapi gak ada versi ios,5,2023-05-25 08:17:26
BukuWarung,Lumayan oke,4,2023-05-25 07:59:54
BukuWarung,Knpa apk terhenti terus ga bisa di buka,1,2023-05-24 23:45:02
BukuWarung,"Saya pengguna baru diapk ini, tapi sudah dibuat pusing sama apknya. Masa iya berselang cuma beberapa menit tiba"" berkurang sendiri stok🤣. Jadinya stok yg ada dgn di apk berbeda. Bisa"" bkn untung malah rugi krn hrs hitung""terus stok, apalagi diubah terus""an stoknya di apk tp msh tetap berubah/berkurang sndri stoknya.",1,2023-05-24 21:50:22
BukuWarung,Tampilan invoice tolong di update supaya bisa memasukan no rek seperti buku kas,3,2023-05-24 21:47:39
BukuWarung,Bug tidak bisa download laporan dgn excel,1,2023-05-24 20:50:49
BukuWarung,Please sy butuh aplikasi ini di ios iphone,1,2023-05-24 16:54:30
BukuWarung,Sekrang dicatatan hutang jadi gk valid ya Sangat mengecewakan,1,2023-05-24 15:35:57
BukuWarung,"Edit: Cukup kecewa, dulu aktifasi QR Code sebelum ada fitur verifikasi toko, dan qr ny dikirim bukuwarung kerumah dlm bentuk fisik. Sekarang setelah ada fitur ver toko, cs bilang ga bisa lg digunakan qr code ny dan akan dinonaktifkan. Kecewa sekali sama aturannya.. Dulu cari member, setelah banyak malah buat aturan merugikan agen online.",1,2023-05-24 09:12:31
BukuWarung,Sangat membantu,5,2023-05-24 03:50:27
BukuWarung,Sangat membatu,5,2023-05-24 00:37:21
BukuWarung,Mantap,5,2023-05-23 23:59:36
BukuWarung,bagus aplikasinya dan sangat membantu. sekedar masukan tolong d buat figur jg biar customer bisa ngecek rincian transaksi biar enak bisa sama2 ngecek.. kayak d buatkan link yg menuju k transaksi atau bisa d klik menuju ke rincian utang.. makasih,5,2023-05-23 20:47:07
BukuWarung,"Bener banyak banget fitur tapi gak jelas, coba ada statistik penjualan trus bisa nambah pilihan catat pengeluaran, gak kaya buku kas.. jadi gak bisa evaluasi penjualan",1,2023-05-23 20:29:13
BukuWarung,Mantab,5,2023-05-23 17:48:10
BukuWarung,"Tamvahkan tanggal jatuh tempo di luar, jadi kalau melihat tagihan kapan jatuh temponya bisa tanpa klik distributor satu satu",2,2023-05-23 17:44:37
BukuWarung,"Bagus, membantu sekali dlm pembukuan.",5,2023-05-23 17:19:21
BukuWarung,Mantaps,5,2023-05-23 10:46:30
BukuWarung,Ok,5,2023-05-23 10:34:44
BukuWarung,Bagus APK nya,5,2023-05-23 09:04:06
BukuWarung,"Kak tolong di perbaiki lagi bagian stok barang nya, ada in menu stock barang supaya bisa ngntrol barang yang ga jdi dibeli, bisa otomatis maupun manual kayak buku kas kak",4,2023-05-23 03:21:37
BukuWarung,Tambah dong untuk iphone,5,2023-05-23 01:09:58
BukuWarung,Kerja jadi lebih mudah.,5,2023-05-22 21:55:50
BukuWarung,"Semoga diperangkan ios/iphone segera bisa di download yaa kak , aplikasi keren .. eman kalo di iphone ndak bisa di download kak",5,2023-05-22 15:02:56
BukuWarung,Sangat membantu,5,2023-05-22 14:56:02
BukuWarung,Mantap aplikasinya,4,2023-05-22 13:57:26
BukuWarung,Top markotop aslinya real,5,2023-05-22 13:13:25
BukuWarung,Bagus,5,2023-05-22 11:56:50
BukuWarung,Ok,5,2023-05-22 10:02:21
BukuWarung,"Sayangnya login hanya pake nomor hp, gak bisa pake akun goggle",2,2023-05-22 08:52:31
BukuWarung,"App ok, namun isi pulsa nya gak bsa, cuma ada menunya aja🤭 Dikembangkan aja Selain hal di atas ada lagi yang harus diperbaiki, yaitu ketika selesai pencatatan sudah tidak masuk lagi ke SMS pelanggan, padahal dulu ketika dicatat langsung masuk ke SMS pelanggan!",3,2023-05-22 06:43:53
BukuWarung,"Baru coba,tapi lsg jatuh cinta",5,2023-05-22 01:32:23
BukuWarung,Trima kasih buku warung Google job sangat membantu sekali,5,2023-05-22 00:43:47
BukuWarung,Lebih enak buku kas. Simpel dan ga ribet bagi kami pelaku UMKM.,3,2023-05-21 21:36:56
BukuWarung,Buku warung bantu usaha saya jadi berjalan bgus.dan sukses.thank buku warung,5,2023-05-21 18:11:15
BukuWarung,"Bingung saya stock barang sering berkurang sendiri. Payah banget, mau gak mau harus perbarui stock lagi.",1,2023-05-21 10:18:32
BukuWarung,Uapikkk tenan🥰,5,2023-05-21 10:16:19
BukuWarung,Semoga selalu memberikan yg terbaik dan bisa awet. Aamiin,5,2023-05-21 09:08:35
BukuWarung,Selalu Lancer Jaya.....,5,2023-05-21 08:47:40
BukuWarung,"Mantap, sangat membantu, semoga kedepan lebih baik lagi.",5,2023-05-21 07:50:32
BukuWarung,Saya telah daftar dan verifikasi di buku warung. Namun hp saya hilang? Gimana cara ganti no hp di akun sy tsb?,5,2023-05-21 00:51:41
BukuWarung,Alhamdulillah puas good 👍 joob sangat membantu dalam proses pembukuan kas,5,2023-05-20 22:59:11
BukuWarung,Mantapppp,5,2023-05-20 22:34:02
BukuWarung,Mantul,5,2023-05-20 20:56:50
BukuWarung,Gan .. mohon bisa di tambahkan pencarian riwayat transaksi... Berdasarkan keterangan kontak customer atau apalah .. terimakasih,5,2023-05-20 11:57:48
BukuWarung,"Terus Berinovasi Memajukan Negeri. Jaga Data Pengguna Baik-baik. jangan sampai ke bobolan data. Saya Mempercayakan data saya ke Tim Buku Warung, kerja Ikhlas, Kerja Cerdas dan Berinovasi.",5,2023-05-20 09:09:46
BukuWarung,Trima kasih semoga semakin lengkap fiturnya dan semakin sukses,5,2023-05-19 22:55:58
BukuWarung,kok gak ada di ios Apple,5,2023-05-19 19:23:22
BukuWarung,Pakai aplikasi ini malah bikin bingung,1,2023-05-19 18:32:51
BukuWarung,menang di jual pulsa ajah...,2,2023-05-19 17:05:11
BukuWarung,Aplikasi yg sangat bagus dan sangat membantu. Terima kasih,5,2023-05-19 16:43:24
BukuWarung,Yaha saya suka,5,2023-05-19 15:36:57
BukuWarung,"Mantap aplikasi, tingkat kan terus fitur nya",5,2023-05-19 14:19:54
BukuWarung,"Pembukuan yang praktis dan informatif,. Sangat berguna untuk UMKM. Terimakasih",5,2023-05-19 13:06:45
BukuWarung,Mantap dan mudah mengelola keuangan...,5,2023-05-19 12:04:49
BukuWarung,"SDH biasa dengan buku kas 2thn udh ku pakai gampang dan fitur lengkap, apl yg ini TDK ada filter SM urutan abjad ya, kembalikan buku kas 😭 SDH nyaman dgn buku kas",4,2023-05-19 10:58:40
BukuWarung,like it,5,2023-05-19 03:27:02
BukuWarung,Harap tambahkan; 1.fitur pengaman pin di mode kasir untuk hapus nota yg ingin dihapus karyawan. 2.fitur pin utk mengedit harga modal agar tdk terlihat oleh karyawan yg menggunakan aplikasi ini di mode kasir 3.fitur closing harian agar memudahkan pencatatan harian tiap hari 4.fitur nol koma di mode pembelian agar nilai beli dan barang keluar sama dgn catatan yg ada. Semoga fitur diatas segera dirilis agar memudahkan owner dlm mengawasi karyawan yg dgn mudah merubah data di mode kasir,4,2023-05-18 23:13:45
BukuWarung,Bagus,5,2023-05-18 23:02:17
BukuWarung,Sangat membantu pokok nya,5,2023-05-18 21:20:05
BukuWarung,bagus,5,2023-05-18 21:10:19
BukuWarung,Knp tidak ada hitungan harga pokok per item yg terjual...cuma harga jual yg muncul dan keuntungan keseluruhan,4,2023-05-18 20:57:03
BukuWarung,Oke 👍,5,2023-05-18 20:12:39
BukuWarung,Top,5,2023-05-18 19:11:46
BukuWarung,Mantap,5,2023-05-18 17:40:43
BukuWarung,Tolong dong...minta kasih catatan saat transaksinnya.. sama seperti bukukas lagi,5,2023-05-18 17:29:04
BukuWarung,Udh bagus dulu sekarang lawak bet ini Aplikasi mending PINDAH,1,2023-05-18 12:17:26
BukuWarung,"Saya kasih rating 2, opsi untuk login cuma pakai nomor HP padahal bisa saja nomor terblokir atau hilang. Sebaiknya tambahkan opsi login lainnya misalnya email karena email tidak bakal hilang ataupun terblokir. Saya tidak bisa login ke akun saya karena nomor saya hilang, hubungi cs email disuruh ke live chat di aplikasi pas buka live chatnya malah error. Jadinya tidak bisa login padahal semua pencatatan toko saya diaplikasi semua tidak saya catat lagi di buku. Mohon perhatiannya, terima kasih.",2,2023-05-18 11:26:51
BukuWarung,Mantuuullll untung mncatat utang,5,2023-05-18 10:10:44
BukuWarung,Ngg ada fitur pembayaran gas alam,2,2023-05-18 09:11:18
BukuWarung,Kenapa tidak di adaka di ios,5,2023-05-18 08:16:45
BukuWarung,Sangat membantu buat warungku,5,2023-05-18 07:47:44
BukuWarung,Bagus,5,2023-05-18 07:17:36
BukuWarung,Semoga aplikasinya bisa bersahabat,5,2023-05-18 07:10:46
BukuWarung,Untuk laporan bentuk pdf tangganya tidak muncul,3,2023-05-18 00:38:32
BukuWarung,Mau tanya. Kok GK bisa di download pake App store ya. ( iPhone). Kenapa?. Tolong dong disinkron ke App store,1,2023-05-18 00:34:31
BukuWarung,"Bang Tolong tambahin pencarian di transaksi di pembukuan, seperti aplikasi bukukas",4,2023-05-17 23:43:21
BukuWarung,Apknya bagus dan cukup membantu,5,2023-05-17 23:08:26
BukuWarung,Mantap,5,2023-05-17 22:49:08
BukuWarung,"Baru daftar, sudah memasukkan no hp, kode otp via sms n wa sudah ada tapi keterangannya rekam otp tidak tersedia",1,2023-05-17 20:25:48
BukuWarung,"Lebih enak kaya buku kas buat catet catet, smoga lebih simpel lagi",2,2023-05-17 19:10:37
BukuWarung,"Apa kendalanya sudah di masukkan kode,tapi ga bisa lanjut, sudah ganti kode baru, tetap ga bisa lnjut urk pendaftaran",1,2023-05-17 15:53:17
BukuWarung,"Interface riweh. Tidak seperti buku kas. Memang fitur jauh lebih banyak, tapi terlalu kompleks, yang saya butuhkan tidak dengan seramai ini desainnya. Sangat disayangkan, bukan beralih ke aplikasi developer serupa, tapi saya mau tidak mau harus mencari aplikasi lain",2,2023-05-17 15:26:18
BukuWarung,Bagus,5,2023-05-17 12:01:07
BukuWarung,Aplikasi yg bagus...,5,2023-05-17 04:24:57
BukuWarung,"Aplikasi macam apa ini, ga bisa log in Dan data-data saya bagaimana cerita nya, padahal saya catat semua dan simpan semua di apk ini.",1,2023-05-17 01:15:41
BukuWarung,Knapa tidak bisa buka buku warung... Padahal banyak catatan di dalamnya,2,2023-05-16 21:40:21
BukuWarung,Mantap,5,2023-05-16 06:31:57
BukuWarung,saran aja semoga segera ada di ios buat app buku warung nya,5,2023-05-15 18:36:14
BukuWarung,Good,5,2023-05-15 16:02:28
BukuWarung,Jangan Instal Sumpah Apk nya Nipu Uang saya Gak kembali Setelah menunggu 90 Hari,1,2023-05-15 16:01:49
BukuWarung,Mantap 👍 🌟🌟🌟🌟🌟,5,2023-05-15 16:00:24
BukuWarung,Pas buat tambah cuan,5,2023-05-15 15:30:23
BukuWarung,Apliasi mudah digunakan...,5,2023-05-15 15:02:09
BukuWarung,Bagus sekali untuk usaha konter,5,2023-05-15 15:01:18
BukuWarung,Sangat membantu,5,2023-05-15 13:40:09
BukuWarung,"Mau mindahin data malah gak ada fitur nya, sampe chat CS nya dan nanya ternyata belum ada fitur buat mindahin data nya.",2,2023-05-15 13:22:39
BukuWarung,"Good apps,sangat direkomendasikan",5,2023-05-15 11:46:28
BukuWarung,Ga bisa catatan nama pelanggan pas mau catat nama pelanggan malah keluar sendiri makin kacau,1,2023-05-15 10:27:38
BukuWarung,Sangat Terbantu dg adanya aplikasi ini,5,2023-05-15 10:22:29
BukuWarung,Sangat membantu saya supaya lebih pintar memenegemen keuangn,5,2023-05-15 08:24:15
BukuWarung,"Unduh laporan pembukuan lama di format pdf maupun excel, tapi selebihnya sgt membantu, semoga cepat di perbaiki",3,2023-05-15 04:12:30
BukuWarung,"Kirain, pencet tanda belum lunas masuk ke menu utang",4,2023-05-14 22:47:47
BukuWarung,Mantap,5,2023-05-14 17:42:31
BukuWarung,"TIDAK ADA FITUR FILTER(urutkan berdasarkan) LUNAS dan BELUM LUNAS di Pembukuan. Dan di utang pelanggan Tidak bisa di bedakan mana hutang pelanggan yang terhubung dengan transaksi pembukuan yang sudah lunas atau belum, karena di dalam hutang pelanggan tidak ada juga fitur khusus untuk melihat transaksi yang terhubung dengan pembukuan. Kalo ada itu kan bisa kita klik transaksi nya kemudian tinggal klik di lunaskan.",3,2023-05-14 13:25:15
BukuWarung,Cukup membantu,5,2023-05-14 08:03:17
BukuWarung,"Aplikasi semakin buruk ,tiba2 GK bisa buka aplikasi ,padahal banyak catatan catatan di dalamnya ,",1,2023-05-13 23:55:07
BukuWarung,"Mantap, makin cuan aja tiap hari",5,2023-05-13 23:54:16
BukuWarung,"Gimana nih saya ngirim pulsa 125k tapi yamg masuk cuman 100k, padahal diketerangannya yang 25k itu sudah berhasil...",1,2023-05-13 23:42:12
BukuWarung,"Suka bgt sama aplikasi ini, penggunaan mudah dan gratis tis, tolong bisa ditambah fitur varian di stok barang ya, fitur diskon di pembayarannya jg",5,2023-05-13 23:26:34
BukuWarung,"Aplikasi nya tidak ada di ios, mohon secepatnya yah di buat di ios",2,2023-05-13 22:51:58
BukuWarung,Bagus,5,2023-05-13 17:33:02
BukuWarung,Mantafffffffff,5,2023-05-13 12:17:39
BukuWarung,Membantu pencatatan transaksi dan mengetahui untung setiap harinya atau perbulannya,5,2023-05-13 10:43:07
BukuWarung,Lumayan bagus,5,2023-05-13 08:34:39
BukuWarung,"Sekarang makin berat,lelet banget",5,2023-05-13 08:26:22
BukuWarung,Kenapa setelah di-update tidak bisa log in.. Mohon bantuannya...?,1,2023-05-13 02:14:18
BukuWarung,Komplain tidak di respon,1,2023-05-13 00:27:52
BukuWarung,Sangat membantu trimakasi,4,2023-05-12 23:24:49
BukuWarung,Sangat membantu dalam pencatatan transaksi,5,2023-05-12 21:09:57
BukuWarung,"Aplikasi EROR. Penjualan dihapus/diubah, stock tetap kepotong. Jadi bikin hancur hitungan stock. Alasan signal jelek/blm update dari CS. Tp tetap terulang.",1,2023-05-12 19:48:58
BukuWarung,Mantap,5,2023-05-12 19:47:38
BukuWarung,Okeeeee,5,2023-05-12 19:08:57
BukuWarung,Ada apa dgn buku warung hari ini. Kok tidak bisa di akses sama sekali,3,2023-05-12 19:08:07
BukuWarung,Aplikasi sangat membantu buat catatan hutang,5,2023-05-12 15:44:14
BukuWarung,Fitur tagih sms kepelnggan sekarang nggk ada masuk kenomor pelanggn . Buruk,1,2023-05-12 14:09:58
BukuWarung,Hari ini bener kecewa bgt stuck udah TF bayar modal eh pas pengajuan biasanya manual baru 2 hari ini pake aplikasi saya coba bnr2 egk bisa masuk ke otp pencairan padahal udah pake hampir 2 taun masa harus berpaling ke lain hati solusinya cuma log ut log in hapus Cacha dan yg lain masih ttp sama egk nerima otp parahhhhhhh.,3,2023-05-12 11:07:10
BukuWarung,Bagus,5,2023-05-12 03:44:46
BukuWarung,Tolong tambahin fitur foto barang buat mempermudah kami ketika banyak pelanggan biar cepat ga harus baca 1 per 1... untuk masalah masih di stok kurang akurat kadang bug nambah sendiri stok nya dan kalau pakai 2 hp kurang update di hp satu sekian dan di hp satunya beda jadi buat monitor barang di hp binggung karna stok nya berbeda...tolong di perbaiki,5,2023-05-11 23:51:01
BukuWarung,Uji coba,2,2023-05-11 23:23:23
BukuWarung,Ok,5,2023-05-11 23:22:53
BukuWarung,Ok,5,2023-05-11 23:22:07
BukuWarung,"Nggak bisa verifikasi toko karena nggak menerima kode khusus. Aplikasi makin buruk. Pembayaran QRIS oleh pelanggan sudah berhasil. Tapi uang belum masuk ke akun BUKU WARUNG ( dan belum di teruskan ke rekening pemilik toko) Kamis, 11 Mei 2023",1,2023-05-11 16:14:06
BukuWarung,"Kurang cepat, terlalu banyak fitur, aplikasi berat tidak sat set. Tapi bagus, bisa sinkron lebih dr 1 hp",4,2023-05-11 12:30:02
BukuWarung,Bagus,5,2023-05-11 01:14:00
BukuWarung,"Tolong kembalikan data saya ,masih banyak utang pelanggan aku di aplikasi buku warung 🙏🙏",1,2023-05-10 19:39:20
BukuWarung,"Dulu ini saya pernah gunakan, namun bagus banget juga.",5,2023-05-09 10:18:42
BukuWarung,Awal mmg memudahkan tapi makin ke sini catatan mudah hilang mohon d perbaiki pelayanannya,2,2023-05-08 18:37:30
BukuWarung,Aku malah ga bisa masuk pake pembaharuannya aplikasi ini,1,2023-05-08 16:46:10
BukuWarung,"Aplikasi bagus bgt pokoknya, sangat membantu untuk yg punya usaha umkm",5,2023-05-08 16:36:39
BukuWarung,"Jika ditambah fitur diskon dan bila melakukan revisi penjualan, barang bisa otomatis kembali ke stok, aplikasi ini jadi bintang 5",4,2023-05-08 15:13:22
BukuWarung,"Kurang lebih 3 tahun pake aplikasi ini,makin kesini makin ribet,catatan² hutang tiba² terhapus. Kecewa banget",1,2023-05-08 11:51:02
BukuWarung,"Cs gak guna masak pengecekan sampe berjam jam, mana transaksiny gak bisa di batalin percuma ada cs tapi gak membantu sama sekali tanggapanny cuma disuruh tunggu tunggu dan tunggu. Lu gila nyuruh customer nunggu berjamjam.",1,2023-05-08 11:37:52
BukuWarung,"Saya baru pakai beberapa hari aplikasi ini, Alhamdulillah sesuai dengan usaha saya, dipakainya kenceng lagi, terima kasih bukuwarung.",5,2023-05-08 08:52:44
BukuWarung,Buruk,1,2023-05-08 00:46:15
BukuWarung,Senang pakai buku warung lebih terkontrol,5,2023-05-07 20:53:37
BukuWarung,Keren sangat membantu,5,2023-05-07 18:37:53
BukuWarung,Data data catatan utang piutang saya hilang setelah tiba-tiba recovery data sendiri aplikasinya.,2,2023-05-07 14:32:47
BukuWarung,usaha,5,2023-05-07 13:39:47
BukuWarung,Sangat membantu,5,2023-05-07 12:00:25
BukuWarung,Aplikasi pembukuan nya sangat jadul.🙏🙏🙏saya sudah lama tinggal kan aplikasi ini.saya pakek GRIYA POS.bagus dan komplit,1,2023-05-06 16:20:53
BukuWarung,Membantu dalam catatan usaha nota pengeluaran dan pemasukan,5,2023-05-06 11:29:20
BukuWarung,Aplikasi nya knp ga bisa dibuka????,1,2023-05-06 10:26:16
BukuWarung,Mantaph,5,2023-05-06 08:15:58
BukuWarung,Alangkah baiknya jika kelola stok bisa dicetak/print utk antisipasi kerusakan apk,4,2023-05-05 21:36:17
BukuWarung,good apk,5,2023-05-05 20:01:23
BukuWarung,saya sudah pakek lama.. ada kendala biadanya kalau update.. tapi aman,5,2023-05-05 16:13:54
BukuWarung,"4thn pake apk ini, kesini kesini nya amat sangat mengecewakan,ga bisa login setelah ngikuti instruksi dr cs suruh logout,hapus chache,update ke versi baru alhasil ga bisa login, komplen ke cs instruksi nya masih sama euumh.. nyesek mau pembukuan ga bisa,,",1,2023-05-05 14:57:12
BukuWarung,Oke,5,2023-05-05 14:11:54
BukuWarung,Aplikasi mantap,5,2023-05-05 13:34:50
BukuWarung,Ok,5,2023-05-05 12:03:38
BukuWarung,Pengen tau seterusnya gimana,4,2023-05-05 10:26:51
BukuWarung,"Menurutku APK paling buruk tidak recomended,pengalaman setelah pake apk ini sangat mengecewakan karna bagi saya secara tidak langsung mangembil hak2 pengguna apk,kenapa karena setelah kemaren saya melakukan beberapa transaksi diapk ini secara tidak langsung akun saya diblokir dan tidak bisa dipulihkan lagi alhasil saya sangat kecewa dan apabila temen2 mau menggunakan apk ini tolong difikir2 lagi,takutnya kejadiannya seperti saya",1,2023-05-05 09:39:20
BukuWarung,"aplikasinya sangat membantu,tapi mohon bantuaannya untuk menambah fitur diskon di aplikasi🙏",4,2023-05-04 22:00:43
BukuWarung,Gajelas,1,2023-05-04 13:15:33
BukuWarung,Semoga bermanfaat,5,2023-05-04 01:26:57
BukuWarung,Ok,5,2023-05-03 22:39:20
BukuWarung,"Masih banyak bug, misal kita udj hapus transaksi dan itu utang, di menu transaksi udh ilang di menu utang pelangganya masih ada, dan tdk bisa di hapus",3,2023-05-03 22:08:08
BukuWarung,Aplikasi buka warung mantapppp tingkatkan,5,2023-05-03 16:38:23
BukuWarung,Gabisa login,1,2023-05-03 11:00:44
BukuWarung,Maap saya gak bisa ngasih lebbih bintangnya... saya udh pakek app ini udh 3 thn lebbih tp pas td saya update k yang terbaru malah data saya hilang smua. Dan smua catatan hangus.,1,2023-05-02 21:13:38
BukuWarung,Sangat membantu pencatatan penjualan,5,2023-05-02 20:57:35
BukuWarung,Mendadak di mintai no HP. Dan dataku hilang karena nomernya sudah ganti.,5,2023-05-02 19:46:15
BukuWarung,Antap,5,2023-05-02 18:48:50
BukuWarung,"Fitur keren dan mudah dijalankan, semoga tidak ada kendala kedepan 👍🏻👍🏻👍🏻",5,2023-05-02 16:30:53
BukuWarung,Alangkah baiknya saran saya sih ditambah fitu dimana dapat melampirkan foto ataupun doc pada masing-masing piutang agar lebih ramah lagi Terkadang yang ngutang suka lupa kapan dam dimana dengan foto yang dilampirkan di masing utang akan lebih simpel dan mudah mengingatnya,5,2023-05-02 12:07:56
BukuWarung,Mantap,5,2023-05-02 02:45:04
BukuWarung,"Terimakasih. Masalah teratasi, harus unistall dulu baru bisa update aplikasi. Data kembali. Terimakasih",5,2023-05-01 23:52:04
BukuWarung,"Min kenapa dana saya tidak masuk"" ya ke rekening, sudah 4harian . Tolong dibantu",2,2023-05-01 21:38:09
BukuWarung,"Tolong, tidak bisa login?",5,2023-05-01 19:17:36
BukuWarung,"Tiba-tiba tidak bisa dibuka,untung hanya catat daftar harga saja",3,2023-05-01 18:13:23
BukuWarung,"Kenapa biar mau log in saja susah sekali, pake otp segala, otp nya di masukan malah tidak terbaca, aplikasi anehhhhhh",1,2023-05-01 16:49:17
BukuWarung,"Orang sudah bayar tapi dari buku warung nya belum di transfer,, bagaimana bisa putar usaha kalau belum di bayar hadeh.. Tim terkait sudah 2 hari cm blg lg di cek tim terkait,, cek masa iya sampai 2 hari...",1,2023-05-01 16:21:15
BukuWarung,"Ada masalah dalam pencatatan laporan keuangan, bagian tanggal transaksi tidak muncul. Tolong perbaiki!",4,2023-05-01 09:41:55
BukuWarung,"Apa sedang eror atau bgmna ni, walaupun sdh dimasukan kode otpnya ttp tidk bisa dibuka",4,2023-04-30 18:36:52
BukuWarung,Verivikasi akun gimana cara nya tolong dibantu,4,2023-04-30 13:47:41
BukuWarung,transaksi saya udah 3 hari pending uang belum masuk masuk ke rekening saya,1,2023-04-30 13:38:20
BukuWarung,Lama lama kacau aplikasi ini.. makin sering dan perbarui malah makin sering ngelag foce close terus.. transaksi selalu gangguan..,1,2023-04-29 21:00:08
BukuWarung,Sering ngadat....,3,2023-04-29 20:30:23
BukuWarung,MAKSA BAT UPDTE AH ELAH,1,2023-04-29 17:14:26
BukuWarung,Saya pakai Bukuwarung sudah 3 tahun dan sangat bagus tapi kenapa saya istal di hp ku yg satu beda catatan piutang mohon bantuanya,3,2023-04-29 15:26:06
BukuWarung,Tidk bisa di verifukasi,1,2023-04-29 14:29:32
BukuWarung,Baru saja di donload ko minta Donload lagi.,1,2023-04-29 07:26:52
BukuWarung,Good,5,2023-04-28 23:36:52
BukuWarung,Kasih 3 dulu kalau fitur saldo talangin dulu sudah bisa dipakai tambah lagi,3,2023-04-28 22:07:10
BukuWarung,Alhamdulillah buku warung sekarang sudah sesuai dengan kebutuhan,4,2023-04-28 20:34:00
BukuWarung,"Buku warung makin ksni makin lemot ,,trs maa iya 2 minggu skli hrs update trss ,,,",3,2023-04-28 15:43:35
BukuWarung,Buku warung memang oke,5,2023-04-28 11:06:49
BukuWarung,Semoga bisa lebih baik lagi 👍👍,5,2023-04-27 14:42:20
BukuWarung,Mantap,5,2023-04-27 06:03:55
BukuWarung,Order doang aja di persulit,1,2023-04-26 20:29:23
BukuWarung,Lumayan membantu,5,2023-04-26 17:54:39
BukuWarung,"Transaksi isi saldo gagal terus,",2,2023-04-26 13:33:11
BukuWarung,"App bagus dan bermanfaat.... Untuk tambahan kedepan bukuwarung bisa tambahkan, tampilkan stok penjualan dan stok pengeluaran setiap tambah catatan.... Dan ada yang aneh, mungkin bukuwarang bisa Perbaiki logika stoknya... Ketika melakukan edit catatan penjualan stok berkuran dan edit catatan pengeluaran stok bertambah...",5,2023-04-25 21:04:14
BukuWarung,Gk bisa di verifikasi,1,2023-04-25 19:12:05
BukuWarung,"rapi, mudah dipakai utk bertransaksi dan mencatat bon, trf pulsa juga murah",5,2023-04-25 01:51:25
BukuWarung,"makin lama makin buruk, bkn makin bgus ini aplikasi, bikin trauma pakenya",2,2023-04-24 18:14:18
BukuWarung,Puas untuk memulai bisnis jualan,5,2023-04-24 15:21:26
BukuWarung,"Tolong perbaiki aplikasinya, karena semenjak 21 April 2023 aplikasi tidak bisa dibuka sama sekali, hanya sampai tampilan *MARHABAN YA PROMOAN* doank. Dibersihkan cache nya pun tak ada cuma 0 byte. Mohon diupdate segera dan diperbaiki soalny banyak catatan bonnya..... 🙏🙏🙏🙏",3,2023-04-24 09:27:18
BukuWarung,"Saya sangat kecewa dengan bukuwarung saya mau beli token listrik selalu gangguan padahal saya butuh cepat dan saya sudah deposit, dri kemaren selalu gangguan selalu ada pembaruan tapi keluah tetap sama masalah pembelian dk tau ap yg di perbarui entah ap yang buat gangguan ,seperti apk yg tak niat untuk peroprasi",1,2023-04-24 09:16:52
BukuWarung,Sudah hampir 3th kurang pake buku warung tapi setelah di update agak ngeleg padahal jaringan stabil dan suka keluar sendiri mohon ditingkatkan lagi,3,2023-04-23 18:45:24
BukuWarung,Ok,5,2023-04-23 15:23:47
BukuWarung,Maaf sya agak sedikit gak puas dengan dompet pembayaran pada app yg gak mendukung menggunakan kartu kredit🤦,3,2023-04-21 20:50:11
BukuWarung,👍🏻,5,2023-04-21 16:39:23
BukuWarung,"Setelah saya update malah nggak bisa login 😪, aplikasi nya force close terus di android 12",1,2023-04-21 11:30:22
BukuWarung,Awalnya saya ragu setelah dipahami alhamdulilah keuangan saya terkendali dan ada vitur jual pulsa juga *(Saya tidak merasa komentar seperti ini ada yg jail sama akun saya)*,1,2023-04-21 04:39:23
BukuWarung,"Terima kasih BukuWarung, transaksi transfer murah dan cepat👍",5,2023-04-20 12:42:48
BukuWarung,Baru memulai,5,2023-04-20 11:09:07
BukuWarung,Samgat membantu & mempermudah kinerja toko sy terima kasih,5,2023-04-19 17:42:09
BukuWarung,"Sudah 1 tahun lebih pakai aplikasi buku warung sebenarnya memang sangat menarik sekali, akan tetapi yg sangat disesalkan sudah 2 bulan tiap mau isi saldo lewat BCA beritanya Gangguan terus, hasilnya kami jadi tidak bisa jualan pulsa mengingat rekeningnya kami Bank BCA 🤦‍♂️😭",4,2023-04-19 06:44:31
BukuWarung,"Makali ini saya kecewa dgn buku warung, sdah 2thun sya memakai tp tdak ad kendala tpi kemaren setelah sya update cttab sya hilang semua, pdahal d masukan nomor yg sama ttapi cttan 2thun yg lalu yg timbul",5,2023-04-18 11:52:55
BukuWarung,Bagus kak... Jg ragu download. Fiturnya paling q sukai ada tagih hutang otomatis ke pelanggan. Saran aja nih kak kalo bisa transaksi yg 2th yg lalu bisa terhapus otomatis biar aplikasi gak berat. Punya saya trx sjak th 2020 masih ada lho.. sampe total untungnya terakumulasi 11jt hahaha bikin kaget.. tp GK ada uangnya wkwk...,5,2023-04-17 19:05:43
BukuWarung,"Tiba tiba logout, waktu dibuka login ulang, semua catatan hilang, percuma mencantumkan email kalau tdk di backup",1,2023-04-17 18:47:28
BukuWarung,"Oke trimakasih, lain kali jangan seperti itu dong, kasihan mereka yg ga tau..",5,2023-04-17 14:40:37
BukuWarung,"Sudah menggunakan aplikasi ini selama 2 tahun, tp tepat dihari ini puncak kekesalan saya thd BUKUWARUNG yg TIDAK BISA mengatasi masalah transaksi token PLN yg pending 5 jam lebih. Parah! Layanan mereka tapi mereka sendiri tidak bs mengatasinya, saya jd kehilangan pelanggan. Saya akan langsung UNINSTALL aplikasi ini. Bye!",1,2023-04-16 14:36:51
BukuWarung,Aplilasi buruk.. kita daftar qris.. harus ada sales yg datang dan ngasih kode sales.. mana mungkin di cc.. kalo sistemnya kaya gitu..,1,2023-04-16 11:44:21
BukuWarung,Coba dulu ya,4,2023-04-15 18:48:37
BukuWarung,Bintang 1 cukup untuk aplikasi Gaguna... Kalah Jauh Sama QRIS dana bisnis goblog,1,2023-04-15 10:41:33
BukuWarung,"Untuk bisa mendapatkan pembayaran Qris harus dapat Kode dari sales sedangkan saya tidak tinggal di jabodetabek, atau haru punya warung untuk berfoto sedangkan saya ga ada outlet (Cuma Konter berjalan)",3,2023-04-15 05:16:55
BukuWarung,Fitur hubungi cz tidak berguna sama sekali,1,2023-04-14 18:33:39
BukuWarung,Kok ga bisa verifikasi?,4,2023-04-13 11:09:47
BukuWarung,Aplikasi yg bagus untuk agen brilink,5,2023-04-13 09:35:35
BukuWarung,Tolong di sempurnakan lagi sering error aplikasi,4,2023-04-12 20:28:09
BukuWarung,The good aplication👍,5,2023-04-12 19:34:11
BukuWarung,Hallo admin tolong tidak bisa melakukan pembayaran isi saldo buku warung. Kedepannya kenapa makin TDK jelas aplikasi ini. Tolong donk di perbaik,2,2023-04-12 13:19:43
BukuWarung,APLIKASI SAMPAH,1,2023-04-12 10:37:13
BukuWarung,"Beberapa bulan awal lancar,lama² aplikasi eror.hari ini update stok,besoknya balik lagi ke stok semula.aplikasi sering balik ke menu sendiri pas kelola stok/kasir.",1,2023-04-11 18:09:23
BukuWarung,Mantapp,5,2023-04-11 14:14:02
BukuWarung,Bagus,4,2023-04-09 00:33:02
BukuWarung,Trim ksih udh mmbantu ctatan warung saya,5,2023-04-08 23:08:32
BukuWarung,Tidak usah menunggu akun prioritas bisa kirim uang Aplikasi sebelah yang penting premium dah bisa kirim uang,4,2023-04-08 21:50:11
BukuWarung,Hati hati rawan nyangkut qrisnya,1,2023-04-08 20:24:26
BukuWarung,Ini referalnya supaya kamu dapat point2ZRWUP,2,2023-04-08 19:23:07
BukuWarung,"Barusan update, skrg mau keluar dr aplikasi koq malah ga bisa ya? Tolong dong admin, diperbaiki lagi..",5,2023-04-08 16:16:16
BukuWarung,Ok,5,2023-04-08 09:41:24
BukuWarung,Jangan Keseringan Update apa bro! Emang nya update tuh gak pake kuota apa? Nyuruh update nya maksa pulak!,1,2023-04-07 20:04:05
BukuWarung,proses ganti rekening aj smpe seminggu lebih' klo rek lama udh gk di pakai otomatis qris hrus nunggu rekening yang baru di acc,1,2023-04-07 18:09:30
BukuWarung,Malah force close,1,2023-04-07 13:41:12
BukuWarung,"Aplikasi bagus sekali,sangat membantu saya dalam menjalankan usaha,terimakasih. Saran saya,klo bisa mode kasir nya ,bisa di edit kembali,jadi bisa ganti harga jika ada perubahan,terimakasih 🙏",5,2023-04-07 12:27:09
BukuWarung,Lambat dan sering macet. Gajelas,1,2023-04-07 10:58:17
BukuWarung,Bagus aplikasinya,5,2023-04-06 16:44:09
BukuWarung,Mantap,5,2023-04-06 02:27:54
BukuWarung,Sangat Membantu dlm Pembukuan Kami Para Penjual 😊🙏,5,2023-04-05 17:11:44
BukuWarung,Tolong dong di Adain pitur nama nyah kalo mau topup dana atau Shopie takut nyah salah nomer atau gimana biyar bisa mencegah nyah 🙏,1,2023-04-05 16:44:39
BukuWarung,Nyesel Upddate buku warung masa setelah di upgrade sekarang gak bisa di buka ..,1,2023-04-03 19:42:26
BukuWarung,Transaksi digital lebih cepat dan harga sangat murah dan juga banyak promonya,5,2023-04-03 15:13:20
BukuWarung,"Awal install aplikasi langsung dijadiin utk catatan penjualan andalan, jujur terbantu banget pake aplikasi ini ⭐⭐⭐⭐⭐, beberapa hari lalu sempet ada kendala karna keteledoran aku, akun nya ke log out posisi nomer yg kedaftar udah ga aktif.. alhamdulillah ngubungin cs nya via aplikasi bisa dibantu utk pergantian ke nomer yg baru, yg paling penting semua catatan yg pernah kita tulis di aplikasi nya engga ilang",5,2023-04-03 14:15:35
BukuWarung,Aplikasi nya saya hapus karna saya tidak paham.saya klik verifikasi data ternyata data nya untuk pinjaman.tiba tiba masuk akun premium.Mohon data saya tidak disalahgunakan.trima kasih.,1,2023-04-03 09:20:38
BukuWarung,Sudahh verif tapii kaga bisaa dipakai,1,2023-04-03 07:03:33
BukuWarung,Buku warung is the best,5,2023-04-02 19:25:38
BukuWarung,Catatan hilang semua setelah aplikasi di perbarui,1,2023-04-02 18:13:02
BukuWarung,"Sudah mengikuti instruksi dari admin buku warung, tapi tidak ada perubahan, catatan pembukuan saya tetap hilang setelah tidak sengaja ter uninstal apknya,makasih saya tidak mengerjakan pembukuan dua kali berkat admin buku warung , tapi TIGA KALI!",1,2023-04-02 15:54:39
BukuWarung,"Semoga semakin baik kedepannya, semoga saya betah dan setia dengan apk ini",5,2023-04-02 14:29:37
BukuWarung,"Aplikasinya bagus, sangat mudah diinstal. Maka dari itu, saya persembahkan bintang di langit",1,2023-04-02 08:56:51
BukuWarung,Catatan saya hilang setelah ter updete,1,2023-04-02 05:54:12
BukuWarung,Bagus,5,2023-04-01 23:28:24
BukuWarung,Nice,5,2023-04-01 23:25:59
BukuWarung,apk baik untuk kelola keuanagan dan sangat membantu,5,2023-04-01 19:35:06
BukuWarung,Pelayanan lambat dan transaksi slow,1,2023-04-01 18:06:28
BukuWarung,"Foto Toko dan Produk untuk Verifikasi Akun Prioritas sangat susah sekali, mohon untuk dipermudah Verifikasinya",1,2023-04-01 15:48:22
BukuWarung,Sangat membantu,5,2023-04-01 11:50:17
BukuWarung,Mantap,5,2023-04-01 07:26:41
BukuWarung,Setelah apdate versi terbaru kenapa catatan hitang pelnggan hilang? Ini merugikan saya. 👿,1,2023-04-01 00:26:06
BukuWarung,"Terlalu sering pembaruan, sangat mengganggu. Kalo selalu ada update tapi ga wajib update oke lah, bagus. Ini, wajib pembaruan tiap ada updatean.",2,2023-03-31 23:12:59
BukuWarung,Selalu tingkatkan pelayanan untuk mitra,5,2023-03-31 19:34:24
BukuWarung,Mantep sih,5,2023-03-31 16:04:50
BukuWarung,Keren euy,5,2023-03-31 11:03:55
BukuWarung,Sinkron barang eror ga real,1,2023-03-30 23:46:10
BukuWarung,Bermamfaat,4,2023-03-30 18:47:15
BukuWarung,Ok.,5,2023-03-30 18:08:23
BukuWarung,Buku sampah main tahan uang orang dikira ini apk apa seenaknya main tahan2 ..,1,2023-03-30 13:48:27
BukuWarung,Trimakasih,5,2023-03-30 12:44:01
BukuWarung,"Kebanyakan cs sistem pembayaran talangin dulu, tidak otomatis, sdh bayar masih ditagih juga. Tidak sperti pinjol yg lain begitu bayar langsung lunas dimenu",1,2023-03-30 10:40:26
BukuWarung,Mantap,5,2023-03-29 22:23:20
BukuWarung,"Semoga selalu sukses..,.mohon bantuanya....saya masih pemula....",3,2023-03-29 18:55:58
BukuWarung,"Sangat membantu untuk jualan pulsa dan lainnya..harganya sangat murah,,chat cs pun fast respond",5,2023-03-29 18:35:54
BukuWarung,Mantap,5,2023-03-29 13:37:55
BukuWarung,Makin ribet. Qris yg tadinya bisa di pake sekarang kagak bisa di pake lagi dengan alasan harus verifikasi ulang toko fisik menggunakan kode sales. Uninstall 👎🏼,1,2023-03-29 10:29:40
BukuWarung,Lumayan bagus,4,2023-03-28 21:59:06
BukuWarung,Masih kurang lengkap untuk fitur transfernya karena tidak bisa pakai saldo,4,2023-03-28 21:39:27
BukuWarung,Sangat terbantu,5,2023-03-28 13:35:32
BukuWarung,"Bagus ,",5,2023-03-28 12:38:06
BukuWarung,Good,5,2023-03-28 12:14:46
BukuWarung,BHS banget,5,2023-03-28 05:20:42
BukuWarung,"Saya kecwe pakai ampliksi ini,,tau loding dah dah msuk,,data catatan pelanggan tetang hutang ilng semua,,dah hbngi cs,responya ga di proses...",1,2023-03-27 18:55:38
BukuWarung,Saya ambil,1,2023-03-27 02:46:23
BukuWarung,"Sangat memudahkan untuk pelaku UMKM kecil, gratis juga...hanya saja sekarang aplikasinya semakin berat untuk digunakan",5,2023-03-26 17:33:54
BukuWarung,Membatu sekali dalam usaha warung,5,2023-03-26 15:21:26
BukuWarung,Siipp,5,2023-03-26 12:32:07
BukuWarung,Aplikasi yang semakin kacau dan tidak jelas saya diminta menghubungi nomor kontak customer service ketika dihubungi sama sekali tidak ada respon sama sekali.kacau kacau kacau.,1,2023-03-25 20:59:47
BukuWarung,Tolong di bantu admin buku warung yang terhormat. No hp saya hangus.trus saya ganti hp.saya mau masuk ke aplikasi ga bisa karna no hp saya sudah tidak bisa di gunakan lagi.terus saya mau log in ke apk buku warung.tidak bisa tolong di bantu,1,2023-03-25 15:28:41
BukuWarung,"Untuk sekarang oke,",5,2023-03-25 14:25:53
BukuWarung,Aplikasi buruk.saya sudah top up 50k terus nomor yg lama saya hilang saya mau ganti nomor saldonya hangus.aplikasi ribett...saya sudah bermohon untuk di bantu Tpi malah di cuekin.,1,2023-03-25 12:07:38
BukuWarung,Baik sekali apk ini buat usaha dirumah,5,2023-03-25 04:16:10
BukuWarung,"aplikasi lama"" makin ribet susah verifikasi, sudah verifikasi premium lagi dsruh akun prioritas, haluh",1,2023-03-24 11:10:12
BukuWarung,Alhamdulilah aplikasi buka warung mantap,5,2023-03-24 07:23:29
BukuWarung,"Sdh lama pakai buku warung, kemaren sempat absen lama karena tdk bisa dipakai utk transfer, skrang mau pakai lagi tapi belum bisa menikmati layanan transfer karena blum dpt kode tim sales...",4,2023-03-23 15:31:59
BukuWarung,Admin lemot parah,1,2023-03-23 09:22:43
BukuWarung,"Apaan,saldo di tahan dari transaksi Qris,gak masuk masuk rekening,sudah hampir 4 bulan,,udah sabar nunggu",1,2023-03-22 20:34:23
BukuWarung,Pengaauan talangin dlu masih ribet,3,2023-03-22 18:12:31
BukuWarung,AYO IKUTI JUALAN TAMPA MODAL DI SINI MASUKAN REFERALNYA 2PFE20 dapatkan 198 000 /orang Nya,5,2023-03-22 14:06:55
BukuWarung,"Terlalu ribet utk memverifikasi QRIS nya,pembayaran dlm proses udh cukup lama,chat admin nya lama respon nya",2,2023-03-22 12:29:22
BukuWarung,Oke terimakasih atas masalah yg ditangani 🫰,4,2023-03-22 08:21:56
BukuWarung,CS Lambat dan uang pembayaran qriz sering bermasalah,1,2023-03-21 15:33:43
BukuWarung,Oke,5,2023-03-21 15:10:36
BukuWarung,Nih aplikasi sdh mantap lgi & semakin mudah top up saldonya. Jualan lancar lgi deh. Terima kasih buku warung,5,2023-03-21 05:57:49
BukuWarung,mantap banget,5,2023-03-20 14:15:06
BukuWarung,Sangat membantu,5,2023-03-20 12:35:55
BukuWarung,Akun saya tolong di hapus aja ntar di jual lagi data diri saya Lagian ni aplikasi juga gak guna,1,2023-03-20 11:30:45
BukuWarung,"Sampah banget mau join qris aja harus pakek kode sales ga jelas banget, yg lain bikin qris mah simpel penting ada toko ny, lah ini pakek segala kode juga,",1,2023-03-20 11:10:17
BukuWarung,Kenapa saat Loading Kontak Waktu mau mencatat Utang lama sekali ya,3,2023-03-19 15:13:09
BukuWarung,Saya top up diamon game ko gak masuk masuk sih,1,2023-03-19 13:02:29
BukuWarung,Aplikasi yg dulu sangat saya andalkan dalam pencatatan hutang Dll. Tapi sekarang semakin buruk. 1. Tidak sinkron catatn device 1 dengan lainnya. 2. Tidak ada lagi pengingat tagihan hutang. 3. Tidak ada lagi notif kepada buyer ketika hutang sudah lunas. Padahal dulu bagus banget.,2,2023-03-18 16:42:13
BukuWarung,Aplikasi yang sangat membantu untuk usaha dagang,5,2023-03-18 15:13:50
BukuWarung,Sangat bagus,5,2023-03-18 13:50:32
BukuWarung,Saya tidak mengerti kenapa mau isi saldo melalui bank BCA sama mandiri setiap hari gangguan terus,1,2023-03-17 21:42:53
BukuWarung,Aplikasi ny jelek..dari kemarin kirim pulsa gak terkirim sudah di ulang berapa kali gak mai terkirim,1,2023-03-17 08:05:54
BukuWarung,"Mantap skrng, tinggal bayar ke BTN blm bisa",5,2023-03-16 20:33:44
BukuWarung,Bagaimana cara mendapatkan kode sales,5,2023-03-16 19:02:51
BukuWarung,Mantul,5,2023-03-16 18:19:27
BukuWarung,Mau install di ios tapi belum support yakk :( ditunggu di app store biar bisa nglanjutin catatan lama warung,4,2023-03-16 09:32:02
BukuWarung,"stok barang bertambah dan berkurang sendiri saat tidak ada inputan, jadi banyak stok yg miss harus 2x kerja manual itung stok toko",1,2023-03-15 21:08:53
BukuWarung,makin nggak jelas. abis di update malah nggak bisa di buka2,2,2023-03-15 19:18:40
BukuWarung,Top,5,2023-03-15 15:14:18
BukuWarung,"Kembalikan buku warung yang dulu, yang sangat membantu bagi pelaku UMKM",2,2023-03-15 07:48:05
BukuWarung,"verifikasi kode referaal tim sales , dapat dari mana cobak aneh",1,2023-03-14 18:17:28
BukuWarung,"Sangat membantu transaksi saya untuk transfer ke beda bank,",5,2023-03-14 16:55:21
BukuWarung,"Sekarang bolehlah 5 bintang, tinggal satu sarannya bila ngirim pulsa ke nomor yg sama dgn nominal yg sama terlalu lama wktnya baru bisa, kalau bisa ini di perbaiki, ngirim pulsa 2x ke nomor yg sama dgn nominal yg sama mgkin bisa makai kode?, biar gk harus nunggu lama baru bisa ngirim lagi. Jadi gk terhambat.",5,2023-03-14 10:41:29
BukuWarung,Membantu skali utk umkm mengelola stok sampe kasir. Loove bangt 😍,5,2023-03-14 08:35:18
BukuWarung,Mantap,5,2023-03-14 06:52:45
BukuWarung,Buku warung sangat membantu unt trx d atas limit.semoga makin sukses kedepannya..👍👍👍,5,2023-03-13 12:48:07
BukuWarung,Baik,4,2023-03-13 10:29:41
BukuWarung,Ok dulu deh,3,2023-03-13 10:05:44
BukuWarung,Tolong dong knpa dari tadi gangguan truss ga bisa buat jualan mana pelanggan udah nungguin,5,2023-03-13 08:57:37
BukuWarung,Top BintangNya,5,2023-03-13 00:05:18
BukuWarung,"Buat aplikasi kayak setengah setengah, verifikasi aja harus lewat sales.. sementara sales hanya ada di Jakarta, HALLLLLLOOOOOWWW INDONESIA SEBESAR INI, NIAT KAGAK BUAT APP NYA...!",2,2023-03-12 20:31:44
BukuWarung,Apk tidak bisa di andalkan,1,2023-03-12 19:33:12
BukuWarung,Sangat membantu,5,2023-03-12 17:54:27
BukuWarung,Ok bguss,5,2023-03-12 11:23:00
BukuWarung,Terima kasih buku warung.. Dengan adanya aplikasi ini saya terbantu dalam pencatatan usaha yang saya jalankan.. sukses selalu buat tim BukuWarung..,5,2023-03-12 10:50:58
BukuWarung,"Kepada buku warung, buat donk seperti dulu lagi, setiap kita kirim bon kepada teman, dan dia jga bisa lihat rincian nya, skarang malah tidak bisa. Mohon update nya bos",5,2023-03-12 00:30:33
BukuWarung,BukuWarung Sangat Bagus Dan Pembayaran Apa Aja Topup Jadi Lebih Mudah Tidak Ada Biaya Admin.Makasih BukuWarung,5,2023-03-11 13:39:16
BukuWarung,Semakin ke sini makin di persulit. Masak mau bayar aja harus verifikasi buat QRIS nya. Itu wajib & membutuhkan kode sales. Di sini padahal gak ada sales,1,2023-03-11 10:00:24
BukuWarung,Jos aplikasinya banyak bug nya,1,2023-03-11 09:22:00
BukuWarung,Buku warung oke membantu usaha kecil apalagi untuk vitur talangin dulu sangat membantu buat yang pingin jualan tanpa hrs punya modal,5,2023-03-11 08:24:05
BukuWarung,Bgus,5,2023-03-11 02:09:49
BukuWarung,Sangat bermanfaat,5,2023-03-10 22:20:49
BukuWarung,Sangat bermanfaat sekali untuk bisnis,5,2023-03-10 15:08:47
BukuWarung,"Aplikasi yang bagus, membantu proses pembukuan",5,2023-03-10 10:00:34
BukuWarung,Mantap aplikasinya,5,2023-03-09 23:40:39
BukuWarung,"gimana nih abis update, report pdf nya malah gak bisa lagi",3,2023-03-09 22:26:43
BukuWarung,"Sudah bagus, tapi kalau bisa di tambah fitur menyimpan data pelanggan.",3,2023-03-09 21:58:49
BukuWarung,"Saya sdh pky aplikasi unt 2tahun, tp 2hari ini mau buat data baru tidak bisa... Knp jd mengecewakan gitu ya? Pd hal selama ini sangat membantu",2,2023-03-09 18:47:05
BukuWarung,Good apps,5,2023-03-09 16:18:54
BukuWarung,"Gak asik. Yang bisa menikmati pembayaran via qris hanya orang/akun terpilih doang. Terus bagaimana caranya orang lain bisa merasakan, Bukanya malah bisa menambah orang lain bisa menyukai nya apabila apk anda bisa semua orang menikmati qris",1,2023-03-09 11:20:59
BukuWarung,sangat membantu,5,2023-03-09 09:50:06
BukuWarung,Apk sllu terkendala ketika ada fitur baru..dan cs slowresfon klo ada truble...parah sekarang bw,1,2023-03-09 08:07:20
BukuWarung,"Proses isi pulsa lama dan isi paket data selalu gagal , kadang buat pelanggan saya kecewa",1,2023-03-09 07:33:27
BukuWarung,Ok Google,5,2023-03-09 02:56:23
BukuWarung,Baik,5,2023-03-09 00:47:21
BukuWarung,Saya minta data saya dihapus..,5,2023-03-08 22:44:54
BukuWarung,"Bintang 1 aja lagi. Nota Pro nya ndak bisa dipakai, padahal sebelumnya bisa dipakai nota Pro nya Selama 2 tahun.",1,2023-03-07 18:13:42
BukuWarung,"Sudah selesaikan misi buat nota ekslusif tanpa logo buku warung, malah tidak bisa pakai nota ekslusifnya. Masih nota standart sama bawaan nya. Hadew...",1,2023-03-07 15:52:31
BukuWarung,Bagus,5,2023-03-06 23:13:47
BukuWarung,Sekarang malah makin ribet harus upgrade ke akun prioritas pas mau masukin kode salesnya gimana salah terus,1,2023-03-06 20:29:17
BukuWarung,Susah tarik pendapatan,1,2023-03-06 09:08:48
BukuWarung,Coba deh di tambahkan fitur penambahan stock dan mode kasir bsa di lakukan pakai barcode brg yg ad barcode nya. Kn bsa lbh simple,4,2023-03-05 16:59:14
BukuWarung,"Kode sales nya apa kak, masak setiap member harus nyari si tukang sales-nya kan yg daftar banyak. Jawab min kode sales-nya jika sudah jawab saya ganti ke bintang 5",1,2023-03-04 23:32:23
BukuWarung,Keren,5,2023-03-04 17:39:35
BukuWarung,"Ralat, pelayanannya masih cukup bagus, aduan sudah tertangani",4,2023-03-04 17:10:42
BukuWarung,Tolong kalo bisa stok barang bisa kasih gambar thumbnail,5,2023-03-04 12:53:39
BukuWarung,BUKU WARUNG MEMANG MANTAP,5,2023-03-04 11:00:36
BukuWarung,Tak coba dulu y,3,2023-03-03 19:47:45
BukuWarung,"Transaksi & Pembuatan qris aja ribet ga bisa daftar sendiri harus sales yg dateng, aku kasihan salesnya udah datang kerumah eh ternyata disuruh foto ketoko langsung kan tokonya ga deket sama rumah...",2,2023-03-03 10:55:10
BukuWarung,"Apk gajelas,gk bisa download file-nya",1,2023-03-03 10:08:42
BukuWarung,Buku warung sebenarnya bagus tapi agak membingungkan,5,2023-03-03 08:26:59
BukuWarung,"Terimakasih buku warung setelah bermitra dengan aplikasi ini selama kurang lebih 2 tahun saya mendapatkan modal talangan dari 2 mitra lebih dari 50 juta, terimakasih banyak buku warung sukses dan jaya selalu",5,2023-03-03 00:29:55
BukuWarung,Kenapa smua catatan planggan aku pada hilang stelah update aplikasi.....mohon penjelasan,5,2023-03-02 18:00:21
BukuWarung,Susah banget verifikasi udah diulang2 gagal terus Foto ktp sama orang gk sama padahal kan sama gk jelas,1,2023-03-02 07:37:25
BukuWarung,Saldo terpotong untuk isi pulsa listrik tapi nomer token tidak muncul.. respon lambat dan proses tidak clear pada akhirnya.. auto uninstall,2,2023-03-01 20:10:09
BukuWarung,Kl bisa tlng dibuat total stock barang yg udah di masukin ke kartu stock dunk biar gampang mantau perkembangan usaha para pemakai buku warung. Bravo!!!!!!,4,2023-03-01 18:28:19
BukuWarung,"Daftar QRIS, kode sales",1,2023-02-28 16:41:07
BukuWarung,Saya masih kasih bintang 5 karena pengguna lama . Tapi kenapa semalam ada update trus log in lagi data semua hilang mana banyak gimna ini,4,2023-02-28 09:22:23
BukuWarung,Sesudah di update hilang semua catatan hutan😭 Bisakah kembalikan data dataku sebelum update,1,2023-02-27 20:57:47
BukuWarung,Tidak seindah dulu,1,2023-02-27 12:29:47
BukuWarung,Mau tanya min kenapa buku warung saya tidak bisa kebuka ya..,3,2023-02-27 11:12:46
BukuWarung,"BagusLah emang bener kalo mau banyak pengguna Ya itu haru turun harga produk-produknya, kalo harganya naik lagi pasti pada pindah lagi",4,2023-02-27 08:13:42
BukuWarung,"Untuk mode kasir, tolong dibikinin scan barcodenya supaya lebih mudah",4,2023-02-26 21:22:13
BukuWarung,Bantuan min kalau gak punya warung solusinya Verifikasi QRIS? Usahanya di rumah,5,2023-02-26 10:47:14
BukuWarung,"Tdkbisa di gunakan, padahal udah di daftarkan BNImobile sm bpjstk",1,2023-02-25 21:21:40
BukuWarung,Mantap,5,2023-02-25 21:10:13
BukuWarung,Mantab ada fitur saldonya,4,2023-02-25 17:19:46
BukuWarung,Sangat membantu sekali,5,2023-02-25 08:05:01
BukuWarung,apk bagus bangat buat julan,5,2023-02-25 07:12:38
BukuWarung,tai.. khinzir,2,2023-02-24 23:06:10
BukuWarung,"Saya sangat sulit di aplikasi ini untuk mendapatkan fasilitas Qris dan fasilitas lainnya ,dan saya sudah komplain perihal tersebut namun tidak di anggap.",3,2023-02-24 14:52:34
BukuWarung,"Tolong diperhatikan lagi saat sistem update, bukannya makin bagus tapi malah mempersulit. Saya awal pakai aplikasi udah verifikasi akun. Tapi baru ini setelah update saya diminta verifikasi lagi, saya masukkan KtP saya malah dibilang Ktp saya udah digunakan akun lain. Kok bisa macam itu sih.",1,2023-02-24 12:01:10
BukuWarung,"Dulu sangat bermanfaat, sekarang rumit dan sulit di akses",1,2023-02-23 06:23:31
BukuWarung,Top,4,2023-02-23 00:54:04
BukuWarung,baguss,5,2023-02-22 21:11:09
BukuWarung,Ada yang bisa jelaskan kode tim sales dapat di mana?,3,2023-02-22 16:18:32
BukuWarung,Setelah update rugi banget catatan utang pelanggan saya hilang Terimakasih,1,2023-02-22 10:55:28
BukuWarung,Praktis dan sangat membantu,5,2023-02-22 09:03:07
BukuWarung,"Kak tolong bantu saya, setelah update aplikasi ini saya disuruh masukan nomor yang terdaftar, tapi nomor saya sudah tidak dipakai lagi, jadi data buku warung saya ilang semua... Bagaimana admin?",5,2023-02-22 06:55:34
BukuWarung,Makin gk jelas harus verifikasi ulang mulu,1,2023-02-21 08:25:35
BukuWarung,Bagus sih pemasukan dan pengeluaran bisa di catat rapi dan jelas,5,2023-02-20 21:20:00
BukuWarung,"Kasih 1 bintang dulu, keseluruhan bagus tpi bijimana mau dapat kode verifikasi? Katanya hanya utk outlet tertentu aja. Semoga menjadi lebih baik lagi.",1,2023-02-20 17:36:03
BukuWarung,"Alhamdulillah saya daftar buka warung bisa lancar jaya,, stelah sya laporan ke cs ternyata data sya bisa d proses oleh seles nya",5,2023-02-20 16:13:23
BukuWarung,"Aplikasi apa ini, sudah di verifikasi semua data data eh tidak bisa lagi verifikasi toko maksudnya apa itu, kalau memang mau di persulit,di persulit memang waktu verifikasi data data begitu",1,2023-02-20 14:00:02
BukuWarung,Saya coba dulu.di group buku warung.banyak yg mengelu uang nya belum cair.ada jg smpe wa sales gk aktf.blm cair 4jt.,1,2023-02-20 13:06:46
BukuWarung,"Kak admin tolong buat pengisian saldo e comerce dana,shopeepay dll di tampilkan dlu nama penggunannya agar sesuai sama nomor yg d masukan saya tiap ada yg isi dana tidak pernah muncul nama usernya sama satu lagi jika kita buka aplikasi d hp lain stok barang bisa lngsng update d hape kedua juga jd gk mesti masukin stok baru lagi..makasih",3,2023-02-20 00:26:33
BukuWarung,Baru mau coba ...mudah mudahan menguntungkan,5,2023-02-19 09:59:42
BukuWarung,Tolong untuk metode pembayaran bisa menggunakan aplikasi dana agar lebih mudah,3,2023-02-19 08:45:03
BukuWarung,jangan pakai aplikasi ini bnyak kejadian uang nyangkut punyak ane 700ribu lbih nyangkut udh 2 bulan blum cair juga,1,2023-02-19 06:55:27
BukuWarung,"Sampek sekarang blm masuk juga uang saya , GK tau masuk dimana , GK ada kejelasan dari Bukuwarung .",1,2023-02-19 01:16:35
BukuWarung,"Apknya bgusss, buat ngehemat adm tf k antarnya jdi bsa untung banyak, admnya juga cpt bgt rsponnya, pengembalian uang jga cpttt, tpi k virtual akun knp enggak bsa ya, smoga cptn bisa deh 😀",5,2023-02-18 19:24:56
BukuWarung,Bagus tp setiap sy mau isi saldo selalu gagal...,4,2023-02-18 18:33:12
BukuWarung,Sangat puas,3,2023-02-18 12:29:37
BukuWarung,Butuh fitur aplikasi BW yang bisa diakses dari Dekstop PC.,5,2023-02-18 12:00:32
BukuWarung,"bikin qris aja ribet amat, berkali kali verifikasi capek sendiri",1,2023-02-18 02:58:57
BukuWarung,Knp malah eror gabisa dibuka pdhl sudah cocok dengan aplikasi,3,2023-02-17 17:01:47
BukuWarung,"Layanan buku warung saat sangat buruk ,sudah update versi terbaru,di suruh veeifikasi ulang ttp aja gk bisa di buka,setiap kali virikasi selalu gagal gimana pelanggan bisa kasih bintang 5 klou kayak ini yg ada hanya kecewa",1,2023-02-17 11:13:22
BukuWarung,Membantu sekali,5,2023-02-16 21:45:36
BukuWarung,Jangan Bohong Aplikasinya Nipu,1,2023-02-16 18:27:56
BukuWarung,Fiturnya lengkap dan membantu usaha sy. Tks bukuwarung,5,2023-02-16 16:07:57
BukuWarung,Bermanfaat sekali,5,2023-02-16 12:11:00
BukuWarung,Best,5,2023-02-16 11:05:37
BukuWarung,"Dah hampir 5 tahun menggunakan nya,terima kasih ya,saya sangat terbantu,aplikasi nya gratis,mudah dipahami,lengkap,pokok nya mantap",5,2023-02-15 14:03:10
BukuWarung,"Dulu pke intocom tpi kena tipu, skrng buku warung selLu lancar dan tdk pernh kena kendala pun. Semakin sukses trus ya buku warung. TUHAN YESUS MEMBERKATI😍😍😍",5,2023-02-15 13:50:33
BukuWarung,Sangat bagus,5,2023-02-15 11:25:00
BukuWarung,Hanya 1 Kata Buat Aplikasi ini. *****MANTAP***** MANTAP Aplikasinya MANTAP Layanannya MANTAP Cuannya dan MANTAP Fitur-Fitunya,5,2023-02-15 03:13:04
BukuWarung,ada kamajuan setelah update,4,2023-02-14 22:26:05
BukuWarung,Sangat bagus,5,2023-02-14 13:54:22
BukuWarung,Kok nggak ada di app store ya??,2,2023-02-14 07:35:16
BukuWarung,"Dlu bs pembayaran sekarang susah pembayaran, report persyaratannya, tunggu verifikasi segala,l dr sales, iya klo ad sales d kota tertentu, gak ngaruh jga hubungi cs",2,2023-02-13 15:08:14
BukuWarung,Mantap boss qhhuu,5,2023-02-13 13:05:39
BukuWarung,Alhamdulillah sudah 1 tahun saya menggunakan aplikasi ini dan sanfat membantu ...,5,2023-02-13 10:38:05
BukuWarung,Rasa nyaman,5,2023-02-12 17:57:21
BukuWarung,Saran aja sih.. Kalau bisa setiap transaksi diberi bukuXP dan kalau bisa sales lekas di sebar biar bisa pakai Qris juga.. Hihihi,5,2023-02-12 11:33:57
BukuWarung,Terakhir diupdate 31 Januari 2023 tanggal 10 Februari 2023 udh minta update lg... Woii makan RAM HP tau update mulu,1,2023-02-12 07:47:14
BukuWarung,Mantull,5,2023-02-12 07:30:49
BukuWarung,Kak untuk ubah rekening Qris apakah harus verifikasi ulang. sekitar 6 bulan saya tidak gunakan BW.,5,2023-02-11 23:10:46
BukuWarung,Untuk menu menu nya... Cukup lengkap sih...!! Dan terus di upgrade menu yg dulu gak ada menjadi lebih baik. Maaantaaapp pokoknya.,5,2023-02-10 20:50:45
BukuWarung,🤳👍👍👍👍👍,5,2023-02-10 12:02:30
BukuWarung,"Aplikasi kasir terbaik dan benar² totaly gratis,Bagus dan lengkap sekali dan sangat membantu untuk para umkm,, cuma kenapa susah untuk verifikasi KTP saya.. Klo boleh saran,di update verifikasi ktp busa dengan manual,cetak nota bisa di kustom agar bisa lebih irit dalam kertas,mode kasir tidak bisa simpan,padahal ada pilihan simpan,mungkin nge bug atau entahlah.,sebelumya saya pengguna aplikasi kasir berbayar, btw terima kasih banyak buku warung 🙏",4,2023-02-09 22:45:47
BukuWarung,Sekarang aplikasi tambah bagus dan cepet bisa jadi rekomendasi,5,2023-02-09 21:57:51
BukuWarung,Bukuwarung,5,2023-02-09 19:38:46
BukuWarung,* Aplikasinya bagus * Sangat membantu admind * Tidak ribet * Mudah dikontrol * Aman,5,2023-02-09 18:18:40
BukuWarung,"Aku pake buku warung udah setahun, banyak manfaatnya.. dari pengalaman pakenya, setiap aku ke mode kasir dan selesai catat transaksi aku selalu cek stok dari barang yang terjual dan untuk itu aku perlu lagi kembali ke menu awal dan masuk ke pilihan (menu) kelola stok.. jadi saya minta tolong updatenya nanti, kalau kita selesai catat transaksi mohon di tambahkan keterangan stok produknya sekalian..",3,2023-02-09 12:41:20
BukuWarung,Butuh akun sales buat apa,1,2023-02-09 01:09:04
BukuWarung,"Uang saya udah 2 Minggu gk cair2 lewat pembayaran qris, padahal itu uangnya buat modal usaha lagi. Tega banget uangnya orang di tilep mana saya Bu banget lagi kacaw dah nih aplikasi. Padahal gua bayar loh bunga nya hmm",1,2023-02-09 00:21:30
BukuWarung,"Belakangan pihak buku warung minta verifikasi toko, padahal dari awal saat mau daftar online sudah saya lengkapi persyaratannya. Dan untuk verifikasi toko harus ada kode dari sales buku warung, tentunya dari sales offline, padahal kita daftarnya online.. pusing dah.. Saran saya buat yg mau daftar/install aplikasi ini mending gak usah, cari aplikasi lain aja Dan hari ini, batas waktu dari pihak buku warung utk verif toko, dari pihak BW gak ada solusi. Sudah saatnya UNINSTALL, bye BW",1,2023-02-08 23:00:48
BukuWarung,Nyaman digunakan,5,2023-02-08 16:16:23
BukuWarung,"Aplikasi sampah, ribet",1,2023-02-08 14:07:24
BukuWarung,"suka pake buku warung, apalagi sudah tau pimpinan area kaltim, makasih pak steven sdh berkunjung di warung isa🙏👍. bukuwarung❤️",5,2023-02-08 13:16:42
BukuWarung,Membantu banget,3,2023-02-07 22:15:40
BukuWarung,Sdh bagus aplikasinya namun.. Mohon diperbaiki untuk cetak hasil struk kurang rapi 🙏,5,2023-02-07 15:50:37
BukuWarung,Memudahkan mencatat penjualan,5,2023-02-07 08:40:36
BukuWarung,Setiap pembayaran qrisnya. Uang kita kepotong.,1,2023-02-06 22:36:20
BukuWarung,"Pengalaman saya, salesnya menyalahgunakan uang orderan sy tp ternyata tagihan tidak dibayarkan ke perusahaan sampai skrg ini saya masih di cht sama perusahaannya. Pdhl salesnya yg menyalahgunakan dan membawa kabur uang sy dan tidak tanggung jawab. Sdgkn perusahaan melempar tanggung jawab untuk menindaklanjuti sales tsb ke sy. Pdhl ini murni kesalahan dr sales nya. Disuruh bikin surat pernyataan sudah sy lakukan yg katanya sales akan segera diproses namun tdk ada hasil",1,2023-02-06 18:11:57
BukuWarung,Mantap,5,2023-02-06 15:02:32
BukuWarung,"Akun sudah lama tiba2 suruh verifikasi ulang, dan anehnya waktu mau verifikasi ulang toko di suruh masukan kode sales, kita harus cari kode sales dimana ha? Sedangkan saya dulu daftar jalur online. Qris sudah kena admin malah di bikin ribet, Mari kita uninstal bareng2",1,2023-02-06 11:28:36
BukuWarung,"Aplikasi yg tidak dapat di percaya untuk mencatat sesuatu sama sekali, catatan hutangku hilang semua setelah update. Dan sampai sekarang tidak bisa di restorasi oleh buku warung. Bosan berkali-kali bikin laporan jawabannya cm mohon maaf. Bintang 1 lebih dari cukup untuk aplikasi ini.",1,2023-02-05 20:49:39
BukuWarung,"Kenapa tidak bisa mengunduh Laporan Bulanannya, trus tidak bisa konek ke Kontak yang tersimpan pada saat mengisi Daftar Hutang",3,2023-02-05 10:07:58
BukuWarung,Semoga ada fitur grosir,5,2023-02-04 20:54:01
BukuWarung,"Murah si tpi No smartfren kenapa kaga bisa, tidak ada menu pilihan paket datanya.. Kurang komplit pulsa da paket data semua operator.. Payah",1,2023-02-04 20:07:26
BukuWarung,Bintang 3 dulu soalnya agak ribet menurutku masak pengisian saldonya cuman bisa lewat bank bni dan itu udah otomatis gak bisa dirubah ataupun kitanya milih dulu,2,2023-02-04 13:27:12
BukuWarung,Sangat membantu usahaku praktis,5,2023-02-04 06:36:47
BukuWarung,Aplikasinya udah bagus. Coba kedepanya kasih fitur scaner dong. Biar mudah saat transakdi dan input barangnya,4,2023-02-04 01:35:12
BukuWarung,"SEMAKIN HARI SEMAKIN RIBET Saya verifikasi Qris itu sampai 3x ini dan sekarang diminta lagi dan tambah macam macam. Foto toko dan lain lain. Itu gunanya KTP kami di awal buat apa? Penyalahgunaan data?? Mau jual apa aplikasi ini kalau orang mau pakai saja dibikin sangat ribet!! Mohon maaf saya harus bilang, Tidak Berguna.",1,2023-02-03 20:16:13
BukuWarung,"BW makin baik, fitur bayar berjalan cepat & murah...",5,2023-02-03 18:08:28
BukuWarung,Sangat membantu,5,2023-02-03 17:13:16
BukuWarung,Sangat membantu pembukaan usaha ku...,5,2023-02-02 13:46:43
BukuWarung,Bagus ini,5,2023-02-02 12:31:58
BukuWarung,Mantap,5,2023-02-02 08:41:48
BukuWarung,"bagaimana cara mengaktifkan fitu bayar tagih ? karna setiap saya klik munculnya verifikasi toko dan memasukkan kode, kode tersebut didapat dari mana?",3,2023-02-02 08:04:50
BukuWarung,Masih coba2,5,2023-02-01 20:42:58
BukuWarung,Ko makin kesini teran saksi nya lemot lama di peroses nya.. Mohon di perbaiki dong..,2,2023-02-01 19:13:20
BukuWarung,"Tampilkan dftr hrga modal pada menu stok supaya saat masuk barang lgi bisa tau pada hrga brp yg mau di tmbh barang, krn kadang ada barang yg sama tp beda modal.",4,2023-02-01 18:55:38
BukuWarung,"Tidak bisa buat qris, minta kode sales",1,2023-02-01 12:18:13
BukuWarung,Masalah isi saldo tolong metode pembayarannya di tambah bisa lewat e walet donk. Soalnya saya tak punya atm,2,2023-02-01 10:30:47
BukuWarung,Tak berguna samasekali,1,2023-01-31 12:09:33
BukuWarung,"Wkekeke buku warung makin gak guna,masa di suruh lagi menggunakan tim sales,padahal dulu semua lancar, wkwkwk terus gak bisa di gunakan qrisnya kalau gak verifikasi kode tim sales",1,2023-01-31 08:16:30
BukuWarung,Alhamdulillah sangat membantu dalam pengelolaan keuangan dan stock produk serta mudah lakukan transaksi Terimakasih BukuWarung🙏🙏🙏,5,2023-01-31 08:09:40
BukuWarung,"Mau verifikasi toko, gimana cara dapet kode sales nya ya?",4,2023-01-31 06:34:40
BukuWarung,Mau top up susah.. Hanya tersedia untuk bank saja. Ngak bisa pake DANA. Dan harus pke kode sales pula.. aduhhhh... Ngk usah di download ribetttttt,1,2023-01-31 02:16:22
BukuWarung,baik,5,2023-01-30 22:36:59
BukuWarung,Saya kasi 2 dlu yaa.. MW nanya cara bkin Qris gmn yaa.?,2,2023-01-30 18:02:29
BukuWarung,Mantab,5,2023-01-30 11:53:56
BukuWarung,Mantaaappppp,5,2023-01-30 08:25:03
BukuWarung,Sangat membantu,5,2023-01-30 06:38:21
BukuWarung,Ko sekrang sekarang buku warung lemot y,5,2023-01-29 22:43:16
BukuWarung,Buka Lapak jos Saya di minta verifikasi seles gimana,4,2023-01-29 12:17:48
BukuWarung,Aplikasi yg sngt bgs..aku sangat suka sekali..trimksh buku warung,5,2023-01-29 07:58:41
BukuWarung,Qris ny harusnya 24 jam,3,2023-01-28 21:54:49
BukuWarung,Good,5,2023-01-28 14:46:37
BukuWarung,App ini Menurut saya sangat membantu untuk mengembangkan usaha berbisnis,5,2023-01-28 13:41:56
BukuWarung,Knapa uang saya di tahan sejumlah 26jt,1,2023-01-28 01:45:40
BukuWarung,"jos gandos , pokoke T O P B G T",5,2023-01-27 23:56:07
BukuWarung,Sangat membantu dalam mencatat hutang piutang,5,2023-01-27 22:29:03
BukuWarung,Up,5,2023-01-27 22:16:33
BukuWarung,Buku warung insa allah selama nya kalau admin nol dan murah,5,2023-01-27 19:18:20
BukuWarung,Maju terus BW,5,2023-01-27 19:04:11
BukuWarung,"Aplikasi penipu, transfer gk masuk uang gk kembali, pengembalian dana ny sengaja di perlambat",1,2023-01-27 15:46:37
BukuWarung,"Mantap buku warung, terbaik saat ini.",5,2023-01-27 15:26:06
BukuWarung,Ok,5,2023-01-27 13:03:19
BukuWarung,"Udh bosen, lagi² verifikasi QRIS lah, verifikasi Toko lah.. perasaan udh 2x saya verifikasi. Aneh, ga percaya sama pelanggan sendiri",1,2023-01-27 11:11:38
BukuWarung,"Pencatatan piutang error tidak terhubung ke transaksi,jadi pembukuan tidak balance",1,2023-01-27 09:24:16
BukuWarung,Catatan utang saya makin simpel,3,2023-01-26 21:24:22
BukuWarung,Good,5,2023-01-26 16:08:05
BukuWarung,Bagus ini,5,2023-01-26 15:12:22
BukuWarung,Nice,5,2023-01-26 01:19:09
BukuWarung,Semakin baik dan mudah untuk digunakan,5,2023-01-25 21:06:45
BukuWarung,"Sudah isi saldo ratusan ribu, tidak bisa dipakai. Mau bayar apa, sudah berkali-kali diulang gak pernah ada kode otp masuk di sms. Padahal nomer hp sudah sesuai, nomer juga aktif, saya tes smsnya juga bisa, pas login bisa karena bisa minta kode otp via wa, giliran mau bayar opsinya hanya sms dan kode tidak pernah saya terima.",1,2023-01-25 21:00:19
BukuWarung,Terrrrr theeee besttttt,5,2023-01-25 20:53:57
BukuWarung,Lemot banget ampunnnnn,1,2023-01-25 20:37:41
BukuWarung,"Kenapa verifikasi qris nya tambah ribet lagi, soalnya pas awal daftar qris dan berhasil dapet kode nya gak kaya gini dah. Saran saya harus dibedakan verifikasi nya antara penjual produk fisik dan digital, soalnya saya toko nya gak tetap dan produknya digital, jadinya bingung buat verifikasi. Terimakasih",3,2023-01-25 20:19:33
BukuWarung,Aplikasi yang cukup bagus dan terus mengalami kemajuan aplikasinya sangat saya rasakan sekali setiap kali bertransaksi membuat branding toko pembayaran saya meningkatkan penjualannya terutama. Dari sisi system pembayaran semakin di percepat transaksi di segi PPOB harga yang lumayan kompetitif sekali dibanding dengan aplikasi sejenis lainnya banyak fitur yg familiar dn mudah di operasikan. Tim marketing yang humble terus mendengarkan keluhan kritik & saran untuk peningkatan keberlangsungan,5,2023-01-25 18:28:21
BukuWarung,Mudah d gunakan,4,2023-01-25 17:49:42
BukuWarung,Mantap,5,2023-01-25 15:06:57
BukuWarung,"Kapan loncingnya ,, sampai skrng blm juga ter update",3,2023-01-25 13:02:01
BukuWarung,"Awalnya aplikasi ini sangat membantu sekali, sampe2 saya dikirim qris ke toko dan fitur aplikasi yg udh ajib bangetsaya pakai sangat membantu sekali usaha. Tp entah kenapa belakangan ini aplikasi jadi downgrade sepihak tanpa pemberitahuan, jd fitur2nya semakin terbatas, dan lagi saya harus daftar lagi buat qris, padahal qris sudah ada di toko saya. Saya harus verifikasi lagi buat qris, verifikasi toko dsb, yg padahal jauh2 hari saya udh lakukan itu. Entah ada apa ini dengan buku warung??????",1,2023-01-25 12:12:34
BukuWarung,saldo saya belum masuk dari semalam ...padahal sudah saya tf dari rekening.ini gimna ? kalo ngak msuk..tolong kembalikan ke rekening saya..secepatnya,5,2023-01-25 11:51:23
BukuWarung,"Sangat Membantu dan menjadikan usaha kita Sukses, Terimakadih Banyak Buku Warung.",5,2023-01-25 09:26:33
BukuWarung,Mengapa kudu sering di instal? Ya kali seminggu sekali di instal terbaru? Habis memori gue,1,2023-01-25 08:46:06
BukuWarung,Ga bisa upgrade,1,2023-01-25 07:13:06
BukuWarung,Membantu usaha jual telur,5,2023-01-25 05:49:10
BukuWarung,Best...,5,2023-01-24 19:09:52
BukuWarung,Aplikasi umkm ini bagus,5,2023-01-24 19:08:33
BukuWarung,Aplikasi gag jelas,1,2023-01-24 17:49:43
BukuWarung,Makin mantab kalau sudah akun prioritas,5,2023-01-24 17:23:55
BukuWarung,"terima kasih, aplikasi simpel, cukup membantu, transaksi pembayaran via qris prosesnya transfer kerekeningnya agar dipercepat, teruslah berinovasi.",5,2023-01-24 17:14:54
BukuWarung,Udah cukup baik namun untuk kedepannya untuk pen top up an isi ulang saldo lebih di perluas lagi agar bisa top up via counter'' (alfamart indomar dll) dan untuk kedepannya untuk pembayaran QR agar bisa secepatnya masuk ke rekening soalnya di saat sedang mendesak butuh uang apa iyah harus nunggu ampe jam 8malam dulu,4,2023-01-24 15:34:44
BukuWarung,Terbaik,5,2023-01-24 14:54:01
BukuWarung,"Semua sudah bagus. Hanya saat invoice, jika pelanggan sudah memberi DP tidak bisa tertulis sisa pembayaran. Terpaksa di tulis di catatan. Tolong perbaiki ini",5,2023-01-24 06:48:14
BukuWarung,Bye2 👋👋👋 waktunya uninstal..,1,2023-01-24 02:31:14
BukuWarung,Mantap,5,2023-01-24 00:52:04
BukuWarung,"Printer struk panjang nya sampe 20cm, 3 hari bisa kelar 1 gulung 😣😣😣",2,2023-01-23 15:23:48
BukuWarung,Tingkat kan lagi semoga lebih murah kaya dulu...he,5,2023-01-23 09:25:37
BukuWarung,sangat tidak bisa di andalkan,1,2023-01-23 06:26:20
BukuWarung,Aplikasi jelek. Pembayaran hanya pakai BNI gabisa di isi pula. Pembayaran qris sampe skrg blm msuk ke rekening gua. Penipuan ini namanya,1,2023-01-22 13:56:25
BukuWarung,gas jelas,3,2023-01-22 03:32:56
BukuWarung,"Kenapa sekarang tidak bisa sinkronisasi? Saya menggunakan 2 perangkat, handphone dan tabletpc. Yg tablet sempat saya instal ulang, tapi malah jadi kosong semua stok yg sudah ditulis dari awal. Dulu bisa sinkron tapi sekarang setelah update malah tidak bisa.",3,2023-01-21 17:16:41
BukuWarung,ga biya buka link tagihan muncul koneksi internet trputus,2,2023-01-20 21:36:34
BukuWarung,Mengecewakan .. harus ada tim seles untuk verifikasi... Cuman aplikasi ini super ribet auto Hps....😂 Unffolow Instagram juga.. ente kadang kadang,1,2023-01-20 10:58:43
BukuWarung,"Top up saldo bisa sekali mau transaksi tidak bisa lucu sekali anda, cepat balikan saldo saya",1,2023-01-19 19:32:57
BukuWarung,Makin kesini makin gak jelas,1,2023-01-19 13:51:33
BukuWarung,Aplikasinya mudah digunakan,5,2023-01-19 09:00:58
BukuWarung,"Buruk, dana ketahan hampir 1 juta, udah 3 mingguan gada pencairan, kecs katanya ada indikasi kecurangan, lohsaya aja ngga melakukan kecurangan kok ditahan hadehh",1,2023-01-19 04:26:05
BukuWarung,Ok,5,2023-01-18 16:48:09
BukuWarung,woi kembaliin saldo saya udah satu bulan saldo belum masuk ke rekening yg lain jgn pernah pakai aplikasi nih aplikasi maling ini,1,2023-01-18 07:48:17
BukuWarung,Ini gimana sih kemaren minta di updet ulang setelah sy updet ulang gk bs2 loding trus kirain hp nya sy eh pas sy cb updet aplikasi lain bs cm buku warung aj yg gk bs muter trus ah makin ksini makin gk jelas aplikasi nya,1,2023-01-18 05:47:32
BukuWarung,"Aplikasi buruk,sudah daftar tidak bisa digunakan..un instal aja males.. Nyari kode seles aja berhari hari ga dapet percuma,ga bs digunakan... selamat tinggal saja.",1,2023-01-18 00:33:53
BukuWarung,Okelah,5,2023-01-17 23:05:13
BukuWarung,Mantap pokonya in sha alloh lancar trus,5,2023-01-17 11:22:56
BukuWarung,"Dibuka di 3 perangkat berbeda, datanya tidak sama, catatan hutangnya tidak sama, di HP a 1.000.000, di HP b sudah lunas. Aneh kan",2,2023-01-17 04:27:19
BukuWarung,oke,5,2023-01-17 01:37:32
BukuWarung,Bukuwarung ngaco.. gara2 stuck di logo doang app nya.. hapus cache bru bisa dbuka.. stelah dtutup gk bisa dbuka lgi stuck dlogo bukuwarung lgi.. setelah uninstal install ulang bru bisa login tapi hitungan ngaco semua catatan bnyak yg hilang.. yg sudah ditandai lunas jd belom lunas semua.. catatan 2 taon lebih jd gk karuan.. kapok pakek bukuwarung gk jelas,1,2023-01-17 01:26:19
BukuWarung,Kok susah di buka apk nyaaa?,1,2023-01-16 18:31:23
BukuWarung,"Ni mau foto data diri gak bisa, an error occured.",1,2023-01-16 18:17:46
BukuWarung,"Kenapa aplikasi sekarang kurang mendukung,,karena ngk bisa menyiapkan dokumen lewat PDF.... tolong ditindak secpt nya.",1,2023-01-16 17:30:23
BukuWarung,Deskripsi,5,2023-01-16 13:32:49
BukuWarung,good,5,2023-01-16 13:12:43
BukuWarung,"Aplikasi ini di download di dua HP, tapi kenapa datanya berbeda HP 1 dan 1nya lagi. Padahal pkai nomor yg sama",1,2023-01-16 08:21:44
BukuWarung,Buku warung emng mantap,5,2023-01-16 05:31:28
BukuWarung,"Sering gangguan transaksi online, trus belum ada sistem scanner barcode juga",2,2023-01-15 21:45:07
BukuWarung,Baik sekali,5,2023-01-15 19:37:47
BukuWarung,kembalikan metode pembayaran seperti dulu,1,2023-01-15 15:19:31
BukuWarung,good,5,2023-01-15 01:42:44
BukuWarung,Kok malah gabisa dibuka Kacau bngt Stok malah nambah sendiri,1,2023-01-14 22:34:39
BukuWarung,"Kebanyakan update, padahal fitur utamanya hanya pencatatan data secara berkala. Pantas aja banyak yang komplen aplikasi berat, ya ini. Kebanyakan update!!!!.",1,2023-01-14 19:29:02
BukuWarung,Ok,5,2023-01-14 18:36:59
BukuWarung,AKU NALAK MP3K MATAİ.,5,2023-01-14 17:12:00
BukuWarung,Sangat membantu,5,2023-01-14 16:30:20
BukuWarung,Sgt membantu,4,2023-01-14 09:26:31
BukuWarung,Josht tenan👍👍👍ho ohhh tenan😘😘😘,5,2023-01-14 07:42:33
BukuWarung,Bego gak bisa hapus atau edit nama kategori,2,2023-01-13 22:31:07
BukuWarung,Smoga saya bisa sukses🙏,5,2023-01-13 19:54:21
BukuWarung,"Buku Warung sangat bermanfaat bagi pelaku usaha kecil : dalam mencatat setiap transaksi, dan dapat mengetahui perkembangan usaha untung dan rugi setiap saat",4,2023-01-13 18:54:07
BukuWarung,Sangat kecewa pakai aplikasi bw. Padahal dlu mudah pakainya gak pakai verifikasi toko. Dan klo pun harus verifikasi toko harus nya di permudah bukan sebaliknya,1,2023-01-13 13:05:40
BukuWarung,",eded CC CC d",2,2023-01-13 12:02:24
BukuWarung,Good,5,2023-01-13 05:20:51
BukuWarung,Aplikasi mudah dalam penggunaan dan harga jual produk kompetitif.,5,2023-01-13 05:04:23
BukuWarung,Beberapa produk sering gangguan.,3,2023-01-12 23:32:35
BukuWarung,"min mau kasih saran, tolong di aplikasi ada catatan saldo terahir karna ga semua pengusaha barang, tapi ada yang pengusaha.jasa",5,2023-01-12 22:37:09
BukuWarung,Dulu mantab...... sekarng gak bisa download dokumen pdf transaksi catat hutang pelanggan..,3,2023-01-12 21:49:21
BukuWarung,Banyak duit orang yang juta jutaan Nyangkut gk ada tanggung jawab nya Bangat nih buku warung,1,2023-01-12 20:56:24
BukuWarung,Kak gimana mau verifikasi akun dan toko. Minta kode sales terus. Sedangkan saya pake bw buat hitung penjualan sebagai sales kanvas gak.punya toko fisik. Setock barang di rumah semua.,3,2023-01-12 14:01:02
BukuWarung,good,5,2023-01-12 12:04:33
BukuWarung,Mantap sangat berguna,5,2023-01-12 10:04:40
BukuWarung,"sangat mengecewakan ,gak bisa login,bikin eror HP",1,2023-01-12 08:13:49
BukuWarung,Rempong kalau dibanding bukukas mah ini istilahnya gari-gari. Bisa input beberapa usaha tapi bingung mau hapus atau ubahnya kan menyebalkan. Mau daftar qris katanya hanya bisa 1 usaha. LAH GIMANA DONG NIH. Sangat menyusahkan. Jadi saya harus buat akun baru sedangkan akun saya ini sdh verifikasi data. Pengajuan Qris juga rempong kali dan hanya pengguna terpilih salesnya. Pakai kode promo segala. Astafirullah. Mending gak usah aja ada qris.,1,2023-01-12 05:18:49
BukuWarung,Sngat membantu,5,2023-01-11 19:01:55
BukuWarung,"Benerin dulu stok paket datanya min, kebanyakan gangguan.",2,2023-01-11 15:39:56
BukuWarung,Terdapat keterangan does not belong to user setiap kali mau cek tagihan,1,2023-01-11 08:27:23
BukuWarung,"Tolong min,, saya lgi kesulitan mengaktifkan fitur bayar di tolak,,",1,2023-01-10 23:33:19
BukuWarung,"Gk kyk dlu, metode pembayaran lengkap tp skrng cuma 1 aja",3,2023-01-10 21:11:26
BukuWarung,Dari kemaren enak pakai apl in tpi skrg susah,2,2023-01-10 18:30:33
BukuWarung,Minta kode referal dong,5,2023-01-10 12:40:43
BukuWarung,lumayan bagus sihh cuman lama kelamaan kok ngeleg yah,5,2023-01-10 12:28:53
BukuWarung,Ganti aja nama aplikasi nya kalo jualan pulsa juga,1,2023-01-10 08:26:13
BukuWarung,Good job,5,2023-01-10 02:56:12
BukuWarung,Bagus,5,2023-01-09 21:40:34
BukuWarung,Good,5,2023-01-09 18:45:58
BukuWarung,Good,5,2023-01-09 17:58:10
BukuWarung,"Eror trus, suruh tutup aplikasi",2,2023-01-09 10:46:06
BukuWarung,Apakah bukuwarung bisa dipake untuk 2 hp? Gmn settingnya,3,2023-01-09 09:50:32
BukuWarung,Logo toko gak bisa tercetak di struk. Sudah berulang kali ubah setingan tapi tetep aja gak bisa. Wa ke developernya juga gak ada tanggapan,3,2023-01-08 23:20:42
BukuWarung,Mantap,5,2023-01-08 22:40:08
BukuWarung,Good sangat membantu UMKM,5,2023-01-08 15:48:06
BukuWarung,aplikasinya sangat sangat membantu untuk pembukuan,5,2023-01-08 09:11:52
BukuWarung,Jos,5,2023-01-08 02:00:41
BukuWarung,Kasih voucher kek jangan poin terus,3,2023-01-08 01:30:37
BukuWarung,Aplikasinya tidak bisa dibuka knpa ya min??,2,2023-01-08 00:49:11
BukuWarung,Sudah kah berniat baik,5,2023-01-07 23:49:27
BukuWarung,Aplikasinya jelek. Jgn mau. Untung baru coba bentar,1,2023-01-07 16:23:26
BukuWarung,Sangat membantu pencatatan penjualan dan pengeluaran,5,2023-01-07 11:39:13
BukuWarung,"Cs Slow respon,di chat2 tdk di balas",1,2023-01-07 08:39:17
BukuWarung,Payah !,1,2023-01-07 05:58:39
BukuWarung,Anj.. Gausa dowload ini apk.. Ribet banget.. Mau pake aja banyak verifikasi nya.. Verifikasi warung lah apa lah.. Kebnykan cingcong,1,2023-01-07 04:35:44
BukuWarung,Coba dulu,2,2023-01-07 01:44:34
BukuWarung,"Maling duit orang, dana 1,8jt tidak dicairkan, toko jadi bangkrut gara gara aplikasi ini. Jangan pernah coba aplikasi ini, nanti menyesal!!!",1,2023-01-06 17:51:50
BukuWarung,"Sanagat kecewa,dana belum kunjung masuk ke rekening,selama 2 bulan status dalam proses,sangat berisiko mengunakan aplikasi ini",1,2023-01-06 15:43:02
BukuWarung,"Mw ajukan qris tpi proses ny lama ,, selfi gak bisa2 alsan ukuran foto terlalu besar ,",2,2023-01-06 14:40:43
BukuWarung,Dana dalam proses hampir 3 bulan gk cair.,1,2023-01-06 11:10:41
BukuWarung,"Logo usaha skrg knp ga bisa mincul ya, watermark juga sblmnya bisa dihapus skrg muncul terus",3,2023-01-05 23:29:17
BukuWarung,BUKUWARUNG THE BEST POKOK NYA😘,5,2023-01-05 16:43:06
BukuWarung,Report saya tidak bisa di download dalam bentuk pdf dan exel Mohon solusinya Cs tidak bisa dihubungi,3,2023-01-05 15:26:31
BukuWarung,Tolong tambahkan fitur pengingat barang akan kadaluarsa dong dev 🙏,5,2023-01-05 11:55:14
BukuWarung,Trimakasih buku warung Saya merasa sangat terbantu,5,2023-01-05 11:31:28
BukuWarung,"pencatatan penjualan tidak sesuai dengan stok yg ada.catat penjualan stok malah nambah, tidak berkurang.",3,2023-01-05 06:53:31
BukuWarung,Alhamdulillah sangat membantu...cuma kelemahanya klo update Apk kadang jadi error,4,2023-01-05 01:10:20
BukuWarung,"Buku Warung ada apa ini, sangat mengecewakan,gak bisa login, keluar otomatis, loading lama dan blank, mqnq data hutang warung saya disitu semua. Tolong donk perbaiki sistemnya, kapan mau di perbaikinya admin.???",1,2023-01-04 20:05:59
BukuWarung,"Di upgrade malah hilang semua data transaksi, padahal semua biaya di catat disini, no recomended",1,2023-01-04 19:07:12
BukuWarung,"Ok, bagus 👍👍👍👍👍👍👍👍👍👍👍👍💯🆗",5,2023-01-04 13:59:00
BukuWarung,"Aplikasi bangke, setiap transaksi pembayaran di potong 0.7% Saya sarankan untuk yg blm pakai aplikasi ini mending gak usah pakai, bukan dapat untung malah rugi",1,2023-01-04 09:35:43
BukuWarung,"Tolong dong untuk isi saldo bank jgn hanya Bank BNI saja. Menggunakan bank BRI, atau DAna dll. Untuk selebihnya sih suka banget. Hanya kesusahan untuk pengisian saldo",5,2023-01-04 09:16:40
BukuWarung,Kecewa.. nie.. pakai buku warung masak isi pulsa 100k. Status berhasil tapi pulsa gak masuk.. hub cs lama gk gak gerak cepat,3,2023-01-03 22:01:08
BukuWarung,"Update terbaru versi 3.49.0 sudah lebih baik karna sudah bisa unduh laporan, hanya saja catatan² yang sebelumnya pada hilang belum di pulihkan, perlu di perbaiki segera ya min. Trima kasih",4,2023-01-03 20:31:20
BukuWarung,"Kemarin kasih bintang 1 krn ada kendala dan bikin jengkel, tp ulasan saya langsung direspon pihak aplikasi dan langsung memandu saya dan alhamdulillah skarang aplikasi BW sy normal kembali..... tingkatkan terus kwalitas BW. Semoga makin maju",5,2023-01-03 18:56:26
BukuWarung,"Potongan Biaya admin Qris kurang gede min, saya yg usaha situ yg panen raya.",2,2023-01-03 17:53:39
BukuWarung,"Saya skrg ntral aza. 2022 saya pakai sngat memuaskan. Tp sejak gak bsa ajukan verifikasi toko krena kode sales gak punya. Akhirnya dipending topup saldo, qris juga jd terancam gak dipakai gini mh. Fitur stok jd nambah pdhal harusnya berkurang. Mungkin developernya bsa cek ricek kembali.",3,2023-01-03 16:10:23
BukuWarung,Ini gimana kok harus verifikasi toko buat tagih & bayar Saya gak ada kode sales Ribet banget mau pake aja.,1,2023-01-03 16:03:42
BukuWarung,"opsi jumlah stok barang belum ada ya? sementara bintang 3 dulu.. Stok barang sudah ok , transferr antar bank jg Top bintang 5, bos Aplikasinya belum normal, bintang3.. Aplikasi normal kembali, tf banyak pilihan bank nya. Petugas rajin ke lapangan.. Bintang 5 lgi, bos 🙏",5,2023-01-03 12:25:24
BukuWarung,Mohon di perbaiki saya tidak bisa mengunduh laporan keuangan,3,2023-01-03 11:38:59
BukuWarung,Kenapa sekarang susah mau download laporan ya,5,2023-01-03 05:48:11
BukuWarung,Kalkulasi nya gak cocok di manual brapa kali hasilnya beda uwaaasemmm,1,2023-01-02 23:16:19
BukuWarung,Ok,5,2023-01-02 23:12:30
BukuWarung,"Usaha Saya terhenti karena penerimaan pembayaran Qris, sudah berhari hari belum juga masuk rekening, sudah berkali kali hubungi Cs pihak buku warung terkesan lambat dan mengulur waktu..",1,2023-01-02 21:54:06
BukuWarung,Mantab,5,2023-01-02 20:24:28
BukuWarung,"Aplikasi ini sangat membantu usaha saya, pencatatan lebih detail dan lebih mudah",5,2023-01-02 20:09:59
BukuWarung,"Makasih sudah di bantu,sekarang sudah bisa unduh laporan",5,2023-01-02 17:04:47
BukuWarung,PEMBAYARANKU MAU BRP LAMA LAGI KLEN TAHAN??????,1,2023-01-02 16:09:48
BukuWarung,Pembukuan simpel utk mengetahui keuntungan jualan,4,2023-01-02 14:41:25
BukuWarung,Kalau mau punya qris harus dipilih sales dan dapat kode khusus. Gak lah ya. Males gw pakai bukuwarung. Harga semua juga MAHAL. Masih ada apk lain. Hubungkan akun dengan e wallet aja susah betul. Mana tuh sms otp kode apalah. Sampe lebaran monyet juga gak ada dikirim. Apanya itu aman dan cepat pakai brick segala. Gak guna. Bikin kecewa aja. Satu hal lagi. Terlanjur tambahkan lagi usaha sampai 2 gara2 gak bisa aku hapus itu yg lama. Pokoknya ribet bet.,1,2023-01-02 10:10:46
BukuWarung,Halo kak .. kok skg ga bs d download yaa laporan pembukuan nya ? Format excel sm pdf sama2 ga bs d dwonload,2,2023-01-02 09:41:32
BukuWarung,Versi terbaru jdi susah log in....data item barang banyak ngga muncul,3,2023-01-02 01:13:39
BukuWarung,tidak bisa download laporan,5,2023-01-01 22:26:39
BukuWarung,Knp gk bsa d buka aduh gmn ini,1,2023-01-01 22:26:18
BukuWarung,"Bismillah moga barokah, pencatatan qu jual pulsa jadi sipp",5,2023-01-01 18:21:05
BukuWarung,Tidak bisa kirim laporan lagi boss sekarang. 😭,3,2023-01-01 15:08:54
BukuWarung,"Uang saya tertahan RP. 650.000 dari tanggal 19 Juli 2022 via QRIS BW, sampe sekarang udah awal tahun 2023 masih belum masuk rekening saya.",1,2023-01-01 14:30:59
BukuWarung,"ribet mau verif toko pake kode sales segala, kalo niatnya mau bantu umkm jangan kasih prosedur yang ribet.. kalo ribet gini lebih baik daftar qris bank aja sekalian",1,2023-01-01 11:14:29
BukuWarung,Aplikasi maling. Uang di tahan. Hati hati banyak korbannya. Udah complain jwabannya sama aja,1,2023-01-01 02:30:22
BukuWarung,"Aplikasi apa ini, katanya untuk pencatatan keuangan tapi pada saat akan di cetak pdf selalu eror. Sudah menghubungi admin via wa juga tidak ada respon",1,2023-01-01 00:40:46
BukuWarung,Cs tidak ada respon,1,2022-12-31 19:27:11
BukuWarung,"Sudah 1 jam pembelian pulsa,tp belum jelas statusnya. Cs susah dihubungi",1,2022-12-31 17:22:00
BukuWarung,"Update terbaru makin aneh, digunakan pada 2 device data tidak sinkron. Jadi saya susah untuk mencatat utang pelanggan karena beda""",1,2022-12-31 17:04:12
BukuWarung,"kembalikan lagi metode pembayar via (Dana,OVO,Dll) Katanya lengkap Metode Pembayarannya tapi ga ada",1,2022-12-31 11:35:52
BukuWarung,Kok unduh laporan jadi tidak bisa? Sudah dua hari ini saya coba tapi gak bisa-bisa?,2,2022-12-31 06:38:25
BukuWarung,Agar ditambah kerjasama dengan Bank lain (tidak hanya BNI) agar mempermudah Isi Saldo. Beberapa Minggu ini cetak laporan selalu gagal.,4,2022-12-31 02:33:45
BukuWarung,Parah pencairan status gagal dan uang gak masuk ke ke rekening...,1,2022-12-31 02:02:52
BukuWarung,Sangat bagus kita ngak ribet nulis ngak perlu mengingat cukup buka aplikasi buku warung,5,2022-12-30 23:25:25
BukuWarung,Min tolong jangan sering2 ubgrade kalo nggak ada fitur atau pembaruhan yg penting penting amat karna sangat mengganggu transaksi dan kelancaran aplikasi,4,2022-12-30 21:30:51
BukuWarung,pengingat sms otomatis nya ko hilang.. padahal sangat bermanfaat dan membantu sekale,4,2022-12-30 18:17:57
BukuWarung,"aneh ni apk nya skrng, kok ngk bisa dowload laporan.",1,2022-12-30 17:09:22
BukuWarung,"Asli update kali ini jelek sekali, mau download laporan keuangan tidak bisa. Saya sudah dirugikan",1,2022-12-30 09:41:48
BukuWarung,"Sangat tidak berguna, ribet banget pake kode sales segala",1,2022-12-30 09:38:26
BukuWarung,"Mengapa punya saya hanya bisa melakukan pembayaran transaksi hanya pakai saldo buku warung tdk seperti apk yg lain , jaman skrng udh banyak fitur / bs melakukan pembayaran dgn beberapa cara tdk hanya dgn saldo warung , 1 kendala lg setiap melakukan pembayaran transaksi selalu d minta kode otp yg d kirim melalui SMS , kenapa tidak memakai pin 6 angka saja seperti apk yg lain terlalu banyak kendala menurut saya , tolong donk segera di perbaiki , saya TDK nyaman dgn aturan seperti ini ,",1,2022-12-30 04:41:59
BukuWarung,Saat tambah produk coba menunya di tambah kode produk.... Biar mudah juga saat mencari barangnya.. Mohon di perbaiki di bagian menu ubah / tambah produk....saat edit varang yang di beli konsumen..yang harusnya stok produk berkurang mslah jadi tambah,4,2022-12-29 23:21:45
BukuWarung,Buku Warung ngerampok uang dg alasan Qris hrs melalui verifikasi toko tgl 8 februari 2023...hati2 menggunakan aplikasi ini syarat verifikasinya macem2 alasannya dan hrs didatangi orang mereka...ko aplikasi lain g seribet itu utk menggunakan Qris nya?!!!...bukti saya simpan screenshootnya.,1,2022-12-29 21:51:25
BukuWarung,Mantap,5,2022-12-29 20:36:04
BukuWarung,"Fitur PDF jadi tidak bisa diakses, tolong diperbaiki",1,2022-12-29 18:58:27
BukuWarung,Keren,5,2022-12-29 11:03:00
BukuWarung,"ini kenapa uang saya sudah 3minggu belum cair juga, hubungu cs jawabannya bertele tele gaada kepastian",1,2022-12-28 23:47:52
BukuWarung,"Awalnya bagus, tapi sekarang saat mencatat transaksi penjualan, stok barang bukannya berkurang tapi otomatis ada penambahan lagi. Jadi stok ga berubah. Akhirnya pembukuan stok kacau banyak ga sinkron dg stok real yg ada.",3,2022-12-28 22:55:40
BukuWarung,Kenapa laporan keuangan nya saat ini tidak bisa di download,3,2022-12-28 13:01:18
BukuWarung,Semoga selalu bs membantu pencatatan warung kamim terima kasih,5,2022-12-27 19:18:26
BukuWarung,Min mohon menu tagih segera diaktifkan untuk akun prioritas,3,2022-12-27 16:22:51
BukuWarung,Sory delete dlu ribet gak bisa tranfer harus verif dlu harus pke kode sales dlu.. Repot,1,2022-12-27 12:11:18
BukuWarung,Makin lama makin bobrok apk nya GK makin bagus malah makin parah PDF nya GK bisa padahal itu yang penting kalo GK di perbaiki aku yakin akan di tinggal apk ini,1,2022-12-27 11:42:46
BukuWarung,Gimana ini transaksi qris tdk masuk k rekening.. d chat gak ad yg merespon. 3jt juga bukan gampang kalo carinya. Mohon konfirmasinya,1,2022-12-26 23:59:22
BukuWarung,Kenapa gk bs download data. Sy mau kirim data saya tdk bs,1,2022-12-26 19:59:04
BukuWarung,Bug mulu lah aplikasinya,1,2022-12-26 18:26:12
BukuWarung,"Tolong saya mau buka apk nya lama banget, pelanggan kan jadi nunggu. Terus juga apk kalau belum di update transaksi jadi dalam proses terus Saya sudah beberapa kali mengalami status pembayaran dalam proses terus, mohon untuk dipercepat, Sampek pelanggan saya balik lagi, katanya belum masuk😭,",4,2022-12-26 13:24:13
BukuWarung,knp tidak bisa download laporan,1,2022-12-26 12:16:14
BukuWarung,Aplikasinya bagus gak ribet saya suka 👍👍👍,5,2022-12-26 09:30:55
BukuWarung,Transaksi gak bisa cair udah 4 hari nominal 1 jta dan penanganan nya gk jelas gk ada kejelasan di suruh nunggu gak kelar kelar sangat di sayangkan,1,2022-12-26 08:30:18
BukuWarung,Tidak bisa download Report. Tolong segera perbaiki,5,2022-12-26 06:46:07
BukuWarung,Setelah di update sangat payaah... Lambat.. laporan gak bisa dibuat.,3,2022-12-25 22:26:05
BukuWarung,"APLIKASI SAMPAH ,SCAN KE QRIS NYANGKUT MULU GAUSAH DI INSTAL",1,2022-12-25 20:49:19
BukuWarung,Sudah 5hari transaksi tapi tidak masuk2 ke rekening.,1,2022-12-25 16:33:18
BukuWarung,Nyesel pakai ini udah scan dan bayar sukses tapi tidak di transfer ke rekening,1,2022-12-25 16:27:44
BukuWarung,Tidak bisa pakai link aja. Aplikasi tak seru,1,2022-12-25 06:50:10
BukuWarung,"Admin telat komen di WA, data suka hilang kalo pindah hp, dan hari ini saya tidak bisa menampilkan laporan...",1,2022-12-24 18:42:27
BukuWarung,Kenapa setelah di perbaharui tidak bisa unduh laporan.. jadi susah kalau ada pelanggan minta rekapan utang.. minta tolong solusinya 🙏,3,2022-12-24 17:11:09
BukuWarung,Gaguna,1,2022-12-24 10:27:17
BukuWarung,"Setelah update data jadi hilang bgst,",1,2022-12-24 09:56:51
BukuWarung,"tiba tiba akun saya logout dengan sendirinya karena masalah belum di upgrade nya aplikasi ini,ketika coba login sama sekali sudah tidak bisa data semua hilang",2,2022-12-24 01:59:07
BukuWarung,Membantu,5,2022-12-24 01:28:38
BukuWarung,Setelah diperbaruiii aplikasinya tidak jelasss. Lelet. buat laporan keuangan jjuga tidak bisaa lagiii.... Mohon diperbaikii,1,2022-12-23 20:28:03
BukuWarung,Sangat membantu dlm account proyek,5,2022-12-23 19:45:23
BukuWarung,Habis di update malah parah 😤 gak bisa unduh file PDF 🙈 Auto uninstall.,1,2022-12-23 18:46:55
BukuWarung,Setelah updat jadi lambat dan saya gak bisa unduh lagi rekap,2,2022-12-23 18:34:37
BukuWarung,Kenapa g bisa download laporan biasanya bisa,3,2022-12-23 15:58:05
BukuWarung,Hati2 deh buat yg jualan pake aplikasi ini uang saya aja ketahan 2jtan gak cair udah 10 harian dan ternyata liat di IG nya bukan saya doang yg ngalamin kendala seperti ini banyak yg kena juga uang nya pada di tahan,1,2022-12-23 14:15:17
BukuWarung,Tolong harga jualnya jangan di wajibkan.. harga grosir dan eceran kan bedaaa.. mending harga kulakan baru di wajibkan,2,2022-12-23 13:01:10
BukuWarung,Bagaimana Cara mengganti Nomor telepon.. Nomor saya Sudah tidak aktif lagi.. dan Saldo saya Masih Ada Di buku warung Tidak bisa Di gunakan Karena harus Dapat Kode OTP lewat SMS sedangkan Nomor telpon saya Sudah Tidak Aktif lagi..,3,2022-12-23 11:18:05
BukuWarung,Tolong kepada pihak buku warung setelah di update tidak bisa buat laporan k pdf....maleset nich,1,2022-12-23 10:00:34
BukuWarung,"Kepemilikan QRIS udah update data 2x. Dan ini diminta update data lagi sampai batas Januari 2023. Aku pertama pakai karena ada fitur gratis kirim uang (bayar) , sekarang sudah berbayar apalagi yg lucu sesama Bank kena biaya, padahal jika dari dalam aplikasi bank sendiri gratis. Mau QRIS saya dimatikan silahkan, sudah cape harus update terus lagian tidak akan saya gunakan lagi karena saya hanya butuh di biaya transfer yang GRATIS",1,2022-12-23 09:46:48
BukuWarung,"habis di-update kok laporan ga bisa di download? tolong perbaiki lagi, karena laporan itu penting",3,2022-12-23 09:44:48
BukuWarung,Sudah di update gak bisa buat laporan,1,2022-12-22 20:35:06
BukuWarung,Klo mau kasih diskon dimenu apa ya,5,2022-12-22 20:34:38
BukuWarung,Kenapa habis update jadi ga bisa laporan keuangan,3,2022-12-22 18:46:38
BukuWarung,"Saya hubungi admin melalui WA, dan email belum dapat respon juga, sisa saldo saya di buku warung ini hilang, mohon bantuannya ya kak, kendala ini saya alami ketika setelah update kmarin, dan sampai sekarang saya tidak bisa menggunakan aplikasinya?? Mohon respon dan bantuannya semuanya?? Saya rubah rating ketika saya sudah mendapat respon dari pihak buku warung ????",1,2022-12-22 17:48:52
BukuWarung,"Aplikasi yg cocok buat usaha & catat"" utang piutang. Masukkannya untuk cetak struk tolong di kembangkan lg ,terutama struk transfer 🙏🏻🙏🏻",5,2022-12-22 13:11:09
BukuWarung,Agak kecewa setelah update untuk laporan utang tidak bisa dibuka lagi,3,2022-12-22 09:29:19
BukuWarung,Pembukuan keuangan jadi lebih teratur.. thank Buku Warung,5,2022-12-21 22:18:25
BukuWarung,PELAYANAN CUSTOMER SERVICE LELET. APLIKASI LEMOT. DATA GAK BISA GANTI. DAN LAIN-LAIN LAH YA.,1,2022-12-21 20:52:28
BukuWarung,Mantap,5,2022-12-21 20:49:08
BukuWarung,Kenapa sekarang pembukaan nya tidak bisa di download ya?,3,2022-12-21 19:32:30
BukuWarung,Update saja terusss terus ga jelas apa update nya,1,2022-12-21 19:05:48
BukuWarung,Tolong dibalikin saja kayak versi sebelum ini... Pada Laporan tidak Bisa di buka WPS,2,2022-12-21 10:26:45
BukuWarung,Di update malah buat kecewa,2,2022-12-21 09:27:24
BukuWarung,Setelah di update malah datane ilang semua 😭😭😭,1,2022-12-21 09:00:54
BukuWarung,"Versi baru bukan makin bagus malah makin buruk. Kategori enak² bisa bikin sendiri sekarang nggak bisa lagi bikin kategori sendiri. Nahh pagi ini minta di update udah diupdate tapi balik lagi minta update lagi, beitu teruss.. Apk gk jelass",1,2022-12-21 08:15:38
BukuWarung,aplikasinya sangat membantu tapi masih ada beberapa fitur yang sulit diakses seperti pengisian kuota dan buku poin yang sekarang tidak pernah didapatkan padahal sering sebelumnya sering,3,2022-12-21 07:55:13
BukuWarung,Seteleh diupdate data saya hilang semua!,1,2022-12-21 07:11:15
BukuWarung,Aplikasinya sudah lumyan bagus cuma perlu di lengkapi katalog produknya biar lebih gampang kaya di aplikasi sebelah mitra bukalapak,4,2022-12-20 23:10:19
BukuWarung,Memuaskan,5,2022-12-20 19:50:51
BukuWarung,Keren,5,2022-12-20 19:23:51
BukuWarung,"Verfikasi usaha sulit banget, padahal verifikasi akun (data diri) sudah ok... Jadnya tidak bisa digunakan untuk transaksi... Aplikasinya jadi tidak berguna...",1,2022-12-20 16:37:09
BukuWarung,"Suguh sangat membangkan saya sangat nyesel sekali pake apl ini tiba tiba tida harus abdet , dan sudah apdet data data saya langsung hilang . Anyjing sekali😡😡😡😡😡😡😡",1,2022-12-20 13:35:52
BukuWarung,"Sejak update gak rekomendasi buat usaha,akan buat kerugian data² penjualan tidak lengkap👎🏿",1,2022-12-20 12:41:02
BukuWarung,Mantaap,5,2022-12-20 11:31:03
BukuWarung,"Setelah di update, malah jadi gabisa download laporan keuangan. tolong perbaiki lah... ini aplikasi makin kesini makin ga jelas update nya.",1,2022-12-20 10:28:55
BukuWarung,"Lebih bagus versi lama menurut saya,, setelah beberapa kali update semakin berat dan lambat terkhusus untuk download Laporan transaksi,, cuman loading terus... Kecewa",3,2022-12-20 08:26:39
BukuWarung,Setelah di update hilang semua catatan data...,1,2022-12-19 21:03:06
BukuWarung,"Setelah di update tidak bisa membuat laporan keuangan,selalu error",1,2022-12-19 19:18:50
BukuWarung,Cukup membantu,4,2022-12-19 16:17:09
BukuWarung,Apaan sich ni aplikasi anj... Di-update malah gk bisa dibuka kon....,1,2022-12-19 14:12:19
BukuWarung,Habis update kok jdi gk bisa di buka sih. Tolong dong gimana ini,2,2022-12-19 13:01:58
BukuWarung,"Mau verifikasi QRIS aja ribet nya gak ada lawan, harus masukin kade dari sales... SAYA DAFTAR MANDIRI TAK ADA SALES NYA,,, WIIHHH RIBET APK GAK BERGUNA LAGI, JNGAN PIKIR HANYA APK BUKU WARUNG YG BISA PKE QRIS DITEMPAT LAIN PUN SUDAH BNYAK SEKARANG MAH",1,2022-12-19 10:42:56
BukuWarung,Kenapa tidak bisa download laporan ini parah,1,2022-12-19 09:55:55
BukuWarung,"Makin ke sini,.sering gangguan. Pembayaran PDAM gangguan terus.",1,2022-12-19 08:29:45
BukuWarung,"Kenapa sesudah updet bikin laporan utang pelanggan rincian nya sekarang susah ga ke buka tolong di perbaiki kawan, saya penegen aman catat perkasbonan pelanggan di buku warung, tolong!!!!🙏🙏🙏🙏🙏🙏🙏",3,2022-12-19 07:58:50
BukuWarung,Setelah update jadi tidak bisa bagikan laporan mohon di perbaiki,2,2022-12-19 02:07:40
BukuWarung,Habis update malh gak bisa donlod file pdf,2,2022-12-18 21:06:32
BukuWarung,Kenapa laporan utang sekarang tidak bisa di akses Selalu terbaca menyiapkan dokumen Begitu terus,5,2022-12-18 20:15:11
BukuWarung,"Aku edit ulasan nya mau tanya min kenapa buku warung kalo sudah banyak catatan transaksi apk nya kalo di buka jadi ngelag,padahal ram hp lumayan banyak ruang kosong",5,2022-12-18 20:05:03
BukuWarung,Trimakasih...dengan aplikasi ini saya bisa mencatat transaksi dimanapun dan kapanpun,5,2022-12-18 20:04:16
BukuWarung,"Bagaimana cara balik ke sebelum di update sebab jauh lebih baik, sekarang mah parah catatan hutang kacau",2,2022-12-18 15:52:05
BukuWarung,Sama aja Masih gak bisa Download laporan utang,1,2022-12-18 14:34:07
BukuWarung,Teman bisnisku,5,2022-12-18 12:56:00
BukuWarung,Menjengkelkan karena minta di-update terus padahal saya cuma mau catat pembukuan sederhana,1,2022-12-18 10:36:14
BukuWarung,Untuk sekarang Setiap unduh laporan loading terus..,1,2022-12-18 06:44:36
BukuWarung,setelah diupdate jadi lemottt tolong ditingkatkan lagi admin untuk aplikasinyaaa ...sya sudah cocok loh tp setelah update jd lemot..g bsa masuk aplikasiii gimna siii... g bisa log in juga pake nomor lama ayo dong min perbaikii sistemnyaaa,1,2022-12-18 00:52:52
BukuWarung,habis di update malah ndak bisa di buka,1,2022-12-17 23:58:20
BukuWarung,"Bagus, membantu",4,2022-12-17 23:44:13
BukuWarung,Bagus Bermanfaat,5,2022-12-17 21:49:36
BukuWarung,Pas di update tidak bisa download catatan ke dokumen,1,2022-12-17 21:07:49
BukuWarung,Wes aman,5,2022-12-17 18:21:04
BukuWarung,"update maksa, pas selesai update bikin hp jadi lag/error",1,2022-12-17 18:11:21
BukuWarung,Bagus,5,2022-12-17 17:22:49
BukuWarung,"Dipaksa update, dan harus masuk ulang, tapi gak ada solusi ketika lupa akun, terpaksa aku uninstall",1,2022-12-17 13:44:10
BukuWarung,Suka eror tidak bisa unggah laporan,1,2022-12-17 12:26:58
BukuWarung,Buka buku warung minta di update setelah di update buka laporan untuk nagih pelanggan lemot nya ampun² .. muter² lama banget... ujung²nya ga bisa ke download.. pake WiFi yg koneksinya bagus juga kaga ngaruh.. tetep muter² ga jelas.... udh hub CS nya disuruh jalanin langkah² begini begitu... Tapi tetep aja ga bisa download laporan .. Mending versi sebelumnya deh.. tagih pembayaran juga cepat dan lengkap Krn ada laporan detailnya... Tolong lah diperbaiki lagi...,1,2022-12-17 12:06:43
BukuWarung,Kenapa setelah update logo tidak bisa hilang,1,2022-12-17 10:35:07
BukuWarung,"Aplikasi ini bagus banget,cocok buat kita yang jualan pulsa dan lainnya 👍🏻 Edit(17-12-2022): sekarang sering banget di suruh update",4,2022-12-17 10:20:01
BukuWarung,Mantap,5,2022-12-17 09:16:02
BukuWarung,Mantap..,5,2022-12-17 07:51:55
BukuWarung,Aku mau tes dulu kalau sesuai ekspektasi. Sya akan kasih bingtang 5,1,2022-12-17 04:27:44
BukuWarung,Bagus!,5,2022-12-17 00:16:30
BukuWarung,Keren,5,2022-12-16 23:55:19
BukuWarung,Buku warung mantap,5,2022-12-16 21:16:08
BukuWarung,Tolong dong CS nya jgn cuek ini saya ada masalah bukan ngajak PDKT,1,2022-12-16 21:03:17
BukuWarung,Setelah pembaharuan malah erorrr,1,2022-12-16 19:59:08
BukuWarung,Gimana cara pulihkan klo Buku Warung kita ke Bug?,1,2022-12-16 19:35:23
BukuWarung,aplikasi ini sangat membantu saat kita sedang susah. yang mna akan membuat kita semakin susah. saldo penarikan dari Qris Di Tahan Sampai 90Hari. sungguh membuat hati gembira. yuk segera unistall apk ini dan beri penilaian terbaikmu.,1,2022-12-16 19:19:02
BukuWarung,"buku warung aplikasi maling , saldo qris saya ditahan sudah lebih 2 minggu ga masuk rekening",1,2022-12-16 18:42:22
BukuWarung,"Aplikasi ini sangan membantu buat ku, karna ini aku tidak bawa buku dan pulpen kemana mana",4,2022-12-16 14:58:09
BukuWarung,Kenapa buat unduh laporan keuangan nya ga bisa yah?,4,2022-12-16 13:09:45
BukuWarung,Kenapa saya tidak bis amengunduh laporan ? Setelah update,3,2022-12-16 13:08:28
BukuWarung,Hallo ini kenapa ya susah report trus udah seminggu,3,2022-12-16 12:20:02
BukuWarung,setelah update format print jd berantakan,1,2022-12-16 11:10:23
BukuWarung,Goood,5,2022-12-16 10:39:09
BukuWarung,Makin untung pakai Buku Warung,5,2022-12-16 01:48:11
BukuWarung,Aplikasi terbaik.,2,2022-12-15 22:40:43
BukuWarung,Ok,2,2022-12-15 22:06:57
BukuWarung,Bagaimana Ni Saya Tidak Dpat Kode Team Seles Bagaimana Bisnisnya Bisa Lanjut,1,2022-12-15 21:49:17
BukuWarung,Kenapa sekarang tidak otomatis mengirim pesan lewat SMS kepada pelanggan jika sudah jatuh tempo waktu hutang kk??? Sebelum sebelum nya bisa,3,2022-12-15 21:30:10
BukuWarung,Saya ndk bisa download laporan pdf nya lagi setelah mengupdate.,3,2022-12-15 21:14:08
BukuWarung,Sudah lumayan baik,5,2022-12-15 21:07:42
BukuWarung,Belum ada rencana pakai uji coba awal tahun insyaallah,4,2022-12-15 21:07:02
BukuWarung,Sangat membantu sekali.terimakasih,5,2022-12-15 20:59:03
BukuWarung,Membantu sx dlm hitung penjualang..utang piutang,5,2022-12-15 20:28:11
BukuWarung,Min... perbaiki dong...saya mau buka laporan kok NDA bisa,2,2022-12-15 20:05:52
BukuWarung,Fokus di catatan bisa gak jngan nambah fitur² lain,1,2022-12-15 18:25:00
BukuWarung,Mantap,5,2022-12-15 18:06:58
BukuWarung,Oke,5,2022-12-15 17:28:52
BukuWarung,Mau unduh laporan susah banget,2,2022-12-15 17:19:34
BukuWarung,Oke,5,2022-12-15 15:06:47
BukuWarung,Knp catatan hutang pelanggan sy hilang semua setelah ganti perangkat. Sy sangat kecewa. Bintang ⭐ buat apk buku warung. Kecewa sangat saya .,1,2022-12-15 12:40:12
BukuWarung,Harus menghubungi kemana saya karna aplikasi tidak bertanggung jawab,4,2022-12-15 07:19:59
BukuWarung,Mantap,4,2022-12-15 02:19:57
BukuWarung,Joz,5,2022-12-15 01:30:41
BukuWarung,"Setelah Update mencatat makin lambat, dan banyak fitur yg agak rumit, tdk semudah pas awal awal pake aplikasi ini 👎",1,2022-12-14 21:15:22
BukuWarung,"Struknya kenapa berubah sih, jadi ada logonya. Padahal enakan kemarin² gak ada logo. Tatanannya juga enak dipandang",4,2022-12-14 21:04:19
BukuWarung,Cocok untuk bisnis kecil saya. Terpantau sekali untung dan pengeluaran..,5,2022-12-14 20:22:04
BukuWarung,Fitur yang sekarang masih cukup baik dan nyaman namun saran untuk kedepannya untuk fitur top up emoneyy untuk bisa di sediakan bebas ketik saldo karena terkadang pembeli juga tidak membeli sesuai apa yang di sediakan aplikasi. Kalau memang semua admin ny dari yang kecil nominalnya sampai nominal besar sama kenapa gk di kasih fitur bebas ketik top up tanpa di sediakan oleh aplikasinya...dan kalau bisa untuk isi saldo juga jangan hanya pake virtual bank tp cobalah agaf bisa isi saldo ke alfamart,5,2022-12-14 19:50:31
BukuWarung,Sangat baik dan sangat membantu🙏,5,2022-12-14 19:28:54
BukuWarung,terbaik,5,2022-12-14 19:12:42
BukuWarung,"Setelah diupdate tidak bisa mengunduh laporan keuangan... Saya jadi tidak bisa membuat laporan kruangan harian... Biasanya lancar aja, kok sekarang jadi gak bisa.",2,2022-12-14 19:09:29
BukuWarung,"Sangat membantu utk bertransaksi yg sifatnya tempo,,,mantap",4,2022-12-14 16:15:16
BukuWarung,Deposit cuma bisa bank BNI selain itu tidak bisa,1,2022-12-14 14:44:55
BukuWarung,3x transaksi yg gak masuk ke rekening saya sejak tanggal 5 des kemarin. Komplain ke cs katanya 2x24jam sampai sekarang gak ada dana yg masuk. pelanggan membayar tertera berhasil dan langsung kepotong saldonya.kenapa dananya gak masuk di rekening saya?,1,2022-12-14 13:00:30
BukuWarung,Mantap,5,2022-12-14 11:17:10
BukuWarung,Mantap..mga harga nya lebih murah lagi,5,2022-12-14 09:22:28
BukuWarung,Gk bisa bikin laporan PDF sama excel lagi,3,2022-12-14 09:11:23
BukuWarung,Mantap suka bangwt dg buku warung semua tercatat gak lupa,5,2022-12-14 09:00:28
BukuWarung,Sangat membantu dalam pekerjaan,5,2022-12-14 01:43:48
BukuWarung,"Ini kenapa ya untuk pengunduhan laporan harian tidak bisa, tolong untuk bantuan nya",3,2022-12-13 22:53:19
BukuWarung,Bagus,4,2022-12-13 22:25:15
BukuWarung,Sangat membantu Dalam usaha,5,2022-12-13 19:46:46
BukuWarung,Sangat membantu 🙏,5,2022-12-13 19:37:52
BukuWarung,Ok bgt memudahkan catat hutang pelanggan👍,5,2022-12-13 19:35:48
BukuWarung,"Parah dana ditahan sudah 30 hari lebih tdk cair. HATI HATI yang mau pake aplikasi ini, PARAH",1,2022-12-13 16:18:46
BukuWarung,Nyesel gue perbaharui. Kalo pakek yg lama cepet di perin sekarang kok gak bisa di perin seteruknya.kenapa ya sekarang ada yg bisa di cetak dan ada yg gak bisa,1,2022-12-13 14:42:51
BukuWarung,Sangat membantu dalam penjualan toko kami,5,2022-12-13 13:59:06
BukuWarung,"Awalnya sudah bagus ada perbaikan untuk bisa dibikin nyaman, sekarang sudah mulai kembali meresahkan sudah tidak nyaman lagi² fitur qris akan di nonaktifkan,. Ini adalah salah satu hal yang saya benci menonaktifkan akun personal",1,2022-12-13 09:57:36
BukuWarung,Di update malah tidak berfungsi.. Tidak bisa unduh dan kirim laporan harian yg di catat di pembukuan..Parah..turunkan ke bintang 1,1,2022-12-13 06:32:39
BukuWarung,"Saya, sudah lama pakai buku warung. Transaksi pun sudah banyak.. Eh skrg harus verifikasi QR nya lagi dan harus memakai kode sales... Dimana kode sales nya??",1,2022-12-13 04:02:13
BukuWarung,di update malah lemot dan gabisa unduh laporan gimana ini min ngatasinnya,2,2022-12-12 21:37:50
BukuWarung,Buku warung sangat membantu usaha mikro,5,2022-12-12 20:57:08
BukuWarung,mantap,4,2022-12-12 20:36:31
BukuWarung,Mantap gan,5,2022-12-12 19:38:58
BukuWarung,Bagus sih mudah dipahami cuma sayang gak bisa eksport data ke excel,4,2022-12-12 18:59:55
BukuWarung,"Lebih dari 6 jam pulsa belum masuk juga. Diketerangan masih dalam proses, masa iya selama itu proses pembelian pulsanya. Sudah meminta bantuan melalui whatsapp tidak ada respon. Padahal sebelumnya lancar.",2,2022-12-12 18:08:44
BukuWarung,Sangat cocok untuk saya,5,2022-12-12 17:11:03
BukuWarung,Asyik buat ctatan hutang orang,5,2022-12-12 16:14:15
BukuWarung,BAGUS.....!!!! Cocok untuk pembukuan dagang saya,5,2022-12-12 14:41:05
BukuWarung,"Mantap...saya puas, sangat membantu kami usaha kecil. Tks Buku Warung",5,2022-12-12 13:22:42
BukuWarung,"Jujur saya kecewa banget sama buku warung uang saya belum masuk2 rekening udah berhari2 padahal itu uang untuk usaha saya bukan mempermudah malah mempersulit apa lagi sampai menahan uang konsumen berhari2 ,saya pakai aplikasi ini bayar tidak gratis jadi di tingkat kan lagi pelayanan nya",1,2022-12-12 13:03:56
BukuWarung,"Bagus, sangat membantu",5,2022-12-12 12:49:33
BukuWarung,Kenapa aku bikin laporan sekarang susah. Selalu ada tulisan report service is not available,3,2022-12-12 12:15:04
BukuWarung,buku warung sistem terpercaya membawa sumber penghasilan 👍😊,5,2022-12-12 11:33:18
BukuWarung,"Membantu bgt, urusan keuangan saya",5,2022-12-12 10:43:51
BukuWarung,Oke,5,2022-12-12 09:20:22
BukuWarung,"Gk jls nya, bnyk ribet minta update gk bs jga d gunakan dgn maksimal fitur yg ad dibuku warung",1,2022-12-12 00:32:43
BukuWarung,Eror terus terus,4,2022-12-11 21:50:56
BukuWarung,"Hasil cetak struk cukup rapi, tapi terlalu boros kertas, mohon di perbaiki. Permohonan kami belum di respon?",4,2022-12-11 16:25:24
BukuWarung,Kenapa saya ngak bisa ngisi saldo,1,2022-12-10 18:52:12
BukuWarung,Sangat membantu pekerjaan saya,5,2022-12-10 10:35:51
BukuWarung,Setelah di update bukannya lebih bagus lebih cepat kenapa malah jadi lama buat transaksii. Perbaiki segera dong . Kalo kayak gini hilang pelangganku.,1,2022-12-10 08:46:25
BukuWarung,Saya kasih 3 bintang dulu ya karena saya baru pertama kali pake buku warung dan di tambahkan rekening kok enggak ada bank BSI ya padahal saya cuma punya bank BSI tolong diperbaiki ya,3,2022-12-10 02:47:55
BukuWarung,"meresahkan sekali menurut saya aturan transaksi tidak bisa tengah malam hingga pagi hari.. padahal pelanggan saya banyak yang tengah malam mau isi saldo😔. kecwa aku.. ini juga CS nya ngga mau balas di WhatsApp 🤦. kesal aku, mempermalukan saya depan pelanggan saya kalo gini ceritanya 😡😡",1,2022-12-10 01:07:26
BukuWarung,"Ketika pindah perangkat / login ulang, data yang di restore dari server sering tidak lengkap, banyak yang hilang bahkan nominal keuntungan tidak sesuai dengan data terakhir. Padahal data terbaru sudah di sinkronisasi. Mohon hal ini diperbaiki, karena sangat penting dan ini adalah alasan saya untuk memakai pencatatan di aplikasi ini. Hanya itu saja, selebihnya sudah lumayan bagus. Sementara bintang 3 dulu ya. Terima Kasih",3,2022-12-09 12:17:32
BukuWarung,"Untuk isi Saldo,hya bs lewat BNI,tolong ditambahkan rek Bank lainnya ya Gan.",2,2022-12-09 09:42:21
BukuWarung,Sangat bagus,5,2022-12-09 01:34:03
BukuWarung,"Baru tau saldo poin bukuwarung bisa expired. Mana ada banyak, saya gatau lagi. Huaaaaa mau marah",1,2022-12-08 21:03:47
BukuWarung,"Aplikasi yang bagus untuk usaha jual pulsa dll,tapi saya nggak punya tim sales kalo mau upgrade ke level akun prioritas gimana cara dapat kode dari tim salesnya.",5,2022-12-08 15:13:33
BukuWarung,Good,5,2022-12-08 11:55:07
BukuWarung,Ok,5,2022-12-08 11:17:21
BukuWarung,Pembaruan yg terbaru bad bgt knp ya? awal awal appnya enak.. skrg malah sering ga bisa cetak nota. Sering tutup aplikasi sndri paa cetak nota.,2,2022-12-07 09:37:03
BukuWarung,Trimakasih buku warung Bermanfa at banget bagi saya,4,2022-12-07 00:16:12
BukuWarung,Aplikasinya sangat bagus untuk umkm,5,2022-12-06 21:26:39
BukuWarung,"Suruh verifikasi ulang & suruh masukan kode sales itu apa & dari mana dapat kode'nya. Chat ke Cs seharian belum di balas. Udah nmr Wa buku warung banyak amat , slalu beda beda nomor wa. Kurang profesional",1,2022-12-06 11:06:53
BukuWarung,Aplikasi bikin rugi toko proses lama seharian bikin kecewa pelanggan.,1,2022-12-06 09:43:57
BukuWarung,"Untuk pencatatan sangat lah bagus,tapi kalo untuk produk untuk saya sebagai penjual pulsa dan jasa transper menurut saya produk nya kurang lengkap,update lagi lah tambah froduk nya sw komplit mungkin supaya saya ga pake aplikasi lain lagi untuk jualan pulsa",4,2022-12-06 08:45:44
BukuWarung,"Setelah update,,, gak bisa kirim pulsa tanpa saldo Isi saldo juga harus pake BNI, emang gak ad bank lain gitu. Padahal dulu nyaman banget pake buku warung ini",1,2022-12-05 20:31:46
BukuWarung,Makin kesini applikasi nya kok jadi lemot yah,2,2022-12-05 14:41:09
BukuWarung,"Sayang banget , sekarang ga bisa langsung cair dan ada minimal transaksi 10rb",1,2022-12-05 08:50:53
BukuWarung,"Banyak yang gangguan untuk penjualan pulsa nya dan paket data nya Terus catat utang nya bisa diganti nama nya gak,soal nya terlalu kasar bahasa nya Cetak struk dan bagi kan bisa di hilangin gak soal nya kalau saya bagi kan di wa, tulisan nya masih nempel cetak struk dan bagikan",4,2022-12-04 23:10:33
BukuWarung,Good,5,2022-12-04 12:15:27
BukuWarung,"Makin kesini makin ngga paham awal udah verifikasi,, skrng di suruh verifikasi lagi.. mana disuruh masukin kode sales.. kontak sales nya juga ngga punya gimana mau verifikasi nya hmmm....",3,2022-12-04 06:29:16
BukuWarung,Gmn kk ini untuk proses verifikasi nyaaaa saya butuh uang yang mau d cairkan,4,2022-12-03 20:28:13
BukuWarung,Membantu dalam mengingat pemasukan & pengeluaran uang.,5,2022-12-03 18:40:12
BukuWarung,Saya sangat puas tapi sayang semakin di updet trsfer uang biaya y makin mahal,2,2022-12-03 15:33:41
BukuWarung,"Kenapa yaa,,, saya transaksi qris dari bank mas ke buku warung masih proses....",1,2022-12-03 13:21:55
BukuWarung,"Seharusnya enak bgt pake fitur ini , tapi semenjak tdk terhubung dg ovo saya jadi susah transaksinya. Krna harus punya ATM BNI 🙃",5,2022-12-03 08:09:41
BukuWarung,"Tampilan kembali seperti awal,, transaksi khususnya bagian penagihan tidak terkoneksi dg utang pelanggan..",2,2022-12-02 12:09:19
BukuWarung,Tolong di respon aplikasi buku warung.. pembayaran ke saya belum masuk sudah 2 hari.. cs di wa gak ada respon,1,2022-12-02 10:24:26
BukuWarung,Bintang 3 dulu...nanti klo aplikasi x bagus. Saya beri bintang 5...,3,2022-12-01 22:42:26
BukuWarung,Ok,5,2022-12-01 21:03:31
BukuWarung,Fitur di voucher game di tambahin game top eleven,5,2022-12-01 16:16:08
BukuWarung,"mau daftar aja harus pakai kode sales. udah foto ktp, tokok, nomor rekening, verifikasi gagal. hati² guys, ini aplikasi cuma ngumpulin data aja.",1,2022-11-30 23:19:44
BukuWarung,"Ribet banget bikin qrs harus pake kode tim sales, mana ga dijelasin lagi kodenya dari mana",1,2022-11-30 17:56:40
BukuWarung,Aplikasi yang sangat membantu dalam usaha saya,5,2022-11-30 14:42:25
BukuWarung,"Aku isi saldo prosesnya sangat lama, sampai sekarang saldonya belum juga masuk",3,2022-11-30 10:38:37
BukuWarung,Sangat membantu buat jualan👍🏻👍🏻👍🏻,5,2022-11-30 09:45:03
BukuWarung,"Aplikasi sangat sangat buruk. Jika ada dibawahnya bintang satu GUE KASIII BINTANG MINUS.. Padahal saya sangat berharap aplikasi ini dapat membantu, namun sangat mengecewakan. beli token listrik tapi NOMOR TOKEN NGGAK MUNCUL, SALDO KETARIK. luar biasa.. udah 3x pelanggan menunggu lama d toko boss... Niat berbisnis nggak sih bos ?",1,2022-11-30 08:20:12
BukuWarung,Makin kesini makin ribet pemakaian nya...tombol simpan harusnya 1. Bukan 2 kali klik....pop up promosi nya ganguuuu...,1,2022-11-30 01:34:21
BukuWarung,Berguna,5,2022-11-29 19:11:22
BukuWarung,Semakin semngat ... terimakasih buku warung,5,2022-11-29 18:55:06
BukuWarung,cara dapatkan kode referal sales gmn?,5,2022-11-29 15:47:42
BukuWarung,Tolong uang hasil penjualan saya belum masuk rekening udah 3 mingguan,1,2022-11-29 14:08:56
BukuWarung,"Parah bgt gaes jangan di download , apk ini mengakses semua akun yg berhubungan dengan uang yg ada di hp kalian , saya udh coba menambah metode pembayaran via gojek setelah berhasil menambah saya mendapatkan sms OTP dri gojek berkali"" dan akun saya keluar otomatis , untung gk nambahin metode pembayaran via mbangking karna curiga di suruh masukan pin atm juga Parah bgt ni aplikasi Nyesel nglengkapin data diri di apk ini",1,2022-11-29 04:50:42
BukuWarung,puas sangat puas,5,2022-11-29 01:25:26
BukuWarung,"Fitur bayar dan tagih gak bisa di gunakan, GK tau kenapa",4,2022-11-28 22:52:30
BukuWarung,Kok akun saya malah disuruh verifikasi ulang. Malah diminta kode sales segala. Sedangkan SDH ada member yang transfer ke qris saya. Terus nasib uang saya Cemana bos. sudah wa namun tidak direspon bos tolonglah uang member ini bos,1,2022-11-28 20:57:49
BukuWarung,Tingkatkan !,2,2022-11-28 18:37:10
BukuWarung,"mau ngubah no telp ga bisa jadi aku hubungi csnya tetep ga di hubungi sayanya, saya sampe lapor 2×, trus juga mau verifikasi toko, tapi ga dapet kode tim sales, maksudnya gimana si ga ngerti saya.",1,2022-11-28 15:56:42
BukuWarung,"saya menggunakan aplikasi ini sdh 1 thn lebih, saya mengajukan pinjaman sudah hampir 3 bulan belum juga ada konfirmasi.",1,2022-11-27 20:36:50
BukuWarung,Aplikasi yg gunakan robot buat balas permasalahan pengguna adalah sebuah kesalahan! Mau update data qris harus punya kode dr tim sales dan cuma toko pilihan. Minta solusi cuman dikasi template bot. Ga sopan! IT doang oke public relation 0! Sangat kecewa. Per taun depan gak gunain ini lagi.,1,2022-11-27 14:36:30
BukuWarung,Setelah d update apk sering keluar sendiri. Bukan ny lebih bagus malah tambah buruk 🖕,1,2022-11-27 10:55:54
BukuWarung,Ok,5,2022-11-27 09:34:55
BukuWarung,"Tadinya saya pakai bagus2 aja, sekarang abis update disuruh verifikasi. Tapi verifikasinya hanya yg terpilih dan dari sales nya. Siap2 ganti aplikasi dah",2,2022-11-27 08:29:25
BukuWarung,"Halo kak. Saya suka aplikasi buku warung ini. Hanya saja untuk QRIS yang perlu verifikasi toko lagi dan perlu kode Sales, tolong diperjelas dong. Sudah cinta nih dengan sistem QRIS buku warung. Menghubungi CS juga lambat sekali responnya.",3,2022-11-27 06:22:22
BukuWarung,"mau verifikasi harus dapat kode dari sales buku warung.. salesnya aja belum pernah lihat, gmn bisa dapat kode nya kalau gt...",2,2022-11-27 00:20:13
BukuWarung,ditunggu update yang lebih baru lagi,5,2022-11-26 22:03:19
BukuWarung,"Buku warung,pas buat usaha jualan pulsa.",5,2022-11-26 21:13:22
BukuWarung,Jangannn download hati-hati anda bertanya ke cust service malah diblokir sepihak,1,2022-11-26 17:28:27
BukuWarung,"Sekarang makin aneh masa rekening penerima harus sesuai ktp dan bank bca tidak tersedia, belum lagi verifikasi toko yang ribet, semakin lama semakin menyusahkan untuk usaha",1,2022-11-25 20:16:19
BukuWarung,Gajelas. Ganti kode qr tanpa pemberitahuan. Pas ketika ngirim uang ke qr lama ga masuk ke rekning. Katanya suruh tunggu 30 hari untuk pemrosesan. Skrng udah lebih 30 hari. Gada msuk uangnya 200k banyak bagi gw. Gajelas jgn mau pake apk ini,1,2022-11-25 20:07:31
BukuWarung,"CS Lamban Banget Buang"" Waktu",1,2022-11-25 12:10:54
BukuWarung,Mantaf.saya suka,5,2022-11-25 10:07:26
BukuWarung,Semua jdi anti ribet,5,2022-11-25 08:44:38
BukuWarung,Ok,5,2022-11-25 05:21:51
BukuWarung,"Saldo lama masuk nya, butuh perbaikan",3,2022-11-24 20:08:56
BukuWarung,Makin lama makin main verifikasi baru kemaren verifikasi ktp sekarang muncul lagi verifikasi toko... Makin ribet verifikasinya... Enakan yang awal malah gak ada ppn gak pake ribet verif mulu.... Tolong diperbarui lagi....,1,2022-11-24 16:41:00
BukuWarung,Mau beli kuota nge bug trus ini aplikasi bikin bangkrut aja,1,2022-11-24 11:42:55
BukuWarung,Mantap membawa berkah buat khalayak,5,2022-11-24 07:44:33
BukuWarung,"Nggak konsisten banget tampilannya. Dulu udah terbiasa ama tampilannya malah diganti, skrng diulangi lagi. Dikira keren apa gonta ganti tampilan",1,2022-11-24 07:05:58
BukuWarung,Ok,5,2022-11-23 23:53:27
BukuWarung,"Sangat bermanfaat bagi kami yang usaha kecil .. Jadi lebih simpel dan mudah dalam mencatat transaksi , atau melakukan pembayaran",5,2022-11-23 23:19:09
BukuWarung,Aplikasi nya gimana sih Barang laku di kurang selang 5menit kok ditambah lagi Nggak jelas!!!,2,2022-11-23 22:41:58
BukuWarung,Kesini cuma mau ngasih bintang 1..,1,2022-11-23 18:30:40
BukuWarung,Enak digunakannya,5,2022-11-23 16:56:22
BukuWarung,POIN tidak bertambah setiap kali transaksi. Admin juga susah untuk dihubungi.,1,2022-11-23 16:45:15
BukuWarung,terimakasih karena telah mengembalikan interface yg lama.,5,2022-11-23 12:49:12
BukuWarung,Tampilan nya udah kaya dulu lagi jadi pas mau catat transaksi gak ngelag lagi. Top,5,2022-11-23 07:48:56
BukuWarung,Per hari ini 22/11/2022 buku warung kembali ke pengaturan sebelum di perbarui pada sekitar tgl 3/11/2022. Aplikasi kembali normal dan bisa melakukan pencataan dan menambah barang terjual dengan normal. Saya kasih bintang 5 tolong di pertahankan agar mudah bagi kamu pengguna aplikasi gan terimakasih.,5,2022-11-22 21:18:07
BukuWarung,Enak aplikasi nya kelemahan nya adalah tidak bisa pakai bank manapun cuman bisa BNI dan biaya adminyya sangat banyak,3,2022-11-22 19:21:27
BukuWarung,"saya turunkan jadi bintang 1 karna rekening saya terkunci dengan alasan aktifitas tidak wajar, saya pikir ini tidak masuk akal sedangkan saya bertransaksi wajar2 saja. tolong kepada bukuwarung kalau tidak ingin di youtube saya ada ulasan buruk kepada bukuwarung.. perbaiki sistemnya",1,2022-11-22 14:09:52
BukuWarung,Masukan aja sih. 1. Tambahin kas untuk saat itu (tidak termasuk hutang) 2. Saat transaksi/penjualan dihapus (batal beli) stok tidak kembali jadi kita harus kembalikan stok secara manual,3,2022-11-22 08:33:25
BukuWarung,Ok bgt,5,2022-11-21 21:50:29
BukuWarung,No rekening buat nampung qris malah di kunci komplain ga ada yg respon parah,1,2022-11-21 18:02:31
BukuWarung,ok,5,2022-11-21 15:35:56
BukuWarung,Bintang yang bicara,3,2022-11-21 06:33:34
BukuWarung,Mau daftar aja lama bgt,1,2022-11-20 21:53:04
BukuWarung,Aplikasi good dan bermanfaat,5,2022-11-20 21:40:02
BukuWarung,Sekarang buku warung lemot ya... Transksi sken di QR kode toko lama masuk danaya ke rekening. Gila,1,2022-11-20 16:36:27
BukuWarung,Sangat mudah,5,2022-11-20 12:10:07
BukuWarung,Data stok hilang,1,2022-11-19 22:01:06
BukuWarung,Ok,5,2022-11-19 11:39:34
BukuWarung,Bgus,5,2022-11-18 21:19:41
BukuWarung,siipp,5,2022-11-18 21:17:18
BukuWarung,Aplikasi scam,1,2022-11-18 20:26:53
BukuWarung,"Metode pembayaran nya saat mau jualan produk digita., cuman bisa pake saldo bukuwarung, jaman dulu pernah bisa pake ovo dll. Tp skrang nggak bisa. Klo isi saldo metode pembayaran nya cuman lewat transfer BNI aja., Jadi aku rasa app ini klo mau buat jualan produk digital masih kurang bgt., Tp klo cuman buat nyatet utang ya lumayan.,",3,2022-11-18 15:47:15
BukuWarung,"Pd tgl 17 November 2022,jam 8,50 sy transfer ke rek. Bca. Sampai skrg tgl 18 November 2022.status pembayaran msh menunggu. Padahal sdh sy bayar",1,2022-11-18 11:00:23
BukuWarung,"Semakin di update malah semakin mengecewakan transaksi, pencatatan pembelian stock malah tidak terkoneksi dengan jumlah stocknya....",4,2022-11-18 09:01:17
BukuWarung,Ok,5,2022-11-17 21:54:09
BukuWarung,BAD,1,2022-11-17 12:52:19
BukuWarung,👍,3,2022-11-17 12:10:15
BukuWarung,"jangan di pakai.. Setelah instal ulang apk,catatan hutang org lain hilang yang sudah di bikin sebelumnya.",1,2022-11-17 09:31:56
BukuWarung,mempermudah,4,2022-11-17 07:41:24
BukuWarung,"Terima kasih, usaha saya jadi lebih mudah...",5,2022-11-16 20:50:57
BukuWarung,"saya suka bukuwarung, terasa nyaman banget karena transaksi saya kebanyakan dari e-wallet dan mbanking",5,2022-11-16 14:57:52
BukuWarung,"Sejak awal warung di buka saya pakai Aplikasi BukuWarung yang sangat membantu dalam melakukan kegiatan sehari- hari yang mana Pemasukan & Pengeluaran warung bisa di kontrol dan mengetahui juga stok barang yang ada dan mengetahui stok mana yang harus di beli lagi,intinya dengan Aplikasi BukuWarung sangat membantu bagi saya untuk kemajuan Warung yang baru di mulai,semoga kedepannya lebih maju dan berkembang seiring waktu yang terus berjalan.",5,2022-11-16 11:59:50
BukuWarung,"The best App untuk para PEMBISNIS, terimkasih banyak DEVELOVER, KAMI sangat terbantu",5,2022-11-16 11:49:38
BukuWarung,"Kenapa sekarang tidak konek ke internet tidak bisa simpan data, sedangkan saya sering gak ada internet karena jaringan di desa sering mati. Jadi gak bisa pakai aplikasi ini lagi",3,2022-11-16 07:49:03
BukuWarung,Versi lama lebih ringan. Sekarang jadi berat buka banrang juga,4,2022-11-15 17:16:33
BukuWarung,Setelah baca Ulasan yang lain. Aku gak jadi update deh. Makasih infonya Gan,2,2022-11-14 14:39:59
BukuWarung,Sangat membantu,5,2022-11-14 12:44:20
BukuWarung,Setelah di-update tmbh lambat.. Dan cs. Ketika di chat smpe skrng gak ad jawaban...,2,2022-11-14 07:15:28
BukuWarung,Sangat bagus karen jualan murah produk,5,2022-11-13 23:27:55
BukuWarung,Bagus,4,2022-11-13 21:37:26
BukuWarung,"Aplikasi payah, uang saya 500rbu udah 3 hari belum masuk rekening, balikin uang saya,",1,2022-11-13 18:35:36
BukuWarung,Sangat berguna buat memulai usaha trims.,5,2022-11-13 11:14:12
BukuWarung,Sangat membantu,5,2022-11-13 08:57:21
BukuWarung,Bagus aplikasi nya. Mari Cuan bersama buku warung,5,2022-11-13 03:00:44
BukuWarung,"Bagi yang nyinyir dengan aplikasi Buku Warung ini ada 2 faktor : 1. Tidak bisa menggunakannya. 2. Para rivalnya dari aplikasi yang serupa. Alhamdulillah saya pribadi sangat suka dengan aplikasi ini dari pada yang lainnya banyak sponsornya blom lagi tidak gratis harus jadi premium untuk bisa pake secara maksimal, klo ini sudah gratis bisa maksimal pemakaiannya, bisa langsung singkron dengan printer bloutot. Terima kasih developer yang sudah ciptakan aplikasi hebat ini. Semoga bermanfaat. 🙏😍♥",5,2022-11-13 02:37:09
BukuWarung,"Transaksi QRIS dari tgl 10 sampe 11 November 2022 belum masuk rekening, di komplain via email tetep aja belum masuk masuk, ada apa dengan bukuwarung yg sekarang? Mana transaksi QRIS itu bukan Rp.1000 Rp.2000, Udah jutaan rupiah, gimana kalo kami sedang butuh? Mana tanggung jawab anda sebagai penyedia aplikasi?",1,2022-11-13 01:18:07
BukuWarung,Semoga menjadi yg terbaik dimasa depan,5,2022-11-12 22:34:05
BukuWarung,mantap,5,2022-11-12 20:50:12
BukuWarung,"Maaf untuk pembukuan, aplikasi anda harus up grade seperti aplikasi qasir....🙏🙏",3,2022-11-12 19:13:36
BukuWarung,bsgus sangat bermanfaat,5,2022-11-12 15:27:18
BukuWarung,Membantu sekali maaf bintang 4 dulu...,4,2022-11-12 13:22:19
BukuWarung,Sangat Membantu Administrasi penjualan,5,2022-11-12 09:03:54
BukuWarung,Di mode kasirnya di kasih fitur barcode scener dong Min biar lebih mudah,3,2022-11-11 22:54:26
BukuWarung,Udah GX sebagus dulu ribet harus isi saldo pke rekening dl mending kerja sama SM gopay atau aplikasi dana pemotongan untuk transaksinya,3,2022-11-11 18:23:40
BukuWarung,Ribet,1,2022-11-11 17:54:32
BukuWarung,So helpful,5,2022-11-11 16:15:35
BukuWarung,Lebih baik buku warung versi lama,1,2022-11-11 16:02:46
BukuWarung,"Ketika HP hilang saya kira datanya ikut ilang, saya downlod dengan nomor yg sama Al hamdulillah masih bisa kembali",5,2022-11-11 10:15:50
BukuWarung,"Makin kesini aplikasi makin parah, bukan tambah simple dan bagus, yg membuat bingung yg namanya verifikasi hampir setiap bulan untuk qris nya,di apl sejenis verifikasi toko 1 kali awal saja, ini verifikasi terus sampai 2X ganti qris masih tetap verifikasi. Verifikasi disetujui next harus verifikasi disetujui lagi verifikasi lagi terus aja begitu sampai kiamat.",1,2022-11-11 08:33:18
BukuWarung,"Tolong tambahi untuk METODE PEMBAYARAN pihak lain, selain dari saldo aplikasi buku warung sendiri..jadi bisa multi pembayaran",4,2022-11-11 08:04:02
BukuWarung,"Selamat tinggal buku warung, di update Tambah parah tidak bisa lihat stok seperti dulu, nanya ke cs muta"" tidak ada jalan keluar",1,2022-11-10 14:38:11
BukuWarung,"Aneh qris nya ngulang awal lagi padahal dulu udah bikin udah dikirim paket dari sana stand sma stiker code qris nya,eh mlh tiba"" dafta ulang jadi beda lagi qrisnya",3,2022-11-10 12:12:12
BukuWarung,Penggunaan qris sangat lelet masuk ke rekeningnya ga bisa di ajak bisnis,1,2022-11-10 11:18:21
BukuWarung,Aplikasi jelek ngitung keuntungan aja eror,1,2022-11-10 08:42:37
BukuWarung,semoga aja tetep lancar akses nya aminn,5,2022-11-10 03:19:54
BukuWarung,"Setelah di update kenapa jadi lambat sekali,yg biasa nya input pemasukan hanya beberapa detik,ini lambat sekali,kadang udah input banyak malah error' kembali lagi. Gmn sih,kerjaan jd lambat,mending sy pakai apk lain saja. Diupdte bukan nya makin baik,malah makin tidak bagus.",1,2022-11-09 20:18:14
BukuWarung,"lumayan, membantu, perlu perbaikan stok dan kasir tidak sinkron, ketika stok kita nol harus nya kita gak bisa cetak nota,",4,2022-11-09 20:06:42
BukuWarung,Bgs sih cm skrg yg iap SLS msk rekening ada potongan trs PKT data krg lgkp,4,2022-11-09 17:54:36
BukuWarung,"Mode kasir nya di upgrade lg spt yg lain dong, hrg bisa d ubah manual untuk kasih disc",3,2022-11-09 12:56:03
BukuWarung,"Kalau bisa update lg, untuk scan barcode agar lebih mudah uy transaksi 🙏",5,2022-11-09 11:05:50
BukuWarung,"Mantap nih aplikasi, terima kasih",5,2022-11-09 00:45:15
BukuWarung,Verifikasi tokonterus berkali kali mudah verifikasi berkali transaksinqris juga sering eh minta upgrade terus ?,1,2022-11-09 00:18:13
BukuWarung,"Setelah melakukan update terbaru, input data penjualan jadi sangat lambat. Lebih nyaman dengan mode yang lama, bisa kerja cepat. Yang sekarang sangat lambat",2,2022-11-09 00:14:42
BukuWarung,banyak memikirkan update ya gini niat ingin bagus malah buruk,1,2022-11-08 23:14:35
BukuWarung,Dana saya blom masukk ke rekkening inii udah ada yang satu minggu trus 3 hari 2 hari. Blom masuk semuaaa. Coba dong udah mah di potong layanan tf lama .kenapa jadi begii buku warung,4,2022-11-08 21:16:51
BukuWarung,"Lebih baik akunnya berdasarkan email, bukan nom HP. Krn Nomor hp terkadang ada hangusnya. Sehingga akun tidak bisa diakses",2,2022-11-08 20:15:20
BukuWarung,Di updete nambah bagus❎ Di update nambah jelek✔️,1,2022-11-08 16:55:52
BukuWarung,Coba top up nya bisa lewat bank lain juga jangan cuma BNI.bisa lewat Alfa atau indo mart juga.supayanlebihbmemudahkan,4,2022-11-08 16:41:38
BukuWarung,"Udh pake 1,5 tahun, enakan versi lama. Versi sekarang ribet, mo nambahin barang yg terjual gk bisa, di input manual lagi jg ngilang. Makin aneh",2,2022-11-08 12:23:03
BukuWarung,"kebanyakan fitur, aplikasi jadi berat.. butuh jaringan extra kenceng biar lancar",1,2022-11-08 10:09:20
BukuWarung,Sangat membantu saya buat catatan👍👍👍,5,2022-11-08 09:22:46
BukuWarung,Sekarang ga free,5,2022-11-07 18:22:25
BukuWarung,"Setelah update malah ga bisa nyatet pembukuan karena setiap buka daftar barang yang dibeli langsung macet / force close, mohon segera diperbaiki bug nya",1,2022-11-07 16:37:27
BukuWarung,Tolong dong untuk penerima bank QRIS nya aktifkan yang Bank BSI Karena yang dipunya rekening Bank BSI,4,2022-11-07 12:36:14
BukuWarung,ok,4,2022-11-07 00:15:15
BukuWarung,Sering macet apknya,1,2022-11-06 22:33:40
BukuWarung,"Update terbaru,satuan kilogram tidak bisa pakai 0 koma lagi,",5,2022-11-06 10:23:18
BukuWarung,Bagaimana ini... Bukuwarung aku update malah gk bisa dibuka sama sekali. Pdhl banyak catatan hutang piutang. Tolong dong solusinya.,3,2022-11-05 19:22:57
BukuWarung,Tidak bisa transaksi paket data. Tolong diperbaiki,2,2022-11-05 18:12:30
BukuWarung,"Saran mending kembalikan ke fersi lama aja biar gak ribet gampang di gunakan dan yang pasti nyaman buat pengguna, soalnya makin di update bukan tambah bagus malah mengurangi performa dan kinerja gitu saja terimakasih.",2,2022-11-05 12:22:31
BukuWarung,Sangat Membantu... Terus dikembangkan ya👍👏,5,2022-11-05 09:52:43
BukuWarung,Verifikasi aja susah foto KTP dibilang buram padahal sdh terisi otomatis Nik dan nama foto Selfi jg ga buram gmn mau pakai aplikasinya kalau gini harusnya kalau nik dan nama SDH terinput otomatis KTP valid..tolong perbaiki aplikasinya,5,2022-11-05 09:36:36
BukuWarung,"Tolong kembalikan ke versi sebelumnya untuk penotalan, agar ketahuan mana yg sudah dicatat atau belum, versi sekarang bikin pengen hapus aplikasi ini",3,2022-11-04 23:34:20
BukuWarung,Semenjak sdh di update jd lemot,1,2022-11-04 20:42:40
BukuWarung,Kenapa setelah upgrade jd susah...untuk mencatat pembukuan jd tdk bisa..barang yg dijual tdk bisa diketik. Tiap dibuka mlh macet. Tidak bisa pakai koma.tdk seperti yg lm. Kl pakai metode kasir hanya bs 1 brng.tdk bisa banyak. Lebih mudah versi yg lama.,2,2022-11-04 19:46:05
BukuWarung,"Saya coba dulu, kalau bagus untuk kedepannya saya tambah sampai lima",3,2022-11-04 19:17:20
BukuWarung,"Kok sekarang gak bisa, masukin transaksi ya ...selalu balik lagi ... Kyk hang gitu. Jadi bingung utk buat pembukuan",3,2022-11-04 11:53:00
BukuWarung,"ini kenapa tiba2 gak bisa pake titik atau koma sih... kan saya laudry gk bisa pas2 ajja . pasti pake koma atau titik kiloannya.. kadang 2,5 kg.. tolong dong di perbaiki",4,2022-11-04 10:51:07
BukuWarung,Update malah jadi Lemot aplikasinya ngetik aja satu huruf satu huruf Make jeda,2,2022-11-04 10:06:55
BukuWarung,Mantap dan berguna pagi saya yg penjual ikan hias,5,2022-11-04 08:50:18
BukuWarung,Koma tidak bisa di gunakan di kilogram,1,2022-11-04 08:27:33
BukuWarung,Makin kesini app ini makin ngaco. Saya pengguna buku warung baru 1tahunan. Awalnya bagus kagak ribet.semenjak sering error/update terus .minta verifikasi ktp lagi padahal. Udah pertamakali daftar. Low respon sekali admnya. Kagak bisa memecahkan masalah. Kita pake buku warung kagak gratislahhh setiap transaksi ada feenya. Goodbye. Mending App sebelah,1,2022-11-04 02:43:30
BukuWarung,"Kurang bagus ,padahal saya sudah isi saldo tapi ga ada yang ke proses padahal sudah dikirimin bukti tf nya tapi ga ada kelanjutan nya",2,2022-11-04 01:35:36
BukuWarung,"Mntap lah...meski awalnya kerepotan, plling tidak saya bisa cash flow usaha saya....tingkatkan terusss",5,2022-11-03 21:42:32
BukuWarung,Pengiriman terus pending,1,2022-11-03 20:39:12
BukuWarung,Terima kasih buku warung terbaek deh,5,2022-11-03 20:35:26
BukuWarung,Kenapa setelah update jadi ga bisa nulis koma di pembukuan?? Itu sangat penting untuk usaha saya. Mohon diperbaiki secepatnya,2,2022-11-03 19:30:41
BukuWarung,Setelah di perbarui kok fitur paket data tdk dapat di gunakan selalu kembali ke menu awal,2,2022-11-03 18:54:10
BukuWarung,Sangat membantu aplikasi sangat ringan.Makasih....🙏🙏🙏,5,2022-11-03 16:25:38
BukuWarung,Keren mudah di gunakan uang nya lah Msk ke rek di hari yg sama 😍,5,2022-11-03 15:39:23
BukuWarung,hbs update ... malah ribet,1,2022-11-03 15:00:27
BukuWarung,"Lebih bagus versi yg lama. Knp tiba"" berubah tampilan. Padahal saya gk pernah upgrade. Versi yg sekarang jadi lebih susah ribet dan lemot. Tolong. Kembalikan versi yg lama apa bisa.... padahal saya suka banget dg aplikasi ini sebelum berubah seperti sekarang",2,2022-11-03 12:40:19
BukuWarung,"Selamat siang, saya bisa rugi kalo bgini, kenapa pelanggan saya mmbayar pakai qrish, catatan pembyarannya tidak masuk di aplikasi,, pdahal di saldo pelanggan sudah terpotong saldonya dan transaksi berhasil,gmana solusinya,, saya bisa rugi klo bgini terus",1,2022-11-03 12:14:15
BukuWarung,"Habis update makin gak jelas, jelimet, ngelak"" gak jelas, bagusan yg dulu",1,2022-11-03 11:26:27
BukuWarung,"Untuk tambah catatannya kenapa ya, habis di update malah jlimet, bagusan yang sebelumnya, tolong gak usah di rubah rubah lagi kak, karena saat ini yang di butuhkan yang praktis dan efisien, kalau jlimet yang ada bikin pusing, mohon maaf sebelumnya, ini hanya saran, untuk buku warung, agar lebih baik lagi kedepannya, terimakasih",3,2022-11-03 08:44:03
BukuWarung,Sangat membantu untuk UMKM,5,2022-11-03 08:42:07
BukuWarung,"Kecewa.... Setelah update, fitur sms otomatis tidak ada.",3,2022-11-03 05:49:47
BukuWarung,"Setelah di update Nginput penjualan tidak bisa lg pake koma.misalkan 2,5 kg gula",1,2022-11-02 22:57:56
BukuWarung,"Semenjak update jadi lemot, gak bisa cepat kayak biasanya. Coba diperbaiki atau dibalikin versi lama aja lah",1,2022-11-02 20:04:49
BukuWarung,Sangat meunynangkan deungan adanya aplikasi ini,5,2022-11-02 18:32:02
BukuWarung,Lumayan mudah tapi kenapa ada biaya admin ya?,5,2022-11-02 13:50:31
BukuWarung,Ok,5,2022-11-01 23:34:42
BukuWarung,"Trmksh buku warung, Vitur lengkap, mudah... memudahkan usaha... mau kasih masukan kak... apa bisa request utk ditambahan vitur kelola stok barang biar tahu nilai harga stok barang (sbg nilai aset) yg masih ya kak... 😊",5,2022-11-01 16:27:31
BukuWarung,Min akun saya di tangguhkan .. gmn biar bisa login lagi min,3,2022-11-01 15:00:17
BukuWarung,Semangat terus memberikan yang terbaik..,5,2022-11-01 12:54:02
BukuWarung,UANG SAYA BELUM MASUK MASUK KATANYA MASUK JAM 8 MALAMM PEMBAYARAN DARI QRIS TERNYATA SUDAH 2 HARI BELUM MASUK!!!,1,2022-10-31 22:09:03
BukuWarung,Semnjak update jadi mengecewakan.biasanyabad kiriman sms untuk cstmr sekrng mkin menurun fasilitas yg d berikan..kembalikan kaya dl.lagi.dan klhtnya unstal aj..,1,2022-10-31 21:10:29
BukuWarung,👍🏻👍🏻👍🏻👍🏻👍🏻,5,2022-10-31 09:31:31
BukuWarung,"Buat catatan pemasukan - pengeluaran harian, biar tidak jomplang",5,2022-10-31 06:34:00
BukuWarung,lanjutkan sampai membuahkan hasil,5,2022-10-31 03:39:53
BukuWarung,Proses transaksi cepat.secepat kilat,5,2022-10-30 14:50:23
BukuWarung,"Udah bagus, tapi tolong tambah fitur kalculator nya,",4,2022-10-30 09:13:43
BukuWarung,sampah,1,2022-10-30 02:28:45
BukuWarung,"Kaya mana mau jualan pulsa kalo isi saldo aja GK bisa,dan metode pembayaran nya GK ada pilihan lain bank atau dompet digital lain nya",1,2022-10-29 23:22:53
BukuWarung,"Perihal qris buku warung mengalami penurunan pelayanan secara drastis, dulu, ketika ada pembayaran uang masuk lgsg ke rekening, skg uang ngendep 2 hari di buku warung lalu dicairkan malam, dulu ga ada biaya skg kena biaya 0.7% ga peduli merchatnya genre sosial. Yg paling aneh pola qr dirubah ditengah jalan tnpa pemberitahuan shingga yang lama tidak bekerja lg.",1,2022-10-29 10:05:09
BukuWarung,Mangtaaap memudahkan catatan gk harus nulis dibuku lagi,5,2022-10-29 08:15:27
BukuWarung,"Buat rekening QRIS ga bisa, gangguan terus... Padahal udah lengkap, coba berulang kali tetep ga bisa",1,2022-10-28 19:47:24
BukuWarung,Mohon dicek lagi untuk harganya...contoh top up 10K modal 34K mau dijual harga 12K malah ruginya banyak banget Trus untuk sms jgn kasih nama kontak dari buku warung dan juga jgn kasih link.. Malah yg lebih diuntungkan pihak buku warungnya 🙄🙄,1,2022-10-28 19:36:07
BukuWarung,"Pembayaran lewat ovo ditiadakan, jadi males pake buku warung, ribet karena harus saldo buku warung sendiri, Setelah nyoba isi saldo 50.000, dan saya gunakan untuk transaksi pulsa 19.975 dan 10.919, ternyata saldo saya tinggal 8.187, jadi ada saldo yg hilang sebesar 19.975 Semoga hanya saya yg jd korban🙏",1,2022-10-28 19:29:31
BukuWarung,Ok,5,2022-10-28 19:10:32
BukuWarung,"Sangat membantu dalam penghitungan modal dan k untungan, Qris juga sangat membantu mempermudah pembayaran",5,2022-10-28 14:51:31
BukuWarung,Sangat membantu,5,2022-10-28 07:51:01
BukuWarung,G bsa unduh laporan eror mulu,2,2022-10-28 05:56:41
BukuWarung,Saya kasih 1 * dulu isi saldo hanya bisa pakai BNI saya gak punya rek BNI,1,2022-10-27 21:29:41
BukuWarung,"tiap scan Qris ada potongan pajak, udah untung kecil malah dipotong lagi, ini mah mepersulit rakyat kecil",1,2022-10-27 17:25:49
BukuWarung,Sangat membantu sekali,5,2022-10-27 17:21:47
BukuWarung,Eror,5,2022-10-27 14:43:15
BukuWarung,parah bukuwarung skrng pembayaran lewat qris sudah 1 bulan lebih ga masuk ke rekening tolong dong di perbaiki lg,1,2022-10-26 21:02:57
BukuWarung,"Sublom lama pakai aplikasi ini makain parah aja ,tiba² tidak bisa di bukak",1,2022-10-26 20:11:05
BukuWarung,Sudah tidak ada SMS otomatis tagih utang kepelanggan,1,2022-10-26 17:23:36
BukuWarung,Semangat berkembang buat aplikasi terbaik menurut aku saat ini. Ditunggu update terbaiknya ya,5,2022-10-26 11:08:41
BukuWarung,Sangat nyaman dan puas dibuat buku warung😁😂👍🏻🙏🏻🤝🏻,5,2022-10-26 09:13:56
BukuWarung,dulu pake buku warung. Menerima QR pembayaran dari costomer sangat simple dan super cepat kurang dari 1menit masuk ke rek pribadi full payment. Misal scan 500.000 ya masuk 500.000 kurang dari 1menit. Skrng SUDAH ADA POTONGAN MASUKNYA AKUMULASI MALAMNYA. SUDAH GA DI PAKAI LAGI TERIMA PEMBAYARAN QR DARI APL INI.,1,2022-10-26 06:43:58
BukuWarung,Hampir 1 bulan menggunakan..smua terlihat sangat bagus.. Tp tolong dong untuk mode kasirnya di tambahkan kolom nama pembeli dan catatan. Karna nama pembeli dan catatan hanya bisa di buat di pembukuan dan itu sdikit rumit dan memakan waktu. Dan trimakasih sdh membuat aplikasi ini dan itu sangat membantu.👌👍,4,2022-10-26 02:02:09
BukuWarung,"Ada beberapa kekurangan. 1. Tidak tampil jumlah barang belanjaan. 2. Nama pelanggan tidak bisa manual dikasi, 3. Space struk terlalu lebar jadi boros kertas, 4. Wm terlalu besar, 5. Kalau masuk menu pembayaran, kemudian kembali, maka barang yg tercatat akan hilang (tdk ada menu edit belanjaan). 6. Tampilan menu tidak bisa dicostume, menu kasir itu mestinya di atas. 7. Catatan tidak bisa dikasi manual. 8. Kalau bayar kurang, mestinya bisa disimpan dan masuk menu bon. Dan langsung tercatat di nota",3,2022-10-25 22:30:39
BukuWarung,"Untuk Pembelian Paket Data Kalau bisa Di kategorikan sesuai Provider nomer tujuan, soalnya Kalau muncul semua,, aplikasinya jadi berat dan Terclose sendiri. Sekian, semoga ini bisa di usahakan.",5,2022-10-25 21:54:19
BukuWarung,"Baru di pakai 2 hari, tadinya kasih bintang 5 soalnya mudah di pakai tapi hari ini KECEWA soalnya tiba-tiba catatan stok sama pembukuan HILANG",1,2022-10-25 15:41:18
BukuWarung,Kenapa tidak mendukung Verifikasi Data Untuk Bank Syariah Indonesia min?,4,2022-10-25 15:38:24
BukuWarung,Sangat di sayangkan pengisian saldo harus punya rekening bank BNI.aplikasi buku warung semakin jelek,2,2022-10-25 13:24:22
BukuWarung,"Cs nya balesnya lama banget, verifikasinya lama banget trus susah pulak. Klo ga bisa handel mending tutup aja aplikasinya ga guna",1,2022-10-25 12:00:10
BukuWarung,"mantap, kurang di fitur jumlah total keseluruhan stok barang saja",5,2022-10-25 09:14:26
BukuWarung,"Skarang fitur QRIS jadi telat masuk,, harus menunggu estimasi 2jam dlu. Baru masuk ke rekening.",2,2022-10-25 07:49:50
BukuWarung,"Tiba tiba akun non aktif sendiri, admin suruh nunggu penyelidikan 10 hari, lama banget, bisa tutup toko kalo gini mah, mending uninstall aja. Hati hati guys, akunnya bisa non aktif sendiri ya, jgn taro saldo banyak2, bisa rugi nanti.",1,2022-10-25 05:59:08
BukuWarung,"Saya merasa sangat terbantu dg apk ini, saya kasih bintang 4 krn masih ada yg perlu dibenahi lagi, kalo boleh usul sh stok barang dalam mode kasir ditampakan dan kalo menekan lebih dari stok ga bisa lanjut ( stop pada stok). Terima kasih sejauh ini saya sangat terbantu",4,2022-10-24 23:53:44
BukuWarung,Yang pasti terbaik jangan ragu pakai aplikasi ini keren,5,2022-10-24 23:32:48
BukuWarung,Lagi nyoba.,5,2022-10-24 19:40:14
BukuWarung,"Ga jelas, udh verifikasi premium akun udh berhasil eh malah suruh verif lagi dan gagal, QRIS udh dpt malah nyusahin user",1,2022-10-24 15:17:20
BukuWarung,mantappp,5,2022-10-24 14:55:44
BukuWarung,"Masih banyak kekurangan 1. Boros kertas struk krn space nama barang terlalu besar 2. Watermark terlalu besar dan bikin boros kertas 3. Ketika transaksi selesai animasi terlalu lama ""berhasil dicatat"" 4. Tambahan catatan di struk tidak bisa manual dan langsung. 5. Tidak bisa ganti sift kasir 6. Jika pelanggan bayar kurang tidak ada fitur bon langsung, artinya transaksi harus lunas. Saya sarankan agar, bisa bayar kurang dan langsung masuk menu bon agar langsung dicatat di nota kurangnya brp. dll",3,2022-10-24 07:25:50
BukuWarung,Bagus sangat berguna,5,2022-10-23 20:28:45
BukuWarung,"Di update Harusnya semakin bagus,tapi ini sebaliknya,..",5,2022-10-23 19:31:30
BukuWarung,Makin lama makin ribet. Mengecewakan 😒,1,2022-10-23 19:10:36
BukuWarung,Aplikasi ini lumayan bagus transaksi keuangan jadi ga ribet,5,2022-10-23 09:14:31
BukuWarung,Membantu,5,2022-10-23 09:05:45
BukuWarung,Agak lemot,4,2022-10-22 16:41:52
BukuWarung,Untuk paket data seharusnya ditambahkan detailnya untuk masa berlakunya berapa hari.maksh,3,2022-10-22 15:37:55
BukuWarung,Dulu ada metode pembayaran ewallet kok sekarang gk ada metode pembayaran lain hanya ada saldo buku warung mohon diperbaiki,1,2022-10-22 09:10:22
BukuWarung,Mau ngajuin MODAL ehh kenap fitu nya lambat jngn gtu dong. Udh cape2 isi data,2,2022-10-21 22:35:39
BukuWarung,Alhamdulillah jadi lebih mudah,5,2022-10-21 22:10:28
BukuWarung,Respon dong wa saya. Kenapa rekening saya tidak bisa,2,2022-10-21 21:01:20
BukuWarung,Kerennnn,5,2022-10-21 14:48:54
BukuWarung,Mantap jiwa,5,2022-10-21 13:59:34
BukuWarung,Aplikasi ini sangat tidak berguna,1,2022-10-20 22:29:30
BukuWarung,Verifikasi ga jelas,1,2022-10-20 10:32:54
BukuWarung,"Bingung mau tanya siapa. G ada yg jawab. Qris skrng admin 0,7 % ya??",5,2022-10-20 02:56:06
BukuWarung,"Sudah verifikasi tidak bisa isi saldo, bayar, dan tagih. Sealu muncul pop up verifikasi akun. Ketika dipencet tombol jadi abu². Aplikasi LAWAK",1,2022-10-20 01:42:14
BukuWarung,"kenapa kok sekarang lemot banget ya, mau panggil nama pelanggan aja muter lama bener",5,2022-10-19 22:12:07
BukuWarung,Jarang sering² update ya. Klo bisa langsung gitu bagus sekalian Biar gak menuhin memori :),3,2022-10-19 21:34:57
BukuWarung,"Beli pulsa udah 1 jam lebih belum juga ada, kalau kaya gini saya bisa rugi😑😑😑",1,2022-10-19 19:03:39
BukuWarung,JANGAN SAMPAI DONLOAD... Pembayaran qiris sudah lebih dari 1 bulan prosesnya mentok sampai di menunggu pembayaran.. Dah lah apk sampah,1,2022-10-19 09:25:53
BukuWarung,Aplikasi ga da guna dulu nawarin pinjaman di saat kami butuh dana data lengkap trnsaksi banyak sampe sekarang ga di acc Php php php ga usah download,1,2022-10-19 08:26:43
BukuWarung,"KOMPLAIN TIDAK DITANGGAPI, SALDO DI DOMPET DIGITAL SAYA SUDAH BERKURANG DAN STATUS BERHASIL, TAPI DI APLIKASI BUKA WARUNG BELUM DITERIMA",1,2022-10-19 01:49:23
BukuWarung,Jgn di dowlod ...rugi klo pakai Q ris.. Uang tdk masuk ke saldo buku warung tetapi kedebit melalui bni ... Uang hilng sia sia.. Hati hati pakai Q ris buku warung..,1,2022-10-18 21:43:17
BukuWarung,Terlalu banyak eror nya di catat keluar masuk barang!!,1,2022-10-18 17:22:16
BukuWarung,Habis update SMS otomatis ke pelanggan yang jatuh tempo kok nggak ada?,4,2022-10-18 16:54:03
BukuWarung,"Mohon maaf sebelumnya, saya ingin bantuannya karena saya telah kebobolan data diri diaplikasi ini kemarin karena penipuan Mohon untuk tdk menanggapi apabila ada permohonan pinjaman atau apapun dgn mengatasnamakan WINDY DWI CAHYONO MOHON BANTUANNYA AGAR SAMA"" TIDAK MUDAH TERTIPU",3,2022-10-18 14:42:45
BukuWarung,"Sudah Tidak Di rekomendasikan buat Transaksi disini, Ngeri",1,2022-10-18 08:06:50
BukuWarung,Apk buruk scan Qris ga masuk ke rekening malah jadwalnya di mundur² in terus ga seperti dulu yang langsung masuk rekening.uang nya nyangkut di aplikasi nya semua......,1,2022-10-17 23:07:18
BukuWarung,Terimakasih banyak telah membantu saya,5,2022-10-17 21:43:23
BukuWarung,"Bintang nya saya kurangin tadi nya ada fitur sms gratis pas pertama mencatat hutang, pas udah update ilang fitur tersebut, ditungguin tetap gk muncul lg itu fitur.",3,2022-10-17 21:26:56
BukuWarung,buku warung scam nyoba bayar pake q ris dari tanggal 9 sampai sekarang kaga masuk proses menunggu terus . bad apk sebentar lagi saya review di youtube,1,2022-10-17 16:51:26
BukuWarung,Kenapa ya nggak bisa dowload laporan?,4,2022-10-17 15:29:53
BukuWarung,"Manajemen stok yang sangat sangat bobrok, saya catat penjualan barang harusnya -1 ini kok malah +1, dan semua stok barang saya catatatnnya jadi kacau balau gara-gara aplikasi ini. Saya sudah uninstal dan pindah pakai Buku Kas (yang ada gambar lebahnya), semoga di sana lebih aman.",1,2022-10-17 13:48:11
BukuWarung,"Gk bisa verifikasi ulang gmn tuh, tadi mau kasih bintang lima , coba di perbaiki lagi biar sama sama enak ,nanti tak ubah jadi bintang lima",1,2022-10-16 16:19:37
BukuWarung,Buku warung hebat,5,2022-10-16 01:16:15
BukuWarung,"Pembukaan nya sangat sederhana, cocok untuk Warung.",4,2022-10-16 01:14:52
BukuWarung,josssss,5,2022-10-15 23:59:38
BukuWarung,sering error nih aplikasiny,1,2022-10-15 23:21:55
BukuWarung,I like,5,2022-10-15 20:31:24
BukuWarung,Asli lemot banget server nya gangguan mulu,1,2022-10-15 19:24:36
BukuWarung,"Ada oknum BUKU WARUNG mengatas namakan petugas lapangan, yg harus MEREGISTRASI BUKU WARUNG MELAKAUI OKNUM PETUGAS LAPAGAN, APAKAH BENAR BUKU WARUNG MEMPUNYAI PETUGAS LAPAGAN BUAT BANTU REGISTRASI BUKU WARUNG, DAN DI BUATKAN GRUP WA, TAPI ISI GROUP NYA AGEN BRILINK. MOHON PENJELASANNYA APA BENER ITU PETUGAS RESMI BUKU WARUNG?",3,2022-10-15 19:09:53
BukuWarung,"Tolong bisa top up pake Ewallet biar mudah, saya tidak ads kartu bank.",3,2022-10-15 18:52:01
BukuWarung,"Saran untuk pengembang buku warung yg terhormat, engga masalah sih sekarang saldonya khusu kayak aplikasi sebelah tapi mohon di tambah laghi metode top up nya jangan hanya 1 metode soalnya engga semua orang punya rekening bank BNi ya, jadi tolong lah tambahin laghi bisa lewat indo mart/alfamart gitu dan tambahin laghi bank tranfernya jangan hanya 1 saja supaya memudahkan bagi kami yg mau top up, selebih itu sangat bagus saya tidak ribet2 catat manual laghi, terimakasih",2,2022-10-15 17:02:55
BukuWarung,Sangat d sayangkan aplikasi buku warung tidak rekomendasi saat ini..awal sangat bagus dan bisaembantu usaha kecil.tp skarang udah gak sudah gak cocok buat pake aplikasi buku warung...,1,2022-10-15 14:31:48
BukuWarung,Ini setelah update kok pembayaran iqris lama banget harus nunggu ber jam jam padahal dulu nggak harus nunggu lama 2-5 mnit udah masuk ke rekening lah ini nunggu sampe beberapa jam,1,2022-10-15 14:14:24
BukuWarung,Wuidih keren ni aplikasi.... alkhamdulillah sangat terbantu dgn adanya aplikasi ini. Bisa untuk menagih hutang tanpa segan,5,2022-10-15 12:02:01
BukuWarung,"Kecewa sih sama buku warung, saya yg udah pakai dari awal app rilis sangat kesal, masa saya dibilang menyalah gunakan fitur qris, padahal saya selalu menggunakan qris sebagai method payment saya saat berjualan, udh hubungi cs tpi masih tidak di unban, mau ga mau ganti ke app sebelah, kecewa berat",1,2022-10-15 09:20:31
BukuWarung,Sangat membantu,5,2022-10-15 08:44:55
BukuWarung,qris nya lama masuk gak seperti dulu sekarang pake mdr,1,2022-10-14 22:40:07
BukuWarung,saya kasih bintang 1 belum lama buat akun buku warung qris sudah muncul pas di to up melalu qris tulisannya proses dari tanggal 10 sampai sekarang belum masuk juga .,1,2022-10-14 21:27:31
BukuWarung,Mudah dan sangat membantu kami UMKM,5,2022-10-14 17:56:32
BukuWarung,Sgat membantu pembukuan usaha,5,2022-10-14 13:58:08
BukuWarung,Payah sekarang GK bisa transaksi pembayaran kaya dulu,1,2022-10-14 11:04:07
BukuWarung,kategori catat barang tidak jelas,1,2022-10-14 10:17:06
BukuWarung,"Turunin bintang jadi 1. Soalnya pengajuan Qris blum selsai jg udah seminggu. Saya baru download dan daftar buku warung, tapi aplikasi nya lelet/lambat buat menampilkan ICON MENU di aplikasi, bahkan tidak tampil sama sekali setelah di tunggu sekian lama. Buat devopler coba di perbaiki bugs ini biar pengguna gak pada kabur.",1,2022-10-14 08:10:55
BukuWarung,"APLIKASI PENIPU, SCAMMER, UANG GAK CAIR NYANGKUT, ADA JUGA PENGIRIMAN QRIS YANG GAK MASUK",1,2022-10-14 08:02:08
BukuWarung,"Aplikasi apaan ini, setiap mau isi saldo minta verifikasi terus,,, jangan2 data pelanggan di salah gunakan,,, padahal saya sudah 2 kali verifikasi,,, skrg mau isi saldo minta verifikasi lg adduuuwwwww,,,",1,2022-10-14 03:45:07
BukuWarung,aku suka aplikasi ini.. untuk login ke beberapa hp bisa tapi gag cocok.. yg di hp toko sekian yg di hp rumah sekian.. kadang jadi selisih.,5,2022-10-13 20:58:32
BukuWarung,"Transaksi dngn qris g masuk ke list pembayaran, di email k tim support g ada respon dan penanganan, cs jg g ada jawaban",1,2022-10-13 19:55:56
BukuWarung,terbaik,5,2022-10-13 18:52:28
BukuWarung,"Maaf, setelah pembaruan tidak bisa menambahkan stok bara yang setengah. Contoh beli stok gula dari petani 12,5 Kg.... Itu jadi gak bisa. Padahal sebelumnya bisa...nyesel banget saya perbaharui",5,2022-10-13 18:38:59
BukuWarung,"Aplikasi lumayan komplit, tapi kurang respon, dan di saat feripikasi akun tidsk biss menyelesaikannya, sayang sekali",3,2022-10-13 17:23:48
BukuWarung,"Makasih udah ciptakan buku warung sangat diperlukan,dalam jual dan beli 👍",5,2022-10-13 16:17:41
BukuWarung,"Stock suka berkurang tiba tiba, padahal lagi ga update stock",1,2022-10-13 14:40:05
BukuWarung,Tambahkan metode pembayaran!!,2,2022-10-13 13:57:35
BukuWarung,Costumer servicenya gg respon,1,2022-10-13 12:03:18
BukuWarung,mantap,5,2022-10-13 02:05:11
BukuWarung,Sangat bagus sekali untuk bertransaksi,5,2022-10-12 23:23:52
BukuWarung,Saya ragu dengan pembayaran QRIS karena Qris yang digunakan tidak masuk ke rekening saya malah masih status di proses padahal sudah seminggu uang belum cair atau diterima di rekening.....,1,2022-10-12 19:30:00
BukuWarung,"Setelah saya update dan verifikasi akun jadi premium tak ada lagi opsi pembayaran selain isi saldo, itupun harus pakai virtual account BNI. Jadi sekarang aplikasi tak bisa dipakai transaksi karena saya tak memiliki rekening BNI. Lebih bagus yang versi lama banyak pilihan sistem pembayaran.",1,2022-10-12 18:00:42
BukuWarung,Customer service gak tersedia..berkali kali bayar Qris.saldo terpotong tapi uang tidak masuk...status sudah diamond...tapi pelayanan tetap gitu2 aja..sudah berapa banyak uang hilang gak kembali karena aplikasi ini ..gak jelas ..mending uninstall,1,2022-10-12 17:57:32
BukuWarung,Kenapa Stok sering nambah² sendiri dahh.. Yaa tuhan.. jadi makin nambah kerjaan.. Ini malah nambah parahhh,2,2022-10-12 17:45:53
BukuWarung,Cs buku warung yg whatsaap ga guna.. d chat ga respon..,1,2022-10-12 17:44:47
BukuWarung,Biar bintang yng bicara,1,2022-10-12 17:21:49
BukuWarung,"Mantap, mempermudah penjualan",5,2022-10-12 14:55:39
BukuWarung,Saldo sy kok blm balik ya. Sy isi 100rb bru buat isi pls 50rb knp lsung g ad sldo sy ny imi gmn ni,1,2022-10-12 10:29:15
BukuWarung,Hai tim buku warung misal di kasih widget untuk langsung masuk ke mode kasir mungkin lebih bagus.,5,2022-10-12 00:47:31
BukuWarung,Di update kok malah makin ribet,1,2022-10-12 00:18:00
BukuWarung,"Setelah update, fitur stok gak bisa dibuka",3,2022-10-11 17:34:42
BukuWarung,"Csnya Lambat Respon,Update Premium Lama,Kata Orang Lain Penarikan saldo Lama",1,2022-10-11 15:27:02
BukuWarung,Balikinn pembayaran pembelian nya kaya dulu pake dana jangan pake aplikasi ini doang bayar nya jadi via bebas pembayaran kaya dulu,3,2022-10-11 10:00:42
BukuWarung,Di nota tolong kasih discount,3,2022-10-11 09:25:23
BukuWarung,Membantu sekali keuntungan yg bs di ambil terinci,5,2022-10-10 21:28:59
BukuWarung,jangan dwnld aplikasi ini nyesel... bikin emosi,1,2022-10-10 21:01:20
BukuWarung,"Aplikasi gak rekomendasi nih, asli buruk sangat fiturnya",1,2022-10-10 17:30:40
BukuWarung,"Knpa tidak bisa unduh laporan pdf ya,??",1,2022-10-10 12:42:58
BukuWarung,Sepertinya transaksi disini tdk aman. testing QRIS sudah mau sepekan tdk masuk ke rekening. kalau saja nominal gede mengindap terlalu Lama . gimana nasib pelaku UMKM ? bukannya uang harus berputar ? pikir2 lg yg mau menggunakan platform ini,1,2022-10-10 11:56:26
BukuWarung,"Walaupun proses pengajuan QRIS nya agak lama, akhirnya diterima juga. Pencairann dana nya juga cepat. Semoga fitur pembayaran online di tokoko bisa digunakan secepatnya.",5,2022-10-10 09:11:08
BukuWarung,Ini kenapa transaksi sy ga masuk ke rekening sdh seminggu lebih.,1,2022-10-09 21:11:16
BukuWarung,Andaikan bisa scan produk yg terual enak banget. Tambahin dong min fitur nya. Jd biar lebih gampang saat harus tambah catatan tinggal scan aja tanpa harus repot buka ini itu,5,2022-10-09 18:37:38
BukuWarung,QRIS saya gimana ini knp jd g bisa dipakai...malah harus verifikasi ulang..sedangkan pelanggan sudah bayar pakai QRiS tombol bantuan yg seharusnya bisa kirim lampiran kok g bisa dipakai...ini gimana tolong dibantu,2,2022-10-09 14:49:48
BukuWarung,"Ini sdh ga bisa isi saldo via Indo/Alfamart kah?tiap mau isi saldo langsung diarahkan pake BNI,saya ga punya rekening BNI",4,2022-10-09 12:25:37
BukuWarung,"Saat aplikasi dibuka dihape satunya data berbeda, padahal satu akun.",3,2022-10-08 23:21:28
BukuWarung,"Alhamdulillah, udah pake sekitar setahun lebih, dan belum ada kendala",5,2022-10-08 23:17:37
BukuWarung,Halo tim IT buku warung? Sepertinya aplikasi ini kualitas layanan mulai pudar seiring bertambahnya pengguna. Apakah masih layak saya gunakan untuk kedepannya? Mari kita lihat sampai sejauh mana aplikasi buku warung bisa saya andalkan..,3,2022-10-08 17:20:53
BukuWarung,"Server bermasalah, setiap kali ingin deposit e-wallet selalu bermasalah. Tolong untuk segera diperbaiki. Terima kasih",4,2022-10-08 14:40:47
BukuWarung,"Jauh banget masih bagus versi pertama,,sekarang nambah ribet..mau bikin catatan daftar utang baru gak bisa,,cuma bisa nambah ke daftr nama yg udah ada..",2,2022-10-07 23:01:20
BukuWarung,Bintang 3 dulu ga papa ya klo bagus di tambah lg,3,2022-10-07 14:52:02
BukuWarung,"Di upgrade malah jadi jelek,nyesel ngeupgrade. Aplikasi makin tuwet,susah buat catat. Enakan dulu. Uninstall aja lah,udh nggk recommended",1,2022-10-07 12:24:25
BukuWarung,Buruk bukannya ada kemajuan malah ancur,1,2022-10-07 12:01:27
BukuWarung,Proses dana masuk dari Qris lama sekali. Dari tgl 28 September sampai sekarang 7 Oktober. Blm masuk statusnya masih diproses ini gimana. Di hubungi kontak yg bls bot. Wkwkwkwk,1,2022-10-07 10:00:27
BukuWarung,Ribet,1,2022-10-07 07:08:48
BukuWarung,"Aplikasi masih buruk, sistem Update data tidak bisa maksimal, data barang saat input menggunakan dua perangkat tidak bisa update... Sistem buruk...",1,2022-10-06 22:32:00
BukuWarung,Sangat baguss,5,2022-10-06 21:57:59
BukuWarung,Sangat buruk....menu bayar tidak bisa di gunakan...,1,2022-10-06 21:28:41
BukuWarung,Nyesel banget . Setelah sekian lama menggunakan aplikasi ini. Sekarang data catatan pelanggan jadi hilang semua ... Sungguh merasa di rugikan sekali,1,2022-10-06 18:33:12
BukuWarung,Mantap aplikasinya,5,2022-10-06 16:53:40
BukuWarung,"Sangat membantu,,",5,2022-10-06 15:33:19
BukuWarung,"Mantan jiwa, lebih gampang bdan cepat menggunakan apk ini. Terimakasih bukuwarung",5,2022-10-06 15:12:16
BukuWarung,Aplikasi kren keuangan jadi lebih baik...,5,2022-10-06 08:06:10
BukuWarung,Semoga Tetap Lancar,5,2022-10-05 20:45:47
BukuWarung,"Bagus .tp klu bisa modal yg suda di pke buat modal awal dan di pke buat beli barang yg sama atau pemlian kedua, harus nya modal di awal di hapus biar modalx tdk numpuk.padahal kan kita pke buat benja modal diawal 2jta pas pembelanjaan ke 2 2jt klu di satukan jdi 4 jta pada hal modal pokok cma 2 jta buat di putar putar Intinya buat belanjaan produk yg sm janagn di satuin modalx 🙏🙏🙏",4,2022-10-05 15:35:41
BukuWarung,Buku warung memang top untuk cari untung. Nggak peduli halal apa haram. 2 kali transaksi nggak jelas ujung nya. Saldo hilang. Komplainan cuma pajangan aja. Makan taik buku warung,1,2022-10-05 12:47:04
BukuWarung,"Ambyar...2 kali transaksi saya hancur, saldo, hilang. Komplain udah semingguan nggak ada tanggapan. Nyari duit apa nyari penyakit boss. Buku warung brengsekkk",1,2022-10-05 12:44:53
BukuWarung,Dulu jualan pulsa enak banget pake e wallet. Sekarang udah sangat dipersulit. Agak kecewa sih :(,1,2022-10-04 22:41:07
BukuWarung,Aplikasinya nyaman digunakan,5,2022-10-04 21:36:25
BukuWarung,Adanya BukuWarung data keuangan saya jadi lebih baik.. data lebih rapih dan jelas. Melihat untung dan ruginya lebih gampang. Terimakasih BukuWarung.,5,2022-10-03 19:07:52
BukuWarung,Saya pemakai dulu awal tahun 2022. Dan di situ saya merasa nyaman karna bisa memakai pembayaran e-wallet pake DANA. Sekarang fiturnya sudah di hilangkan. Jadi malas pakainya. Mending ku hapus lagi kalau fitur pembayar e-walletnya tdk di kembalikan. Terimakasi,1,2022-10-03 17:16:52
BukuWarung,Ko jadi gini sih setelah di perbarui bukan semakin baik,1,2022-10-03 16:56:43
BukuWarung,"Sangat membantu dalam menjalan kan usaha,terimakasih buku warung",5,2022-10-03 16:51:52
BukuWarung,"apk jelek, gabisa verifikasi padahal sudah berkali kali take video",1,2022-10-03 16:34:24
BukuWarung,Baru coba aplikasi ringan sayangnya stok barang tdak bisa di hapus,5,2022-10-03 11:42:38
BukuWarung,Sangat membantu,5,2022-10-02 19:32:28
BukuWarung,"Kebanyakan maintenance, perbaikan, dan segala macam. Tiba2 perlu pulsa ga bisa deposit. Kadang laporan pembukuan hilang.",1,2022-10-02 15:52:49
BukuWarung,Bermanfaat tuk pencatatan keuangan Mantap top,5,2022-10-02 15:49:54
BukuWarung,"Ga jls saya Isi saldo sudah masuk ke buku warung malah Ga Masuk"" mana cs Gabisa di hubungi anjg lahhh apk sampah jngan ada yng download ga rekomendasi buat jualan Yng ada penipuan",1,2022-10-02 13:40:28
BukuWarung,"Ini kenapa yaa tambah lama bukanya tambah baik lagi malah kecewa terus dulu bisa isi saldo dan pembayaran lewat banyak bank bisa,sekarang hanya BNI saja...kan jadi repot klo gk punya BNI...",1,2022-10-02 11:34:13
BukuWarung,Setelah update malah jadi lemot,2,2022-10-02 00:18:57
BukuWarung,"Tolong sertakan jamnya,,karna banyak pelanggan lupa akan hutangnya",3,2022-10-01 23:44:35
BukuWarung,"Mantap lah..dana nya masuk di hari yg sama,,ga kaya apk sebelah..nunggu 1x24,jam",5,2022-10-01 23:38:22
BukuWarung,"Maaf aku uninstall apk nya. Sebelum nya sangat suka dengan apk ini, namun makin kesini kok makin jelek, jdi say tidak memakai nya lagi",1,2022-10-01 20:11:41
BukuWarung,"Gak usah PAKE apk ini guys aplikasi nya jelek ,,pindah ke terapay aja ,,cepat masa gue deposit tgl 29 September sampe sekarang belum masuk download aplikasi terapay aja guys saldo masuk gak ada 10 menit uninstall aplikasi ini oke",1,2022-10-01 15:23:58
BukuWarung,"Sangat buruk, kenapa buat akun gampang. Tapi saat minta di hapus akunnya susah. Admin tidak merespon",1,2022-10-01 14:52:18
BukuWarung,Terimakasih,5,2022-10-01 14:38:01
BukuWarung,"Aplikasinya sudah bagus, harganya pun kompetitif tapi sayang untuk menu tagihan indihome/wifi gangguan mulu. Saran juga buat developer, munculin nama pelanggan di struk transaksi pembayaran listrik seperti halnya di struk token listrik supaya pelanggan tidak bertanya-tanya kenapa nggak ada namanya. Terimakasih",4,2022-10-01 11:18:59
BukuWarung,Kenapa setelah update tidak bisa kirim pesan kepelanggan atas nama bukuwarung,2,2022-10-01 09:07:35
BukuWarung,Very good,5,2022-09-30 17:19:21
BukuWarung,Mlah semakin parah sekrang pembayaran lewat qrs kena biaya admin tidak seperti dulu,1,2022-09-30 17:12:45
BukuWarung,Baguss bgt mempermudah,5,2022-09-30 14:33:48
BukuWarung,Ok,4,2022-09-30 13:13:49
BukuWarung,"Dengan terpaksa saya harus uninstal app ini karna sudah tidak bisa di gunakan, tidak bisa memasuka desimal dalam penjumlahan jumlah barang terimakasih sudah membantu selama ini,",1,2022-09-30 01:47:21
BukuWarung,"Pada mulanya Sangat membantu pencatatan usaha 👍👍👍. trimakasih... Hari ini tgl 29/9/22 aplikasi ini minta di update , tetapi nggak bisa teraupdate. Ahirnya saya hapus dan tidak dapat di instal lagi .. Sudahlah .. Catatan saya hilang semya ,😭😭",5,2022-09-29 16:40:59
BukuWarung,"Buku warung bagus,tapi sekarang kayanya harus ganti manajemen biar normal aplikasi nya,hahha",1,2022-09-29 15:15:39
BukuWarung,Tambah parah,1,2022-09-29 13:20:24
BukuWarung,"Mantap berkembanglah terus. Jaga kualitas, dan tolong diperbaiki catatan sudah saya buat , stok barang jg eh di update malah hilang semua, tolong kepada bukuwarung susah sy mencatat malah hilang, coba anda diposisi sy gmn rasanya",5,2022-09-29 09:15:04
BukuWarung,Aplikasi the Best pokok ya,5,2022-09-29 08:47:31
BukuWarung,Keren,5,2022-09-28 20:00:03
BukuWarung,Tidak singkron disemua perangkat. Alhasil banyak miss catatannya,3,2022-09-28 18:08:37
BukuWarung,Lumayan utk pembukuan harian,5,2022-09-28 16:42:38
BukuWarung,sudah isi data diri lengkap utk pengajuan pinjaman eh malah aplikasi balik lagi dibagian depan ..buka lagi buka lagi.....mau uninstal saja,2,2022-09-28 13:02:08
BukuWarung,Dengan adanya aplikasi buku warung jadi memudahkan saya mengelola bisnis saya,4,2022-09-28 11:01:09
BukuWarung,Mengecewain verifikasi wajah aza susah nya minta ampun ..sampai hp panas pun gak bisa PAYAH padahal sinyal baik baik saja,1,2022-09-28 09:13:58
BukuWarung,gud de,5,2022-09-28 08:58:01
BukuWarung,Alhamdulilah dapat aplikasi yang sangat mendukung usaha kita sudah sangat lengkap sesuai rekom kl menurut saya,5,2022-09-28 06:31:24
BukuWarung,Mantab,5,2022-09-28 00:26:04
BukuWarung,butuh fitur penagihan,1,2022-09-27 22:41:18
BukuWarung,Secara keseluruhan udah bagus dan fitur cukup lengkap. Hanya saja saya tidak menemukan fitur untuk melihat laporam penjualan per kategori. Saya rasa itu akan sangat berguna untuk mengetahui laba penjualan dimasing2 kategori barang. Thx. Smentara uninstal dlu klo dah ada fiturnya bkal blik lgi dah...,3,2022-09-27 17:05:38
BukuWarung,Mantap,5,2022-09-27 15:34:10
BukuWarung,alkhamdulillah barusan cek akun sdh premium lg dan bs nyaldo lagi makasih semoga kamu bisa lebih baik lagi,4,2022-09-27 14:01:00
BukuWarung,Untuk printer yg support apakah asal bisa koneksi bluetoth berarti support?,5,2022-09-27 05:39:01
BukuWarung,Keren,5,2022-09-26 21:46:59
BukuWarung,Kok mkin eror...... Hbis d update jumlah stok kadang berubah sendri,2,2022-09-26 21:03:32
BukuWarung,Terimakasih,5,2022-09-25 20:57:46
BukuWarung,Sangat membantu perhitungan keuangan.. Terimakasih buku warung telah membantu kami dalam catatan keuangan setiap harinya..,5,2022-09-25 18:53:46
BukuWarung,"uninstall makin kesini makin ga jls, lebih suka tampilan yg dlu",1,2022-09-25 18:53:05
BukuWarung,"Alhamdulillah dengan adanya Buku Warung, terbantu untuk pencatatan dan penjualan..",5,2022-09-25 16:37:30
BukuWarung,"Lama banget ngajuin qris aja ini dah 1 mingguan+ kaga jadi"" lambat amat niat kerja kaga sih",1,2022-09-25 11:39:47
BukuWarung,Sangat membantu pembukuan warung saya,5,2022-09-25 02:12:30
BukuWarung,Sngat puas,5,2022-09-24 22:31:16
BukuWarung,Setelah cetak. Tidak bisa kembali lagi. Harus keluar dulu aplikasi,2,2022-09-24 21:44:53
BukuWarung,auto uninstall karena setelah update semakin jelek aplikasi nya,1,2022-09-24 18:39:03
BukuWarung,"senang bisa ketemu aplikasi ini, pencatatan jd lbh menghemat waktu dan lbh fleksibel jika ingin mencari data. hanya tolong donk aku tgl 21 kemaren beli token listrik tp kode tokennya nggak dikirim2.. sdh minta bantuan via chat tp blm direspons juga.",4,2022-09-24 15:30:26
BukuWarung,"sekarang mau isi saldo aja susah, udah di cb lewat mandiri, jago, seabank pas pertama bikin akun bisa, skrg malah g bisa, trs solusi jawaban yg dikirim tidak memuaskan, hrg nunggu hingga Berjam jam itu jg g ada jawaban malah pertanyaan trs yg di jawab'y. ngasih bintang jg terpaksa karna g bsbposting ulasan ah.",1,2022-09-24 13:33:14
BukuWarung,Sangat sangat nembantu,5,2022-09-24 10:39:36
BukuWarung,"Aplikasi nya makin lama makin ngaco, bikin pusing, masa transaksi hutang udh di lunaskan, eh keluar lg jd piutang, di lunaskan lg masih bisa",1,2022-09-24 09:26:33
BukuWarung,Sekarang lebih lambat tidak seperti awal awal...,1,2022-09-23 21:23:30
BukuWarung,Dengan pemakaian aplikasl buku warung usaha saya mudah dikontrol,5,2022-09-23 20:16:56
BukuWarung,"Maaf tolong diperbaiki struk saya kirim di WA hanya warna putih tidak ada tulisannya, apanya yang salah jadi susah kalo mau kirim struk di Whasapp",1,2022-09-23 20:04:57
BukuWarung,Mantapppp buku warung good,5,2022-09-23 19:38:14
BukuWarung,"Semakin di update semakin gak jelas, sekrg fitur atur stok nya jg hilang",1,2022-09-23 14:47:20
BukuWarung,"Sejak pakai buku warung saya sudah 2x ganti HP, dan selama itu jg selalu ada masalah pd menu transaksi saat pakai hp baru..",2,2022-09-23 13:55:42
BukuWarung,Jos kak,5,2022-09-23 11:25:15
BukuWarung,Lebih suka versi lama. Simpel dan cepat langsung tercatat. Namun versi baru jadi lebih lemot dalam pencatatan. Kurang cocok digunakan saat kondisi toko sedang ramai,1,2022-09-23 07:04:41
BukuWarung,Tidak ada menu diskon.,3,2022-09-22 17:58:17
BukuWarung,Ga ada password buat mode kasir. Stok bisa diutak atik sama karyawan tanpa pengaman.,2,2022-09-22 11:27:25
BukuWarung,"Setelah update kok pembayarannya ga ada pilihan e-walletnya. jadi kesulitan sekarang apalagi mo top up saldo buku warung cuma pake BNI, ga ada bank lainnya",3,2022-09-22 09:51:06
BukuWarung,"Apa apaan ini, setelah diperbarui bukannya bagus malah jelek. Catat transaksi jadi super lambat, gak seperti versi lama. Sumpah nyesel banget diperbarui. Biasanya catat transaksi gakpake lama eeehhh sekarang jadi super lama karna super lambat.",1,2022-09-22 06:49:27
BukuWarung,"Scan ke qris berhasil dan saldo dari ewallet sudah berkurang atau sukses pembayaran.laporan dibuku warung gak update dari kapan tau...tak tungguin sampai saat ini (sudah 2 bulan) uang hasil scan gak ditransfer ke rekening.setiap complain pertanyaannya sama,tanpa ada solusi. Kepie Iki Jhon? Uang buat modal kok diembat",1,2022-09-21 22:56:16
BukuWarung,Isi saldo tidak bisa selain bank BNI,1,2022-09-21 19:56:24
BukuWarung,Baik baik saja,5,2022-09-21 15:37:04
BukuWarung,"Saya sukaaaaa sekali dgn aplikasi buku warung ini, pokoknya ❤️❤️❤️❤️❤️❤️❤️❤️ banget",5,2022-09-21 15:09:56
BukuWarung,Buku warung ini sudah baguuuus semua sudah ada yg di butuhkan buat pembayaranya apa saja tapi ada yg di sayangkan untuk isi saldo hanya BNI aja yg bisa di pakai untuk opsi pembayaran lainya tidak ada bagi yg tidak punya BNI kayak saya ya tidak bisa memakai BukuWarung ini semoga kedepanya bisa memakai metode pembayaran lainya biar bisa kayak aplikasi sebelah yg bisa pakai isi saldo dengan banyak BANK lebih memudahkan para usaha kecil kayak saya ini,3,2022-09-21 13:11:34
BukuWarung,Jos,5,2022-09-21 13:00:14
BukuWarung,Naik lagi.pertahankan yaa,5,2022-09-21 02:31:28
BukuWarung,Keten,5,2022-09-20 23:17:06
BukuWarung,"Sering minta verifikasi ulang, begitu foto KTP kenapa foto nya gk kebaca atau slah"" Terus padahal udh berkali"" Di lakukan tatap gk bisa. Dan saldo saya sisa 10rb lagi di akun, saya log out trus login ulang saldo hilang.",1,2022-09-20 19:37:55
BukuWarung,Bagus dan sangat simpel. Walaupun tampilannya udah di perbarui tapi menurut ku gak beda jauh dengan tampilan yang dulu,1,2022-09-20 14:04:01
BukuWarung,Dulu suka sekali sama buku warung karena pembayaran bisa melalui alfamart. Eh sekarang buat link tagihan gak bisa. Dibilang gakbada koneksi internet padahal sinyal bagus.. kalo mau minta bantuan kemana nih??,1,2022-09-20 12:34:54
BukuWarung,"Buku warung sangat membantu sekali buat q...selain mudah digunakan,nyaman juga untuk transaksi... terimakasih Buku warung",5,2022-09-20 11:12:03
BukuWarung,"6 bulan lalu saya kasih bintang 5. Karena setelah 3x d update malah jadi tidak efisien, Bintangnya pun jg saya kurangi 3. Kembalikan saja versi sebelumnya. Terima kasih",2,2022-09-20 09:32:37
BukuWarung,Jadi ribet ya,1,2022-09-20 03:55:26
BukuWarung,Tolong di tingkatkan. tambah lambat kinerja aplikasi,2,2022-09-20 01:19:00
BukuWarung,Good job,5,2022-09-19 22:52:30
BukuWarung,"KAPOKKK,",1,2022-09-19 21:48:22
BukuWarung,Sangat membantu untuk mencatat transaksi lebih praktis Aplikasi saya not responding Mohon bantuan Saya mau mengambil catatan utang piutang,5,2022-09-19 20:06:42
BukuWarung,"no susah mau top up, padahal udh verifikasi tapi ga ditanggapi. maaf gua harus unistal ni aplikasi",1,2022-09-19 20:03:56
BukuWarung,"DI AWALI DENGAN PENCAIRAN DANA QRIZZ YANG TIDAK KUNJUNG DATANG, SEKARANG AKUN BUKU WARUNG SAYA DI NONAKTIFKAN TANPA ALASAN YANG JELAS, JUJUR SAYA SANGAT KECEWA DENGAN APLIKASI BUKU WARUNG, SAYA SUDAH KONTAK DENGAN ADMIN TETAPI BALASAN TAK KUNJUNG DATANG",1,2022-09-19 18:17:23
BukuWarung,"APPLIKASI SANGAAT BURUK,,DI REKOMRNDADIKAN UTK TIDAK D DOWNLOAD..UANG YG ANDA TRF SETING GGL /LAMA MASUK/DAN HRS REPOT MELAPOR KE CS NYA CS nya laaamaaaa respon bikin kesel..UANG ANDA BISA TIDAK KEMBALI..ngadain event reward ga masuk2 padahal misi dah comoketed...gajelas bet jd applikasi...busuuk",1,2022-09-19 16:59:26
BukuWarung,"Awalnya pencatatan bisa langsung masuk ke no hp pelanggan ,sekarang sudah tidak ada fiturnya",3,2022-09-19 15:18:10
BukuWarung,Banyak masalah,1,2022-09-19 06:36:07
BukuWarung,"Apk gak jelas. Akun saya tiba tiba di nonaktifkan tanpa alasan, padahal saya tidak pernah melanggar ketentuan apapun. Dan didalam akun tersebut masih ada dana yang belum cair",1,2022-09-18 16:12:33
BukuWarung,"Tolong tambahin fitur catatan untuk home credit angsuran,pasti di tambahin bintang nya.",2,2022-09-18 13:17:19
BukuWarung,"Aplikasinya lelet banget, pas sewaktu mau masukin nama pelanggan loadingnya lama banget",5,2022-09-18 11:13:49
BukuWarung,Buat kami tidak lagi dlm keraguan.,5,2022-09-18 10:20:06
BukuWarung,Taik lah aplikasi ini saldo saya 56 juta kesedot respon cs lama udah 2 bulan uang gak kembali kembali Hati hati kesedot yang lain !,1,2022-09-17 23:35:49
BukuWarung,Masih kurang memuaskn,4,2022-09-17 18:03:39
BukuWarung,Pengetikan lelet bangat setelah update.. kacau lah.. tolong diperbaiki lagi dong,2,2022-09-17 16:14:24
BukuWarung,"duh transaksi qris nyangkut,gimana nih kok belum masuk rekening tujuan? sudah 2 hari tidak ada yg masuk.",1,2022-09-17 11:19:06
BukuWarung,sudah selesai,5,2022-09-17 10:09:20
BukuWarung,"Aplikasi yg sangat membantu,sukses terus bukuwarung",4,2022-09-17 09:06:45
BukuWarung,Bismillah,5,2022-09-17 04:14:19
BukuWarung,Kenapa setelah diupdate jadi lambat saat cari barang. Seperti berat aplikasinya. Tidak seperti sebelum di update. Tidak bisa input desimal sekarang.,1,2022-09-16 18:31:12
BukuWarung,Sudah 2 bulan ini fitur tagih & bayar tidak di buka.. padahal sudah verifikasi dan lain2.. jadi males makai aplikasi ini lagi..,1,2022-09-16 08:44:37
BukuWarung,Sangat membantu terima kasih,5,2022-09-16 00:48:34
BukuWarung,Jangan mau pake aplikssi ini lagi khontol transaksi lwat qris malah gak cair ke rekening udh beberapa hari taiiiiii,1,2022-09-15 20:04:32
BukuWarung,Nice app,5,2022-09-15 19:43:55
BukuWarung,"Verifikasi akun gagal terus, capek oiii, bolak balik upload gagal terus. Perbaikilah sistemnya.",1,2022-09-15 18:39:37
BukuWarung,"Bagus, semoga ke depan semakin baik lagi",5,2022-09-15 16:58:42
BukuWarung,"Sudah verifikasi akun berhasil, tetap tidak bisa top up saldo",1,2022-09-15 15:27:23
BukuWarung,Kenapa saya mau verifikasi akun ko ga bisa ya,3,2022-09-15 14:14:40
BukuWarung,"Sangat bagus dan membantu, penggunaannya sangat memudahkan usaha saya, terima kasih dan teruslah berkarya",5,2022-09-15 12:03:11
BukuWarung,Jangan mau pake aplikasi ini. Transaksi pending duit diambil pihak buku warung. Buktinya saya sudah berbulan bulan dana saya belum dikembalikan. di chat tdk ada respon dr pihak buku warung. kurang aja ni aplikasi,1,2022-09-15 11:35:13
BukuWarung,Masih setia,5,2022-09-15 08:39:57
BukuWarung,"Stelah update knpa fitur nama2 barang hilang sih? Tolong pertahankan yg sebelumnya, jg di kurangi.",1,2022-09-15 07:56:09
BukuWarung,Padahal mau isi saldo jadi ribet banget musti verifikasi segala 😌,1,2022-09-14 21:11:41
BukuWarung,sering ngehank di hp lama. kebanyakan fitur. mau ganti hp ato mau ganti aplikasi aja enaknya,1,2022-09-14 21:08:16
BukuWarung,"Min kalau transfer ke metode qris,saldo masuk ke apk atau ke rekening",5,2022-09-14 20:40:28
BukuWarung,Kalau transfer ke Qris masuknya ke rekening?,1,2022-09-14 20:31:25
BukuWarung,Habis update barusan lemotya ruuuaaar biasa,1,2022-09-14 14:39:31
BukuWarung,Gimana sih ni aplikasi geser kebawah buat lengkapin data aja gak bisa,1,2022-09-14 13:20:24
BukuWarung,"sejauh ini sangat membantu usaha saya, terimakasih.",5,2022-09-14 11:00:40
BukuWarung,Setelah update ngak bisa update barang yang dibeli . Huhu Mending yg lama aja .,5,2022-09-14 10:46:11
BukuWarung,"pembukuan dalam genggaman bisa buat jualan pulsa,paket data listrik dll",5,2022-09-13 23:31:45
BukuWarung,Semoga bermanfaat dan lancar selalu,5,2022-09-13 22:07:51
BukuWarung,"Ternyata banyak zonk di paket data nya .. Di token listrik dan pulsa biasa aman saja, aneh nya kita bayar mahal buat paket tlfon 7 hari 550menit tsel + 50 menit all operator harga 29rb sekian eh ternyata yang masuk cuma 20 menit .. Bukan makin untung, yang ada buntung semua org mnta balikin uangnya 😭😭😭 Ada yang mnta tmbah lgi eh sudah di ganti ternyata kena zonk lgi dari buku warung 😭😭😭 Nama toko jadi jelek 😭😭😭 Di chat awalnya balas setelah itu tanpa penyelesaian sudah ga balas"" 😭😭😭",2,2022-09-13 14:16:17
BukuWarung,Apknya bagus bgt sangat mmbantu terimakasih BW,5,2022-09-13 12:12:43
BukuWarung,"Maaf bintang 1, awalnya suka, tapi makin kesini makin ribet, mau catat utang masukin nama pelanggan aja malah muter² doang. Sudah diupdate tampilan pembukuan berubah, mau masukin barang yg terjual diklik nya susah bener gk muncul². Anehnya lagi ad fitur tf bank, tp g bsa dpake. Kdang² stok suka berubah sndriri, pas dicek tau² ada pembelian 🤣",1,2022-09-13 09:35:42
BukuWarung,Kenapa ga bisa login ya,1,2022-09-13 09:13:51
BukuWarung,"Awalnya saya suka dengan aplikasi ini, tapi setelah diupdate malah jadi ribet Mau isi saldo aja minta verifikasi akun terus Padahal verifikasi akun sudah berhasil Menghubungi admin katanya diulang lagi Tapi tetap aja diulang juga minta verifikasi terus Kalau begini terus saya mau uninstal bikin berat hp aja !",1,2022-09-13 05:42:25
BukuWarung,"Dulu oakai QR code nya Gratis sekarang malaah ada biaya admin nya 0,7% dan aplikasi nya mulai ribet banget jadi males pakai nya😒😒😒",1,2022-09-12 23:09:59
BukuWarung,Segera proses bukuwarung pengajuan qris saya semoga tetap maju dan sukses banyak bermafaatnya bukuwarung👍,5,2022-09-12 19:54:49
BukuWarung,Kecewa.. semakin lama semakin bangke ini aplikasi BW,1,2022-09-12 13:06:35
BukuWarung,Aplikasi yang sangat bagus untuk pembukuan usaha,5,2022-09-12 11:37:03
BukuWarung,Jangan pakai aplikasi ini pembayaran QRIS Delai sampai berhari-hari. Mending pakai QRIS DANA.... Bkin aplikasi gak jelas💩🖕,1,2022-09-12 11:10:14
BukuWarung,Setelah upgrade ko ngebug harus verif ulang? Jangan sampai data saya di salah gunakan!!!,1,2022-09-12 04:13:40
BukuWarung,"Aplikasinya Bagus , Tapi Pada mode kasir saat mencetak Nota Nomor urutannya SANGAT SANGAT Random alias ACAK ACAKan, kan pusing jadi nya kalo mau liat daftar sam nota nya beda² nomot urut nyaa ,nggak efesien, banyak waktu kebuang. Terimakasih",2,2022-09-11 22:57:22
BukuWarung,Verifikasi akun ditolak terus.,2,2022-09-11 20:10:23
BukuWarung,"Harus pake data mau yimpen transaksi,, hadeh, jd ribet Padahal udh 2th pake ini apk",1,2022-09-11 18:34:49
BukuWarung,Akun tiba2 terblokir gk jelas,1,2022-09-11 18:30:19
BukuWarung,Sangat membantu untuk mencatat keuangan warung saya,5,2022-09-11 16:33:25
BukuWarung,Aplikasi tolol Qris kaga bisa di pake yang ada saldo tertahan di qris emng si aplikasi ga berguna ajg,1,2022-09-11 14:48:29
BukuWarung,Tolong di perbaiki ya... Kmren Udah update minta verifikasi udah verifikasi dah bisa top up dan transaksi baru 2hari Skr minta verifikasi lagi Sudah verifikasi ulang kemarin bisa isi saldo tapi ga bisa transaksi Lha skr malah ga bisa top up lagi ....,1,2022-09-11 09:04:33
BukuWarung,bkin catatan transaksi menjadi mudah,5,2022-09-11 08:19:45
BukuWarung,"Saatnya uninstall,, awalnya senang pakai aplikasi ini, tapi skrg malah ga bisa di pakai, minta verifikasi akun ktp sampe ke kk, bpjs, npwp, sama foto buku rekening, ini mau jual data orang kah ? 😡",1,2022-09-11 00:36:45
BukuWarung,"Sejauh ini bagus, cukup membantu",4,2022-09-10 19:24:47
BukuWarung,Kok setiap to up saldo muncul verifikasi terus iya?,3,2022-09-10 15:22:54
BukuWarung,mantap,5,2022-09-10 09:33:45
BukuWarung,"Untuk akses qris diminta verifikasi ulang, saat sampai foto selfie selalu tidak bisa terkirim karena koneksi internet terganggu, padahal kondisi sinyal bagus sekali, saat di coba lagi dari awal masih sama sampai selfie ga kekirim lagi, dulu aplikasi nya bagus sekarang kok malah kayak gini",1,2022-09-09 23:45:00
BukuWarung,parah gak bisa di pake lagi .. uninstall aja smua,1,2022-09-09 21:34:40
BukuWarung,"Dulu suka pakai aplikasi ini, apalagi saat pakai qris lansung masuk ke rekening tanpa potongan biaya admin, selama update ini malah lama masuk dan ada potongan lagi, jadi males pakainya",1,2022-09-09 20:30:57
BukuWarung,"Terimakasih buku warung,karenamu perekapan ku semakin mudah dan tertata,terutama buat pemula dagang seperti aku.semoga lancar dan berkah terus usaha kita 🤲🤲 aamiin",5,2022-09-09 19:59:10
BukuWarung,"Pertama bagus banget sales-nya promosi,pas SDH daftar di buat kecewa",3,2022-09-09 19:37:44
BukuWarung,Pembayaran buku warung skrg mh TDK bisa bayar lewat bank..harus isi dulu saldo,5,2022-09-09 14:53:26
BukuWarung,Gila sih suruh foto kk segala aku padahal ingin buat qris kan cuma pake ktp dan verifikasi wajah cukup la ini pakai kk segala ribet banget,3,2022-09-09 00:12:52
BukuWarung,Aplikasi nya jadi berat ke hp.banyak fitur Baru. Tapi menghambat kinerja. Mode kasir ga bisa cek barang yg baru di masukin. Kalo yg lama malah bisa. Catat transaksi jadi susah. Lambat pula.. Saya lebih senang versi yg lama,1,2022-09-08 22:23:56
BukuWarung,"Makan duit bukan hakmu haram bos, pembayaran kenapa di undur undur terus? Parah min",1,2022-09-08 21:58:26
BukuWarung,Mempermudah transaksi,5,2022-09-08 17:22:52
BukuWarung,"Pokoknya top banget dengan aplikasi buku warung pencatatan lebih simple dan gak ribet gak perlu curhat coret di buku, cari nama pelanggan sangat mudah pokoknya terima kasih buku warung dan recommended banget",5,2022-09-08 17:06:11
BukuWarung,Ko gabisa pake rekening Seabank??,3,2022-09-08 16:11:40
BukuWarung,"Makin kesini kok makin ribet, mesti pakek internet segala. Pdhal sebelumnya offline pun bisa. Ah... Kecewa!!",1,2022-09-08 13:49:53
BukuWarung,"Maaf,, kok aplikasi nya di pebarui malah gk komplit,, biasanya ada via sms, skrg kok hanya via wa aja,, gimana caranya kirimkan transaksi dgn pelanggan yg tdk memiliki via wa,, tolong bantu ya,, normalkan lagi ya,,",4,2022-09-08 11:25:47
BukuWarung,bs dipakai di laptop ga ya,2,2022-09-08 09:47:35
BukuWarung,"Skrng udh pakek pajak yah, padahal dulu ga ada pajak, kecewa bat asli",1,2022-09-08 03:06:53
BukuWarung,Kenapa aplikasinya beda dengan yang ada di you tube,1,2022-09-08 01:25:21
BukuWarung,"Sudah memverifikasi akun, giliran mau tagih utang suruh verifikasi akun lagi, padahal di profil pun sudah ada keterangan verifikasi berhasil 🥴🥴",3,2022-09-07 21:56:51
BukuWarung,4 dulu karena ada fitur yang agak rumit,4,2022-09-07 15:19:22
BukuWarung,Sangan tidak jelan akun rekening saya tiba tiba berubah atas nama orang lain setelah sya ganti tiba tiba akun di nonaktivkan dan saya sudah coba chat cs pelayan nya sangat lemot sekali,1,2022-09-07 13:35:52
BukuWarung,"sudah 3 bulan lebih ga bisa download laporan dengan format excel,bisa nya pdr",3,2022-09-07 10:28:21
BukuWarung,Baru di coba,5,2022-09-07 10:21:41
BukuWarung,"ya oke lumayan cepet buat qris ga kaya apk sebelah s**ltanpey,buat qris setaun ga jadi²",4,2022-09-07 09:37:53
BukuWarung,Sip good berguna saat ofline,5,2022-09-07 08:19:25
BukuWarung,Ok,5,2022-09-07 06:38:47
BukuWarung,"Keren, teruskan berjuang untuk memenuhi kebutuhan pengguna aplikasi ini.",5,2022-09-07 05:55:59
BukuWarung,Fitur tagih dll makin ribet !!!!! Sudah telanjur daftar pake KTP dll lagi.... Ah makin ribet harus jadi akun prioritas lagi !!!!! Udah gak rekomendasi sama sekali woyyyy,1,2022-09-06 19:44:20
BukuWarung,"Verifikasi data diri awalnya gagal terus sampe akhirnya kasih review bintang 1 & uninstal apklikasi, selang beberapa minggu coba download lagi & lgsg saya cek ternyata verifikasi data diri saya sudah terkonfimasi berhasil alhasil ya saya lanjut saya pake sampe hari ini. Semoga aja kedepannya makin lebih baik lagi karna memang saya perlu aplikasi buku warung untuk mencatat penjualan saya agar bisa terkontrol laba rugi setiap bulannya. 🙏🏻",3,2022-09-06 19:33:06
BukuWarung,Informatif dan sangat membantu,5,2022-09-06 17:45:31
BukuWarung,Pokonya mantap Bukuwarun,5,2022-09-06 13:32:06
BukuWarung,"Ini ada kendala apa ya ???tgl 5 transaksi qris biasanya tiap jam 8 malam lgsg di transfr ke rekening,ini udh lwt blm ada dana masuk ke rekening..sudah email,wa tp gada jawaban.Jd ragu mau lanjut pake buku warung,nominalnya sangat berharga buat sy memutarkan modal..",3,2022-09-06 13:01:52
BukuWarung,Payah makin susah aja ni aplikasi,1,2022-09-06 12:22:53
BukuWarung,"Metode pembayaran hanya bisa lewat saldo buku warung,padahal dulu semua metode pembayaran ewalet ada!!top up saldo pun dipersulit dengan hanya bisa menggunakan via bank BNI Sekarang udah tk un install!!padahal dulu saya pengguna setia buku warung Sangat disayangkan makin kesini makin buruk",1,2022-09-06 11:32:16
BukuWarung,Kenapa setelah di update mkn ribet n susah y.. Padahal saya uda lama pake buku warung.. Tapi kali ini mengecewakan.. Tolong klw update itu mkn mudah dan menyenangkan donk.. Biar gk pindah kelain hati..,1,2022-09-06 10:30:58
BukuWarung,Lama masuk rekeningnnya,1,2022-09-06 10:11:10
BukuWarung,"Parahhhhhh setelah update malah lelet, makin njlimet menunya, lola bangetttttt",1,2022-09-05 21:06:50
BukuWarung,Maaf min saya uninstal.karena sekarang buku warung sudah tidak bisa menggunakan metode pembayaran via dana lagi tetapi harus memakai memakai saldo👍,1,2022-09-05 20:46:26
BukuWarung,"buku warung Mantap Joos ,,, biar bintang yang bicara.",5,2022-09-05 19:50:38
BukuWarung,"Dulu oke, skrg bertingkah. Mau tagih aja 0 limit segala😇, tdk berguna. Auto uninstal.",1,2022-09-05 19:05:48
BukuWarung,"Semenjak di upgarde aplikasi jadi ngelag, dan gk bisa di buat (,) komanya.",3,2022-09-05 18:42:39
BukuWarung,"Terima pembayaran udah hampir sebulan masih menunggu, saldo tidak masuk, di riwayat pembayaran pun tidak tercatat",1,2022-09-05 06:28:06
BukuWarung,Parah masa tiap membuka isi saldo verifikasi trus udah itu ga bisa isi saldo,1,2022-09-05 00:32:12
BukuWarung,Mantap,5,2022-09-04 23:33:56
BukuWarung,Selamat datang kembali buku warung Tetap dihati..thank aja wes..,5,2022-09-04 18:39:05
BukuWarung,Kenapa nih laporan excel nya tidak dapat diunduh tidak kayak waktu awal2 pemakaian aman dan lancar skrg menu excel tdk dapat diunduh tolong dibantu dong min sangat mengecewakaaaannnnnnnnn,1,2022-09-04 17:50:15
BukuWarung,Ok,5,2022-09-04 12:36:51
BukuWarung,Mudah operasionannya,5,2022-09-04 05:16:02
BukuWarung,Pembayaran qris ketahan padahal dana urgen,1,2022-09-03 23:57:39
BukuWarung,Transaksi gk di balikin uang nya parahhhh uang saya terkendala sudah 5 hari blm balik balik,1,2022-09-03 20:51:34
BukuWarung,"Kyk nya BW mulai pelit atau apa ya .? Fitur bayar dan tagih gak bisa di akun premium, udh gitu setiap transaksi pulsa gak dpt poinbw, dulu dpt loh, trus byr pake qris cuma dikasih 1 point, gimana mau tercapai dlm waktu 3 bulan krna kan gk semua orng byr pake qris, ujung2 hangus, kan kita juga udh kena biaya 0,7% kalo pake qris . Pengen nya kyk dulu sih transaksi pulsa, token listrik, apa pun itu ada poin nya.. dan please fitur bayar dan tagih nya bisa dong di akun premium.. itu aja sih",3,2022-09-03 20:50:51
BukuWarung,Udah keren malah jadi lemoooooootttt... Ketik kapan timbulnya kapan.. klo gini terus mendingan pindah apk.. Udh gk d saranin pake apk lemot kek gni!,1,2022-09-03 20:33:09
BukuWarung,Ajir masa duit gw di tahan 2hari jir gw udah ngomong ke asmind ya kata nya uang nya cair dalam 24 jm mana bukti nya udah 24 jm gak cair cair ampe 2 hari gw tungguin tpi gk cair cair kata nya masuk nya all time bukti nya ap! Kecewa gw,1,2022-09-03 19:56:52
BukuWarung,"Sudah upgrade ke premium, malah ga bisa bayar dan tagih, udah top saldo, sdah melalukan verifikasi akun,,, aplikasi penipuan",1,2022-09-03 14:02:23
BukuWarung,"Tolong di perbaiki lg, tiap mau isi saldo yg muncul selalu verifikasi ulang, untuk menulis harga jual gk bisa langsung",4,2022-09-03 13:44:05
BukuWarung,pertamanya aja bagus.. makin kesini makin banyak biaya untuk trx😰.. maaf close dulu y kaka aplikasinya.. mau pake cara jadul aja..,1,2022-09-03 11:15:02
BukuWarung,TIDAK BISA ISI SALDO !!!,1,2022-09-03 09:37:28
BukuWarung,Aplikasi sangat bagus karena menjaga keamanan identitas pengguna tapi masih sering terjadi akses yang lelet.,3,2022-09-03 00:20:36
BukuWarung,Saya ingin belajar hemat,1,2022-09-02 23:48:27
BukuWarung,Sangat membantu sekali dalam transaksi usaha saya,5,2022-09-02 21:10:54
BukuWarung,Produk digital murah,5,2022-09-02 18:48:38
BukuWarung,Gak bisa ubah pin,1,2022-09-02 17:43:00
BukuWarung,mantap,5,2022-09-02 15:44:26
BukuWarung,"Ok sih,,,",4,2022-09-02 09:47:14
BukuWarung,Makin kesini makin ribet,2,2022-09-02 09:05:59
BukuWarung,Aplikasi nya kok ngeleg error,2,2022-09-01 22:37:48
BukuWarung,"Saldo saya masih ada,,, HR ini saya mau isi pls,,, knp saldo jadi 0,,, tlg d bantu,,, sbnrnya saya suka pakai buku warung Krn utk jualan hrg cukup terjangkau,,,, jadi tlg d bantu ya",4,2022-09-01 22:27:00
BukuWarung,"Udah lama pake, skrg makin rumit. Aku uninstall deh",1,2022-09-01 21:50:35
BukuWarung,Good 👍👍,5,2022-09-01 21:14:21
BukuWarung,Kalo bisa tambah detail jam penulisan pada catatan hutang nya,4,2022-09-01 21:01:32
BukuWarung,"Dulu saya sangat membanggakan bukuwarung, tapi sekarang setelah fitur transfer antar bank ditutup saya sangat sedih",5,2022-09-01 18:58:56
BukuWarung,Bagus aplikasinya.sayangnya untuk menu diskon tidak ada.nanti kalau sudah ada saya kasih bintang 5 kak,3,2022-09-01 17:49:52
BukuWarung,"Hallo Admin ini kenapa saldo saya jadi NOL Rupiah, padahal saldo masih banyak, bener-bener kecewa Bukuwarung jadi gini",1,2022-09-01 14:56:11
BukuWarung,Saya kecewa dengan ada nya pebgajuan usaha karna dari estimasi 1 sampai 2 hari ini sampai berbulan2 tolong dong jngan buat apkikasi yng cuma bikin php orang,1,2022-09-01 14:52:23
BukuWarung,Saldo di buku warung saya hilang tiba... Tolong dibantu di wa dan di messenger tidak dibalas...,1,2022-09-01 14:52:04
BukuWarung,Perbaiki..sering gangguan tidak bisa transaksi..overall aplikasi bagus,2,2022-09-01 13:39:57
BukuWarung,"Pertama dowload lgsg saya isi saldo 50 ribu, 3 hari kemudian hilang sndri saldo nya.. Pdhl saya blm pake.. Aplikasi aneh. Lgsg saya hapus maaf..",1,2022-09-01 13:27:19
BukuWarung,Sungguh memuaskan,5,2022-09-01 13:26:11
BukuWarung,"Buku warung selalu gangguan, mohon sistem diperbaiki lebih cepet",2,2022-09-01 12:31:44
BukuWarung,"Buku warung gajelas, masa saldonya jadi 0, balikin woy duitnya, ngisi 200rb tanggal 27 Agustus, baru dipake buat isi pulsa 50rban, ilang tinggal 0rp👎👎👎👎👎👎, laporan dimana"" lama bgt responnya",1,2022-09-01 11:40:05
BukuWarung,Mantap,5,2022-09-01 11:09:02
BukuWarung,Gak bisa klik metode pembayaran,1,2022-09-01 11:00:50
BukuWarung,"Update terbaru tambah ribet, g bisa lagi pake virtual",1,2022-09-01 10:34:43
BukuWarung,Akun sudah verifkasi di suruh vrfkasi lagi sdah verifikasi dsruh vrfkasi lgi gitu terus mau nagih lewat e wallet juga tdak bisa apaan gwe hapus saja .ribett .,1,2022-09-01 10:01:34
BukuWarung,"Updet2 sendiri , trus aplikasi tiba2 sangat lemot",4,2022-09-01 09:51:11
BukuWarung,"wkwk udah mulai gak jelas nih apk, saldo qris udah berhari-hari gak cair kerekening, tombol cs juga udh gak berfungsi. hati² yang mau pakai apk ini.",1,2022-09-01 08:22:50
BukuWarung,istimewa,5,2022-09-01 07:20:41
BukuWarung,"Saat mencatat transaksi harus online, jika mencatat transaksi saat offline data tidak bisa sinkron di semua perangkat. Hal ini akan membuat rancu saat mengganti perangkat, karena datanya tidak sama. Tolong berikan fitur baru yang bisa mensinkronkan semua transaksi baik yang dicatat secara online maupun offline. Terimakasih",1,2022-09-01 06:37:55
BukuWarung,Aplikasi lain cuma minta KTP eh... Ini minta KK jga.. Pngisian saldo jg harus bang BNI 🥵nggak jadi ah..,1,2022-09-01 05:08:09
BukuWarung,Kenapa tidak ada metode pembayaran yang lain cuman ada buku warung Tolong di perbaiki ya,5,2022-08-31 19:37:29
BukuWarung,"parah, verifikasi nya ga slesai slesai sampai seminggu lebih. kalau emang gagal kan harusnya ada notif bahwa harus ulang lagi atau emang blm memenuhi persyaratan.",1,2022-08-31 19:04:37
BukuWarung,"Saya kasih bintang 4 dulu, karena belum suport scan barcode barang stok",4,2022-08-31 14:12:52
BukuWarung,Memudahkan pengguna dlam semua kategori,5,2022-08-31 13:31:44
BukuWarung,"Trx saya dari tgl 19juni blm cair"" smpai skrg sdh 2bln Dichat wa cuma balasan robot dan tidak ada tindak lanjut Tolong dong, itu uang buat muter Saya cuma pedagang kecil",1,2022-08-31 11:54:30
BukuWarung,"Makin parah, makin jelek, mending yg dulu. Verifikasi ulang malah banyak permintaan KK lah, itulah, setiap scan ada potongan, pencarian QRIS gak instan lagi.",1,2022-08-31 09:05:44
BukuWarung,Bagus sekali,5,2022-08-31 07:18:30
BukuWarung,The best,5,2022-08-31 01:52:25
BukuWarung,1.QRIS saya bermasalah tidak dapat menerima pembayaran 2.bembayar sebelumnya notifikasi sudah berhasil di kirim ke rekening namun ketika di cek tidak masuk ke rekening 3.Keluhan di bagian bantuan tidak ada tanggapan. Saran dari saya yang ingin menggunakan aplikasi ini pikir lagi dari pada uang kalian hilang dengan percama,1,2022-08-30 23:49:35
BukuWarung,"Coba kalo fitur nya kek dulu bisa langsung bayar lewat dana gk isi saldo buku warung dulu, pasti rate 4 ke atas",1,2022-08-30 23:45:04
BukuWarung,"Gak suka aja sama tulisan di pembukuan. Penjualan, pengeluaran, terus selisih nya dianggap UNTUNG 😡",1,2022-08-30 22:31:43
BukuWarung,Puasss,5,2022-08-30 21:34:58
BukuWarung,"Jujur, udah kecewa bgt berkali kali sama BW , bukannya knp kita juga butuh saldonya masa dari 14.35 scan Qris baru masuk keesokan hari jam 8 mlaam.",1,2022-08-30 21:12:43
BukuWarung,"sangat bagus aplikasi nya,hanya kata-kata pengingat hutang nya kurang etis,dan pengirim sms nya kalau bisa dari no kita...",4,2022-08-30 20:30:01
BukuWarung,"Jangan deh,",1,2022-08-30 19:35:29
BukuWarung,Utk aplikasi bagus cuman kendala di qris aja skrng masuknya lama GX real-time ky sebelumnya udah gitu potongan admin qris terlalu tinggi.mending aja klw adminya segitu tp trx realtime sy maklumini.,3,2022-08-30 19:24:12
BukuWarung,Menyesal update aplikasinya. Makin ribet,3,2022-08-30 18:24:49
BukuWarung,"Perhitungannya ngaco. Saya buka 1 akun di 2 HP. Jumlah transaksinya ngaco, beda-beda",2,2022-08-30 17:59:54
BukuWarung,"biasanya senang banget pakai aplkasi ini. tiba² fitur terbaru ribet sering kluar sendiri & lola. sekarabg juga dikenakan biaya admin, pdhal dlu gratis kayak flip. kenapa gangguan semua bank",3,2022-08-30 14:00:14
BukuWarung,"Alhamdulillah, apk bukuwarung kembali normal (terimakasih) 🙏🙏🙏",5,2022-08-30 12:58:40
BukuWarung,Ada tagihan atas nama saya.. Buku Warung.Gak merasa punya apk ini saya,1,2022-08-30 10:25:05
BukuWarung,Sangat membantu,5,2022-08-30 09:56:56
BukuWarung,Agak kecewa dg buku warung sekarang pencairan dana dari pembayaram pembeli melalu qris harus munggu jam 8 malam dan pembayaran pembeli skrg di potong 1.700 san ;( makin lama makin menyulitkan sistemnya. Pembayaran juga semakin sulit dibuku warung. Udah ga rekomendasi lg,2,2022-08-30 09:19:26
BukuWarung,Bintang 5 di turunkan dulu ya jadi bintang 2. Dulu dapat poin trx pakai QRIS 15 POIN. Sekarang cuma 2 poin. Sekarang Uang yang masuk pakai QRIS di potong setiap trx dengan nominal yang besar. 👿👎 0.7% setiap trx pakai QRIS . sungguh tidak di sarankan untuk trx ini. Saya trx pakai qris 1.000.000 dari pelanggan trus di potong 0.7% . Berarti biaya yang di potong 7.000 . Trx gini bukannya untung tapi buntung . Untuk sementara saya alihkan trx pakai shopee partner dulu.,2,2022-08-29 22:19:59
BukuWarung,Uang ga masuk ke rekening dari tgl 12 agustus sampai sekarang. Ga di refound,1,2022-08-29 21:55:06
BukuWarung,Mantap,5,2022-08-29 20:39:12
BukuWarung,"Makin di update makin gajelas juga nih apk , yg awalnya bisa beli pulsa langsung via bank. Ini malah ribet. Maaf bintang 1",1,2022-08-29 16:08:29
BukuWarung,"Udaahhh, lu jadi aplikasi catatan utang aja. Gak usah sok jadi aplikasi digital payment. Malah nyusahin orang aja lu nyangkutin duit orang",1,2022-08-29 15:57:34
BukuWarung,APAPUN YANG TERJADI JANGAN PAKAI QR INI KALAU TIDAK MAU MENYESAL << PERINGATAN KERAS << ... SERING TERJADI EROR DAN CS TIDAK MAU TANGGUNG JAWAB SUDAH 1 MINGGU LEBIH SALDO SAYA TIDAK MASUK KE ATM.... YANG PAKAI APLIKASI INI PASTI MENYESAL... SUDAH ADA PAJAK+1 MINGGU BLUM MASUK REKENING,1,2022-08-29 11:38:03
BukuWarung,"Buku warung sangat user friendly, cuma sedikit kecewa setelah upgrade kok malahan lebih jlimet dan kesulitan klpenulisan koma (,) pada penambahan jumlah barang. Dan dibeberapa tipe hp sudah mlai Lola. Saya kangen buku warung yang super cepat karena mobilitas saya sangat tinggi dalam pe ggunaan buku warung. Miss u buku warung",3,2022-08-29 09:58:42
BukuWarung,"Alhamdulillah aplikasi nya udah mulai normal lagi ya walaupun qrissnya skrng ber fee 0,7% TPI gpp moga gini trus ya min war ga ada delay/ eror/ hambatan lain yang membuat kita pengguna BW merasa tergantung🙏🙂",5,2022-08-29 02:36:46
BukuWarung,Setelah di instal malah susah,1,2022-08-29 01:22:59
BukuWarung,Layanan bayar nya masih blm bisa,1,2022-08-29 00:54:13
KasirPintar,aplikasi bagus . smoga stabil terus dan memberikan fitur yang bermanfaat bagi kami UMKM. kak kalau bisa request dibuat tambahan varian top up PPOBnya yang nominal 25rb dan 50rb,4,2026-09-23 16:37:09
KasirPintar,nice,5,2026-09-23 11:48:28
KasirPintar,keren,5,2026-09-22 23:20:04
KasirPintar,mudah dipahami,5,2026-09-22 17:53:11
KasirPintar,aplikasi yang keren buat umkmndan lain2...,5,2026-09-21 14:49:53
KasirPintar,aplikasi bagus sangat berguna untuk usaha,5,2026-09-21 10:05:19
KasirPintar,bagus,5,2026-09-19 13:08:18
KasirPintar,"Aplikasinya sangat membantu untuk mengelola transaksi dan pencatatan penjualan. Fiturnya cukup lengkap, mudah digunakan, dan tampilannya juga simpel jadi nggak bikin bingung. Semoga ke depannya semakin banyak fitur yang memudahkan pengguna. Recommended banget!",5,2026-09-19 11:01:56
KasirPintar,saya sangat terbantu dengan adanya aplikasi ini,5,2026-09-19 07:20:22
KasirPintar,bagussss bangettt plissss,5,2026-09-18 11:52:44
KasirPintar,sangat mudah dan Bagus,5,2026-09-18 07:02:46
KasirPintar,karena sangat membantu berbagai usahaku,5,2026-09-17 19:09:07
KasirPintar,"coba dulu versi gratisnya, smg sesuai dgn yg diinginkan",5,2026-09-17 08:13:15
KasirPintar,mantap bngt,5,2026-09-16 19:36:13
KasirPintar,"aplikasinya bagus, mudah digunakan",5,2026-09-16 19:01:13
KasirPintar,sangat membantu dan mudah digunakan,5,2026-09-16 17:06:07
KasirPintar,mantap pokoke nya,5,2026-09-16 14:07:33
KasirPintar,mudah digunakan,5,2026-09-15 22:46:00
KasirPintar,Baru coba,4,2026-09-15 19:13:28
KasirPintar,OK,4,2026-09-15 15:10:13
KasirPintar,bagus sekali bermanfaat,5,2026-09-14 20:56:03
KasirPintar,bagus gampang menggunaknnaya,5,2026-09-14 15:43:16
KasirPintar,keren,5,2026-09-14 14:56:06
KasirPintar,woww membantuu,5,2026-09-14 12:50:01
KasirPintar,Memang sangat mantap,5,2026-09-14 07:29:03
KasirPintar,sangat memuaskan,5,2026-09-13 21:24:05
KasirPintar,Sangat membantu,5,2026-09-13 20:33:48
KasirPintar,keren,5,2026-09-12 19:38:06
KasirPintar,aplikasinya sangat membantu dalam scan barcode,5,2026-09-12 00:43:40
KasirPintar,sangat membantu untuk usaha umkm,5,2026-09-11 18:44:21
KasirPintar,bug,5,2026-09-11 17:13:40
KasirPintar,better,5,2026-09-11 11:20:08
KasirPintar,bagus,5,2026-09-10 15:40:15
KasirPintar,sanagt membatu dalam mengelola bisnis mantap banget,5,2026-09-09 22:35:25
KasirPintar,"4 dulu karena emang mudah pakainya tapi masih cek fitur lainnya go kasir pintar, biar bisa bikin admin jadi lebih pintar kelola keuangan",4,2026-09-09 20:54:08
KasirPintar,sangat memudahkan untuk memasukan data pelanggan tidak ribet untuk mengingat pelanggan lama atau baru karna sudah ada di data di apk ini,5,2026-09-09 19:21:40
KasirPintar,bangus dan cukup membantu,4,2026-09-09 18:57:04
KasirPintar,bagus,5,2026-09-08 23:38:35
KasirPintar,sangat membantu pelaku usaha skala kecil dan menengah,5,2026-09-08 16:42:24
KasirPintar,keren,5,2026-09-07 23:37:01
KasirPintar,sangat membantu di usaha saya di wrung klontong,5,2026-09-07 16:24:36
KasirPintar,"Input barang dan transaksi jadi lebih praktis, walaupun harus banyak latihan supaya terbiasa, tapi overall membantu banget buat bikin pencatatan keuangan lebih rapi.",5,2026-09-07 14:36:10
KasirPintar,"ribet, mode PC harus buka ini itu. Buat ngedit harga aja dipersulit",1,2026-09-07 08:02:02
KasirPintar,ini aku pake apknya bikin transaksi ku lebih optimal bgttt,5,2026-09-06 21:50:30
KasirPintar,bagus,5,2026-09-06 13:26:14
KasirPintar,"Aplikasi kasir yang sangat lengkap, navigasi menunya simpel dan gampang banget digunakan",5,2026-09-06 12:57:04
KasirPintar,Aplikasi yang sangat sangat sangaaaat membantu saya dalam berdagang. Memudahkan dalam bertransaksi dan meminimalisir dalam menjumlah pembelian barang. Harga juga tersimpan rapi tidak perlu coratcoret buku lagi. Joos Jiiisss..,5,2026-09-06 10:50:05
KasirPintar,sangat membantu sekali,5,2026-09-05 19:14:49
KasirPintar,Sangat Membantu,5,2026-09-05 18:48:04
KasirPintar,"lumayan membantu,lihat nanti AQ masih baru pakai",4,2026-09-05 18:34:42
KasirPintar,"aplikasi mantap ,gampang digunakan",5,2026-09-05 13:38:01
KasirPintar,sangat bermanfaat dan mudah penggunaannya,5,2026-09-05 13:31:59
KasirPintar,oke banget sangat membantu,5,2026-09-05 12:23:26
KasirPintar,aplikasi yang sangat membantu untuk bisnis umkm,5,2026-09-05 04:14:00
KasirPintar,Fitur manajemen stoknya membantu banget buat ngecek stok barang tanpa harus catat manual. Jadi lebih praktis dan memudahkan saat mau restock.,5,2026-09-04 22:30:50
KasirPintar,aplikasi ini sangat membantu usaha fashion saya terutama untuk scan barcode lebih gampang dan simple,5,2026-09-04 22:30:13
KasirPintar,Sangat membantu. Terimakasih Kasir Pintar,5,2026-09-04 21:43:31
KasirPintar,sangat membantu mengatur keuangan toko,5,2026-09-04 20:51:52
KasirPintar,untuk transaksi sangat mudah,5,2026-09-04 18:42:10
KasirPintar,"apliaksinya bagus , cocok karena pembukuan warung saya jadi lebih cepat .. dan lebih rapi ..terimakasih ..",4,2026-09-04 10:05:08
KasirPintar,ok,5,2026-09-04 08:32:36
KasirPintar,"Aplikasi ini sangat membantu dan memudahkan saya dalam mengelola usaha saya, contohnya dalam scan barcode beberapa produk.",5,2026-09-03 23:10:48
KasirPintar,semoga aja di acc,5,2026-09-03 03:35:00
KasirPintar,fitur input dan edit data produk memudahkan penjual dalam mengatur barang yang tersedia,5,2026-09-02 23:00:08
KasirPintar,sangat membantu,5,2026-09-02 22:49:54
KasirPintar,sangat membantu,5,2026-09-02 13:07:46
KasirPintar,mantap dong. membantu usaha sy. mudah dipahami.,5,2026-09-02 10:05:06
KasirPintar,recomend sangat membantu,5,2026-09-01 20:16:49
KasirPintar,best bgt,5,2026-09-01 12:46:03
KasirPintar,"so helpfull bangett, jadi lebih mudah buat laporan dan analisis",5,2026-09-01 12:30:26
KasirPintar,"mudah digunakan, tanpa iklan",5,2026-09-01 12:26:40
KasirPintar,pemula ulasan akan di perbarui setelah berjalan,4,2026-09-01 01:36:25
KasirPintar,sangat bagus,5,2026-08-31 20:34:21
KasirPintar,sangat membantu saya dalam berwirausaha,5,2026-08-31 17:25:11
KasirPintar,good aplication,5,2026-08-30 15:32:19
KasirPintar,bagus,5,2026-08-30 12:48:43
KasirPintar,mantab..sangat membantu,5,2026-08-30 00:43:41
KasirPintar,membantu,5,2026-08-29 13:03:02
KasirPintar,"cukup membantu, tp msh mempelajarinya",4,2026-08-28 23:29:30
KasirPintar,"Sejauh dipakai, Kasir Pintar cukup enak dan nggak ribet. Buat input barang, transaksi, sampai cek stok juga gampang dipahami. Cocok buat usaha yang butuh pencatatan lebih rapi tanpa harus pakai sistem yang terlalu rumit. Yang paling terasa, pekerjaan kasir jadi lebih cepat dan data penjualan juga lebih gampang dipantau.",5,2026-08-28 21:47:12
KasirPintar,mantap,5,2026-08-28 19:05:43
KasirPintar,terbaik,5,2026-08-28 11:43:51
KasirPintar,Aplikasi sangat membantu dan bagus,5,2026-08-27 16:39:46
KasirPintar,malasss nya mau ngetik diskon pun harus langganan hadehhhh hilangin dah free tuh,1,2026-08-27 01:40:24
KasirPintar,aplikasi ini sangat bagus untuk membantu saya mengelola keuangan.,5,2026-08-26 13:26:43
KasirPintar,"sangat membantu syekaliiii , terimakasih kasirpintar🔥❤️",5,2026-08-26 12:10:52
KasirPintar,"menurut saya aplikasi ini sangat membantu, apalagi saya baru bangun usaha kecil-kecilan",5,2026-08-26 11:43:41
KasirPintar,apakah ini berbayar,5,2026-08-25 15:29:28
KasirPintar,SANGAT MEMBANTU USAHA KAMI 🙏🥰 recommended pokoknyaaa !!!!,5,2026-08-25 11:33:19
KasirPintar,sangat puas,5,2026-08-24 23:56:55
KasirPintar,"Tolong diperbaiki. Ketika menambah kan barang baru dengan meng upload 1 foto produk, produk yang lain ikut terganti foto nya. Jadi ada 2 bahkan lebih barang yang foto nya sama. Kalau begini bagaimana cara bertransaksi manual tanpa scan barcode jika foto produk sama? Jadi salah dong",1,2026-08-24 16:36:26
KasirPintar,sangat membantu,5,2026-08-23 09:00:52
KasirPintar,mantap,5,2026-08-23 07:58:14
KasirPintar,"fitur lengkap,mudah digunakan",5,2026-08-22 19:46:07
KasirPintar,"aplikasi ini sangat membantu sekali,dan fitur ny juga sangat bagus",5,2026-08-22 15:34:43
KasirPintar,"sangat menbantu usaha sy, semoga nanti bisa up ke pro",5,2026-08-22 15:29:31
KasirPintar,"belum beroperasi,semoga usaha berjalan lancar. rating orang lain bisa meyakinkan saya.",5,2026-08-22 14:55:46
KasirPintar,sayangnya pembayaran via Qris dari winpay..,5,2026-08-22 00:42:04
KasirPintar,mantap,5,2026-08-21 21:04:38
KasirPintar,"sangat membantu,sayang nya usaha sy masih kecil2an jadi belum bisa langganan....pokok nya bagus bnget ini aplikasi",5,2026-08-21 01:18:05
KasirPintar,mantap,5,2026-08-21 01:01:00
KasirPintar,aplikasinya memudahkan penjual banget,5,2026-08-20 10:07:33
KasirPintar,sangat membantu,5,2026-08-19 11:02:31
KasirPintar,sangat membantu sekali,5,2026-08-19 08:50:26
KasirPintar,"coba, berusaha, lancar",5,2026-08-19 07:23:08
KasirPintar,mudah digunakan.,5,2026-08-18 23:56:38
KasirPintar,bagus,5,2026-08-18 21:22:32
KasirPintar,oke,5,2026-08-18 20:30:44
KasirPintar,baik sekali,5,2026-08-18 16:31:40
KasirPintar,sangat membantu trimakasih,5,2026-08-18 15:27:12
KasirPintar,untuk versi gratis sudah cukup mumpuni untuk usaha sederhana.,4,2026-08-18 08:59:00
KasirPintar,sangat membantu,5,2026-08-17 22:32:49
KasirPintar,harus beli beberapa fitur,3,2026-08-17 18:03:13
KasirPintar,perbanyak yang fitur gratisnya,5,2026-08-17 16:31:23
KasirPintar,ok,5,2026-08-16 17:41:47
KasirPintar,mantap sangat membantu,5,2026-08-16 13:07:13
KasirPintar,"sangat mendukung usaha saya, walaupun pakai yg gratis tapi sudah cukup baik",5,2026-08-16 12:53:48
KasirPintar,ok,5,2026-08-16 03:07:08
KasirPintar,"asli, aplikasinya lengkap untuk UMKM yang baru berkembang kaya usaha saya. Cara pakainya juga mudah dan ga susah. terimakasih",5,2026-08-16 00:14:48
KasirPintar,bagus bgd,5,2026-08-15 23:27:42
KasirPintar,"aplikasi ini memudahkan kita untuk monitoring penjualan setiap cabang dengan mudah, sangat praktis",5,2026-08-15 22:54:00
KasirPintar,bagus mantap,5,2026-08-15 20:40:28
KasirPintar,Aplikasinya bagus.,5,2026-08-15 14:31:35
KasirPintar,"mudah, cepat dan akurat",5,2026-08-15 13:38:26
KasirPintar,sangat membantu,5,2026-08-14 19:33:49
KasirPintar,sangat membantu,5,2026-08-14 13:52:48
KasirPintar,membantu sekali,5,2026-08-14 09:44:06
KasirPintar,"Worth it banget buat yang buka usaha kecil kecilan, ini bener bener ngebantu finance management",5,2026-08-14 03:55:11
KasirPintar,masih di coba,5,2026-08-13 16:45:02
KasirPintar,"mantap, mudah dan simpke",5,2026-08-13 14:14:33
KasirPintar,aplikasi sangat baik,5,2026-08-12 21:22:31
KasirPintar,bagus,5,2026-08-12 21:21:36
KasirPintar,aplikasi bagus dan membantu,5,2026-08-12 20:49:32
KasirPintar,"sgt memudhkan dalam menejemen produk ky input data, variase produk, dll mntap lah pokoknya jadi praktis bgt",5,2026-08-12 20:45:06
KasirPintar,"Aplikasi sangat membantu bagi pedagang seperti saya mulai dari Manajemen Produk, stok, Notifikasi stok menipis, stok masuk & keluar, penyesuaian stok, riwayat pergerakan stok, transfer stok, dan lain sebagainya.",5,2026-08-12 19:17:34
KasirPintar,ok sip,5,2026-08-12 17:33:08
KasirPintar,"bagus bantu penjualan saja jadi bisa tau hari ini untung berapa dan bisa tau modal hari ini habis berapa, jadi bisa sisiin buat belanja next nya",5,2026-08-12 10:18:26
KasirPintar,"fitur scan barcode di Kasir Pintar cukup membantu karena proses input produk jadi lebih cepat dan praktis. Tinggal scan barcode, nama dan harga produk langsung muncul sehingga tidak perlu mengetik satu per satu. Namun, kadang barcode perlu diposisikan dengan tepat agar bisa terbaca dengan baik.",5,2026-08-11 23:15:28
KasirPintar,aplikasi mudah digunakan,5,2026-08-11 20:26:11
KasirPintar,sangat membantu,4,2026-08-11 18:50:01
KasirPintar,Tepat cepat,5,2026-08-11 15:07:14
KasirPintar,aplikasi yang sangat membantu,5,2026-08-11 12:18:57
KasirPintar,bagus,5,2026-08-11 10:00:38
KasirPintar,Kasir Pintar Pro sangat membantu untuk transaksi tunai maupun non-tunai. Fiturnya praktis dan pencatatan pembayaran jadi lebih mudah dan rapi. Cocok untuk mempermudah pekerjaan kasir sehari-hari.,5,2026-08-11 00:48:04
KasirPintar,bagus dan sangat membantu,5,2026-08-10 20:35:39
KasirPintar,mudah mengoperasikannya... terimakasih kasih kasir pintar🙏🙏,5,2026-08-10 14:41:33
KasirPintar,bagus,5,2026-08-10 14:05:38
KasirPintar,bagus sangat membantu,5,2026-08-10 12:10:08
KasirPintar,Sangat membantu untuk menghitung nominal belanja dengan berbagai item dan banyak.,5,2026-08-10 08:57:58
KasirPintar,mantap usaha makin joss,5,2026-08-10 08:40:22
KasirPintar,terbaik,5,2026-08-09 20:41:53
KasirPintar,luar biasa,5,2026-08-09 17:40:34
KasirPintar,sangat baik,5,2026-08-09 14:29:17
KasirPintar,bagus,5,2026-08-09 13:16:48
KasirPintar,sangat membantu dalam segala hal,5,2026-08-09 10:46:14
KasirPintar,sangat membantu usaha saya,5,2026-08-08 09:44:59
KasirPintar,Aplikasi cukup membantu dan mudah digunakan,5,2026-08-07 22:05:51
KasirPintar,bagus bermanfaat,5,2026-08-07 21:34:05
KasirPintar,pemakaian sangat mudah. dan memudahkan penjual yg pemula seperti saya terimakasih kasir pintar..👍👍,5,2026-08-07 18:30:05
KasirPintar,"Keren, sangat membantu",5,2026-08-07 14:34:00
KasirPintar,good,5,2026-08-07 10:13:47
KasirPintar,bagus,5,2026-08-07 09:27:17
KasirPintar,sangat membantu,5,2026-08-07 07:08:37
KasirPintar,"Lumayan membantu usaha saya, terima kasih",5,2026-08-06 23:15:52
KasirPintar,Ok,5,2026-08-06 16:51:25
KasirPintar,sangat membantu usaha saya,5,2026-08-06 16:21:33
KasirPintar,"sudah mengizinkan akses ke penyimpanan tapi struk tidak bisa disimpan, diunduh atau dibagikan. mohon penyelesaiannya",4,2026-08-06 09:04:15
KasirPintar,"ada bug,lama perbaiki",1,2026-08-06 08:49:16
KasirPintar,Aplikasi berguna!,5,2026-08-06 08:39:09
KasirPintar,kasir pintar sangat membantu saya dalam melakukan transaksi toko.,5,2026-08-06 02:10:07
KasirPintar,"sangat membantuuuu, dan memudahkan saya",5,2026-08-05 17:28:05
KasirPintar,keren...,5,2026-08-05 11:45:10
KasirPintar,membantu,5,2026-08-05 09:20:54
KasirPintar,aplikasinya sangat membantu,5,2026-08-04 23:00:16
KasirPintar,sangat bagus di gunakan untuk penjualan,4,2026-08-04 21:02:27
KasirPintar,saya sdh lama mnggunakan apk ini tpi skrng tiap mau bagikan nota kasirny muncul izikn penyimpanan sdh saya izinkn tapi tetap berulang seperti itu.? solusinya gimana ya..??,3,2026-08-04 20:14:58
KasirPintar,"sudah beberapa hari kasir pintar tidak bisa untuk share dan download nota, muncul pop up izinkan penyimpanan media, sudah diatur izinkan tapi tetap saja muncul pop up tersebut dan tidak bisa",4,2026-08-04 19:07:22
KasirPintar,bagus simpel cocok untuk warung,4,2026-08-04 12:50:56
KasirPintar,suka sekali sangat membantu untuk penjualan warung kecil menu mudah dipahami👍,5,2026-08-04 11:34:54
KasirPintar,sangat membantu sekali,5,2026-08-04 07:26:33
KasirPintar,"bagus², aplikasinya membantu banget??!!",5,2026-08-04 00:20:35
KasirPintar,terbaik,5,2026-08-03 18:55:54
KasirPintar,waw keren,5,2026-08-03 18:44:37
KasirPintar,"Aplikasi POS ini sangat membantu operasional toko. Proses transaksi penjualan (kasir/POS) cepat, tinggal scan barcode produk lalu pembayaran bisa pakai tunai maupun QRIS dan e-wallet. Fitur cetak struk via printer Bluetooth juga lancar. Yang paling saya suka ada laporan penjualan harian sampai tahunan dan bisa ekspor ke Excel atau PDF secara gratis. Sangat memudahkan pemilik usaha.",5,2026-08-03 16:27:55
KasirPintar,sangat baik,5,2026-08-03 15:04:31
KasirPintar,sangat membantu sekali,4,2026-08-03 12:03:21
KasirPintar,"Saya sudah menggunakan aplikasi Kasir Pintar selama beberapa bulan untuk mengelola operasional toko harian. Secara keseluruhan, aplikasi ini sangat membantu merapikan pencatatan usaha yang tadinya manual dan sering berantakan.",5,2026-08-03 06:40:46
KasirPintar,good,5,2026-08-02 23:39:21
KasirPintar,keren,5,2026-08-02 22:48:10
KasirPintar,"punya banyak fitur yang bermanfaat, memudahkan dan bisa ekspor ke excel/pdf gratis",5,2026-08-02 20:07:51
KasirPintar,easy to use.. the best app that i ever try,5,2026-08-02 13:35:42
KasirPintar,keren,4,2026-08-02 11:10:10
KasirPintar,"saya dulu sudah pernah menggunakan aplikasi ini, karena usaha saya tutup maka saya tidak pakai lagi, dan sekarang saya punya usaha baru ingin pakai lagi, tetapi tidak bisa karena keluar tulisan akun sudah non aktif karena tidak dipakai selama 1 tahun, cara mengaktifkan akun kembali bagaimana ya?",4,2026-08-02 10:49:25
KasirPintar,mantabs..tambah lancar,5,2026-08-01 23:56:06
KasirPintar,"jangan download aplikasi ini, aplikasi rampok, sudah bayar 56rb dua kali, lalu harus bayar 111rb bodohnya sudah saya bayar, dan aplikasi tidak bisa digunakan kembali, hanya menu transaksi saja yang bisa tampil",1,2026-08-01 23:35:14
KasirPintar,aplikasi yg sangat simpett di gunakann,5,2026-08-01 21:34:14
KasirPintar,"baru nemu app kasir yg bagus, metode bayar bisa cash & cashless, ttp pertahanin kualitasnya ya,",5,2026-08-01 15:57:31
KasirPintar,sangat membantu,5,2026-08-01 08:54:24
KasirPintar,"bagus bangett apk ini,dan sangat membatu sekali",5,2026-07-31 15:18:41
KasirPintar,mantab,5,2026-07-31 11:56:17
KasirPintar,sangat membantu untuk usaha saya,5,2026-07-31 11:32:45
KasirPintar,sangat memuaskan,5,2026-07-31 09:17:14
KasirPintar,Sangat membantu sekali,5,2026-07-31 08:57:35
KasirPintar,"aplikasinya sangat membantu dengan fitur-fitur yang cerdas dan mudah di gunakan, semoga bisa mempertahankan kualitas nya dan selalu berkembang fiturnya",5,2026-07-29 18:21:49
KasirPintar,fitur kasbon Tolong dikasih opsi barang yang di piutang kak supaya jelas kak barang yang dihutang,4,2026-07-29 17:14:49
KasirPintar,Baru Pakai Aplikasi nya semoga tidak ada Kendala apapun dan membantu bisnis saya,5,2026-07-29 12:46:52
KasirPintar,"keren , terimakasih",5,2026-07-29 10:57:36
KasirPintar,Aplikasi ini sangat bagus dan membantu saya dalam mencetak transaksi jadi lebih mudahh,5,2026-07-29 06:33:58
KasirPintar,"aplikasi ini sangat membantu! Aplikasi ini memberikan pengalaman transaksi penjualan yang praktis dan efisien. Proses transaksi di kasir berjalan lancar, didukung fitur scan barcode yang responsif, pilihan pembayaran tunai maupun non-tunai, serta kemudahan memberikan diskon per item atau per transaksi.",5,2026-07-28 20:42:52
KasirPintar,aplikasinya sangat membantu dalam menghitung barang dan laba,5,2026-07-28 19:56:51
KasirPintar,semoga membantu terima kasih,5,2026-07-28 13:01:56
KasirPintar,bagus sekali,5,2026-07-28 12:44:34
KasirPintar,sangat bermanfaat,5,2026-07-27 16:00:54
KasirPintar,aplikasi yang sangat membantu buat pelaku usaha yg masih merintis.. terima kasih Kasir Pintar,5,2026-07-27 11:07:52
KasirPintar,sangat mambantu udaha,5,2026-07-26 13:54:56
KasirPintar,benar benar bagus,3,2026-07-26 05:05:47
KasirPintar,sy suka dan senang dgn adanya aplikasi kasir pintar sy gak usah corat coret,5,2026-07-25 22:44:30
KasirPintar,sangat membantu usaha saya,5,2026-07-25 20:46:22
KasirPintar,aplikasinya sangat membantu mantap,5,2026-07-25 01:09:23
KasirPintar,sangat membantu,5,2026-07-24 17:28:16
KasirPintar,aplikasi ringan tapi komplit,5,2026-07-24 10:05:21
KasirPintar,sangat membantu sekali,5,2026-07-22 17:15:51
KasirPintar,"aplikasi nya sangat membantu UMKM seperti saya, terimakasih",5,2026-07-22 16:24:39
KasirPintar,"sy suka aplikasi ini , cuman perlu di pelajari detail",5,2026-07-22 15:26:09
KasirPintar,sangat membantu,5,2026-07-22 00:53:33
KasirPintar,aplikasi ini sangat membantu memudahkan pencatatan transaksi,5,2026-07-21 23:12:28
KasirPintar,mantap,5,2026-07-21 00:12:54
KasirPintar,sangat membantu usaha kami,5,2026-07-20 23:08:23
KasirPintar,memudahkan kami untuk usaha,5,2026-07-20 08:43:25
KasirPintar,aplikasinya bermanfaat banget. luar biasa..,4,2026-07-19 22:23:49
KasirPintar,membantu untuk bisnisku,4,2026-07-19 21:26:58
KasirPintar,good,5,2026-07-19 07:15:21
KasirPintar,bgus,5,2026-07-18 21:13:18
KasirPintar,aplikasi yang sangat membantu,4,2026-07-18 19:48:12
KasirPintar,"Enak digunakan gak usah pake kalkulator, langsung otomatis jumlah sendiri dan bisa langsung dicetak",5,2026-07-18 17:47:28
KasirPintar,Mantap,5,2026-07-18 13:50:36
KasirPintar,aplikasinya sangat membantu sekali,5,2026-07-18 12:36:36
KasirPintar,Bagus banget Aplikasinya,5,2026-07-18 00:19:43
KasirPintar,oke,5,2026-07-17 17:44:19
KasirPintar,"untuk sementara aplikasi ini bagus tp krg tau untuk kedepannya, semoga aj tetep simple & gak ribet",5,2026-07-17 16:39:01
KasirPintar,bagaimana meng aktifkan kembali akun saya?,4,2026-07-17 15:21:08
KasirPintar,"aplikasi ini memudahkan untuk mengatur penjualan , dari Stok dan keluar barang , dari menghitung penghasilan , dan sangan mudah di gunakan walaupun gaptek sekalipun seperti aku . terima kasih",5,2026-07-17 07:16:32
KasirPintar,oke boss,5,2026-07-17 07:16:02
KasirPintar,Sangat membantu mau nyoba dulu,5,2026-07-17 00:43:24
KasirPintar,sangat membantu UMKM untuk memberikan bukti pembayaran yang jelas kepada pelanggan.,5,2026-07-16 18:10:39
KasirPintar,membantu sekali,5,2026-07-15 20:13:41
KasirPintar,kenapa saya tidak bisa mendaftar. menggunakan akun google tidak bisa. mencoba membuat email baru juga tidak bisa.,4,2026-07-14 15:41:48
KasirPintar,aplikasi yg sangat membantu mengembangkan usaha,5,2026-07-14 11:25:30
KasirPintar,Mau Bikin akun baru aja susah masuknya hdeuuuu,1,2026-07-14 03:50:57
KasirPintar,Sangat membantu UMKM dalam operasional kasir. semoga sukses dan terus berkembang.,5,2026-07-13 23:09:08
KasirPintar,sangat membantu saya,5,2026-07-13 21:28:54
KasirPintar,sangat membantu,5,2026-07-13 20:26:29
KasirPintar,mantap,5,2026-07-13 18:41:02
KasirPintar,sangat membantu dalam usaha penjualan.... terima kasih 🙏,5,2026-07-13 14:27:09
KasirPintar,Sangat Membantu Usaha Kami,5,2026-07-12 14:46:43
KasirPintar,sangat membantu,5,2026-07-12 12:08:29
KasirPintar,wow sangat membantu penjuakan,5,2026-07-11 13:07:34
KasirPintar,good,5,2026-07-08 14:59:20
KasirPintar,aplikasinya mudah digunakan dan sangat membantu pencatatan untuk usaha,5,2026-07-08 10:46:36
KasirPintar,Sangat membantu untuk mencatat penjualan dan mengelola toko dengan lebih rapi,5,2026-07-08 09:19:45
KasirPintar,Aplikasi sangat membantu saya dalam penjualan desain sangat menarik mudah di aplikasikan,5,2026-07-08 01:20:47
KasirPintar,"sangat puas pake aplikasi kasir pintar sangat menampung keperluan rransaksi, laporan dan semua kebutuhan perdagangan... terimakasih kasir pintar",5,2026-07-07 18:10:31
KasirPintar,direkomendasikan,5,2026-07-07 00:45:13
KasirPintar,mantap untuk sekarang,5,2026-07-07 00:13:14
KasirPintar,paling gampang dan praktis,5,2026-07-06 13:38:02
KasirPintar,sangat membantu,5,2026-07-05 18:18:14
KasirPintar,Sangat mudah di gunakan dan membantu dalam transaksi penjualan,5,2026-07-05 11:56:10
KasirPintar,aplikasi sangat membantu dan simpel untuk usaha kecil-kecilan seperti kami.,4,2026-07-05 11:39:11
KasirPintar,sangat membantu pencatatan transaksi,5,2026-07-05 00:13:00
KasirPintar,sangat mudah untuk digunakan,5,2026-07-04 21:53:38
KasirPintar,bagus sekali,5,2026-07-04 10:20:38
KasirPintar,aplikasi nya sangat membantu saya dalam usaha saya jdi lebih mudah,5,2026-07-04 08:06:35
KasirPintar,sangaat membantu,5,2026-07-03 22:11:02
KasirPintar,"kadang data kasbon 0 terus. loading"" gak beres""",1,2026-07-03 21:03:25
KasirPintar,"mohon maaf sebelumnya saya menggunakan aplikasi ini selama 4 hari. untuk input stok barang2 di toko sembako,tapi setelah 4 harian tiba² stok yang sudah laku dan sudah berkurang setelah beberapa unit pas di hari ke 4 banyak barang yang balik ke stok awal input. untuk hari ini saya bingung hitung laba dan barang yang laku apa saja karena stok kembali ke awal🙏",4,2026-07-03 00:47:35
KasirPintar,Bagus,5,2026-07-02 23:04:50
KasirPintar,"bagus, berguna sekali, ailpyu.",5,2026-07-02 15:50:00
KasirPintar,Sangat membantu,5,2026-07-02 15:39:20
KasirPintar,sangat membantu,5,2026-07-01 19:49:47
KasirPintar,oke,5,2026-07-01 16:19:05
KasirPintar,"sangat membantu kami sebagai UMKM, semoga dapat dipertahankan loyalitasnya",5,2026-06-30 20:52:09
KasirPintar,ok,5,2026-06-30 18:37:53
KasirPintar,best bangeeet,5,2026-06-30 09:18:41
KasirPintar,"Dari perbagai macam aplikasi POS yang tersedia di play store KP menjadi pilihan saya, karena kebutuhan administrasi finansial retail dan jasa terpenuhi meskipun masih versi free. dan yang paling menguntungkan adanya aktivasi layanan PPOB diversi free dengan 6 layanan standart. Salam Komunitas Pengguna Kasir Pintar Ptobolinggo. Founder Arif D",5,2026-06-30 05:04:16
KasirPintar,Bagus Membantu,4,2026-06-29 21:27:58
KasirPintar,membantu,5,2026-06-29 15:45:25
KasirPintar,bagus,5,2026-06-29 15:30:18
KasirPintar,bagusss,5,2026-06-29 13:51:23
KasirPintar,sangan membantu usaha kita 😘,5,2026-06-29 12:25:44
KasirPintar,"untuk penggunaan USB sering for close, mohon diperbaiki 🙏",5,2026-06-27 13:51:30
KasirPintar,cocok untum yang baru mulai usaha,5,2026-06-27 11:34:14
KasirPintar,sangat membantu kami pengusaha,5,2026-06-27 08:45:58
KasirPintar,okkk,5,2026-06-27 07:49:58
KasirPintar,mantap,5,2026-06-27 01:20:12
KasirPintar,Bagus,5,2026-06-26 19:23:58
KasirPintar,simple,5,2026-06-26 11:50:06
KasirPintar,luar biasa memudahkan kami,5,2026-06-26 09:53:46
KasirPintar,oke banget sangat membantu para umkm,5,2026-06-26 08:19:44
KasirPintar,manyap dan mudah pemakaiannya,5,2026-06-25 17:33:25
KasirPintar,keren banget,5,2026-06-25 15:39:56
KasirPintar,siiippp,5,2026-06-25 12:50:37
KasirPintar,sangat membantu sekali,5,2026-06-24 17:15:48
KasirPintar,"kasir pintar sangat mantap!, tapi kalau bisa ini ditambahkan pembaca QR, ada kenda untuk barang yang hanya ada QRnya, agar supaya bisa baca QR juga jadi kode barang, kalau untuk kode Barcodenya sdh mantap.",5,2026-06-24 12:20:17
KasirPintar,mantap aplikasi yg sangat membantu untuk mengembangkan usaha umkm,5,2026-06-24 00:23:27
KasirPintar,"Apk nya bagus bangett untuk umkm yang ingin memulai buka usaha, ini juga memudahkan penjual dan tentu mempermudah transaksi, terimakasih kasir pintar🫵🏼🫵🏼🫵🏼🤍🤍🤍",5,2026-06-23 21:01:51
KasirPintar,Sangat membantu banget,5,2026-06-23 18:57:24
KasirPintar,bagus,5,2026-06-22 21:18:54
KasirPintar,gooood,5,2026-06-22 13:51:32
KasirPintar,minimum tiga ratus/ hari,5,2026-06-22 08:00:58
KasirPintar,Super Memudahkan Cari cuan,5,2026-06-22 07:59:03
KasirPintar,mantap,5,2026-06-21 02:08:04
KasirPintar,sangat membantu sekali dari transaksi hingga ada laporan harian dan bulanan juga,5,2026-06-20 11:56:41
KasirPintar,best sangat membantu,5,2026-06-20 10:51:32
KasirPintar,walau gratis tapi bagus,5,2026-06-20 08:48:11
KasirPintar,"setelah problem non aktifasi akun karena tidak aktif selama 1 tahun, akhirnya akun saya bisa aktif kembali , tentu nya berkat info dari CS yang sabar dan bijak , baik sekali buat mengelola catatan keuangan, stok barang dan juga struk transaksi nya..",5,2026-06-19 13:15:05
KasirPintar,"aplikasinya sangat membantu, simple. yang punya usaha sangat rekomendasi pakai aplikasi ini🫶🏻🫶🏻🫶🏻",5,2026-06-19 00:30:52
KasirPintar,KEREN BANGET INI APLIKASII GUYS!! SANGAT EFEKTIF KALIAN HARUS COBAA DAN HARUS PAKAI INII!!!! YUK GASSS,5,2026-06-18 23:58:52
KasirPintar,sangat bagus dan membantu sekali 🔥🔥,5,2026-06-18 20:15:00
KasirPintar,Tampilan aplikasinya sederhana dan mudah dipahami. Sangat membantu dalam pencatatan keuangan dan manajemen stok secara otomatis,5,2026-06-18 18:46:34
KasirPintar,sangat bermanfaat,5,2026-06-18 14:56:00
KasirPintar,Aplikasi ini membantu saya untuk membuka toko dan memanagement toko.,5,2026-06-18 13:55:01
KasirPintar,sangat membantu,5,2026-06-18 11:24:53
KasirPintar,"Sangat membantu walaupun cuman free, belum bisa berlangganan pro",5,2026-06-18 00:53:44
KasirPintar,mantap,5,2026-06-18 00:30:43
KasirPintar,Sangat membantu usaha saya,5,2026-06-17 23:05:43
KasirPintar,sangat membantu untuk pemula yang baru belajar.👍👍,5,2026-06-17 18:51:27
KasirPintar,membantu dan mudah penggunaannya,5,2026-06-17 08:03:35
KasirPintar,Sangat membantu dan gratis. Terimakasih,5,2026-06-17 07:25:01
KasirPintar,"Baru download dan di pelajari, sejauh ini aplikasi nya simple dan mudah di gunakan",5,2026-06-17 00:06:52
KasirPintar,jos,5,2026-06-16 23:44:37
KasirPintar,"apk yg menarik dan mudah untuk di pahamii,sangatt kerenn sekalii!!",5,2026-06-16 20:15:12
KasirPintar,oke,5,2026-06-16 18:34:17
KasirPintar,mantafff free untuk android,5,2026-06-16 14:45:21
KasirPintar,usaha saya sangat terbantu meski pun pake yang free,5,2026-06-16 09:15:50
KasirPintar,mantab keren..gampang dipakainya,5,2026-06-15 12:40:44
KasirPintar,sangat membantu sekali,5,2026-06-14 22:38:36
KasirPintar,cara instal di laptop gimana ya,4,2026-06-14 15:41:54
KasirPintar,"Alhamdulillah apk ny sangat membantu, memudahkan utk trnsaksi",5,2026-06-14 09:14:54
KasirPintar,"suka bgt sm apk ini, gmpng juga dipakainya",5,2026-06-14 00:47:37
KasirPintar,"praktis dan mudah d pakai,TDK ribet",5,2026-06-13 19:43:50
KasirPintar,top,5,2026-06-13 14:58:17
KasirPintar,bagus,5,2026-06-13 10:49:10
KasirPintar,gile gile geren bener,5,2026-06-12 20:23:01
KasirPintar,bagus dan yang palinh sipp bisa free,5,2026-06-12 14:07:33
KasirPintar,mantap,5,2026-06-10 22:01:04
KasirPintar,mantap sekali,5,2026-06-10 19:05:29
KasirPintar,bagus,5,2026-06-10 16:33:01
KasirPintar,sangat membantu usaha kecil,5,2026-06-10 13:52:02
KasirPintar,sangat membantu dalam melakukan transaksi penjualan,5,2026-06-10 00:39:42
KasirPintar,sangat membantu,5,2026-06-09 20:14:23
KasirPintar,mantap pokoknya aplikasinya mudah di pahami dan berguna sekali untuk warung sembako saya,5,2026-06-09 15:44:48
KasirPintar,sangat membantu,5,2026-06-09 09:32:43
KasirPintar,APLIKASI SANGAT RECOMENDED!! HARUS PAKE INI GUYS!!!,5,2026-06-08 23:51:46
KasirPintar,baguus,5,2026-06-08 08:51:05
KasirPintar,sangat membantu,5,2026-06-08 08:15:33
KasirPintar,cukup membantu masih ada buffering saat upload data,4,2026-06-07 23:01:29
KasirPintar,baguss bgt maksih yaa. udh bntu usaha saya.,5,2026-06-07 17:43:26
KasirPintar,oke sip,5,2026-06-06 21:31:25
KasirPintar,"Bagus, sangat membantu usaha kecil saya, yang ingin menggunakan struk belanja. Sangat mudah digunakan.",5,2026-06-06 19:48:51
KasirPintar,lumayan lah,4,2026-06-06 10:55:02
KasirPintar,Sangat bagus untuk usaha mikro,5,2026-06-06 09:20:12
KasirPintar,mantap,5,2026-06-05 09:50:14
KasirPintar,sangat baik,5,2026-06-04 20:50:04
KasirPintar,"aplikasi simple, mempermudah yang memiliki usahaa/UMKM. keren sie!!!",5,2026-06-04 19:29:08
KasirPintar,mudah digunakan,5,2026-06-04 14:01:48
KasirPintar,sangat mempermudah untuk transaksi saat berjualan,5,2026-06-04 08:38:57
KasirPintar,bagus,5,2026-06-04 08:26:41
KasirPintar,aplikasi kasir mantap,5,2026-06-04 02:37:07
KasirPintar,Mantab,5,2026-06-03 15:05:50
KasirPintar,fiturnyaa banyak dan usefull bangett tapi tetep mudah buat digunain karna ada trainernya jugaa yang ngajarin,5,2026-06-03 13:36:54
KasirPintar,"Mantab, mudah digunakan, sangat bermanfaat dan yg penting gratis 🥰",5,2026-06-03 00:39:04
KasirPintar,bagus dan membantu toko kami,4,2026-06-02 15:31:54
KasirPintar,sangat membantu dalam usaha,5,2026-06-02 08:40:48
KasirPintar,sangat membantu umkm,5,2026-06-02 00:58:01
KasirPintar,sangat membantu,5,2026-06-01 16:27:49
KasirPintar,bagus,5,2026-06-01 08:31:14
KasirPintar,"sangat membantu, dan tampilan sangat simpel, mudah di aplikasikan",5,2026-06-01 05:58:34
KasirPintar,"BERMANFAAT, UNTUK PINDAH KE PRO BELUM BISA MOHON BANTUANNYA",5,2026-05-31 20:34:56
KasirPintar,keren,5,2026-05-31 20:16:29
KasirPintar,Good job,5,2026-05-31 01:05:20
KasirPintar,good,5,2026-05-30 22:24:53
KasirPintar,sangat membantu dalam transaksi penjualan produk saya,5,2026-05-30 21:26:04
KasirPintar,bagus banget,5,2026-05-30 14:10:26
KasirPintar,sipp sangat membantu,5,2026-05-29 13:56:18
KasirPintar,membantu,4,2026-05-29 07:22:51
KasirPintar,tidak bisa di bukak,1,2026-05-29 00:08:14
KasirPintar,"udah bayar perbulan 55 terus kalo mau nambah varian harus bayar lagi 55 , cat merek X dengan varian warna a b c . buat nambah varian nya aj harus bayar lagi , udah gitu eror terus setiap kali transaksi hampir setiap hari si varian itu ilang tiba tiba jadi harus isi lagi manual udah gitu kalo ad 100 varian harus di ketik 1 satu harga kode sku stok dll . kesel bangt nya itu tiba tiba ilang si varian nya hampir setiap hari lagi transaksi tiba tiba ilang.",2,2026-05-28 21:13:33
KasirPintar,coba aja dulu,4,2026-05-28 19:16:08
KasirPintar,sangat membantu,5,2026-05-28 01:26:08
KasirPintar,Sangat membantu proses jual beli,5,2026-05-27 22:08:07
KasirPintar,sangat bermanfaat dan simple penggunaannya,5,2026-05-27 14:55:35
KasirPintar,"bagus, sangat membantu 👍",5,2026-05-27 14:12:39
KasirPintar,"bagus baget, sangat mudah di gunakan gak ribet",5,2026-05-27 13:25:24
KasirPintar,sangar membantu sekali,5,2026-05-27 11:22:48
KasirPintar,good,5,2026-05-26 15:34:55
KasirPintar,sangatmembantu,5,2026-05-25 22:11:18
KasirPintar,ok,4,2026-05-25 09:25:44
KasirPintar,25 mei 2026 baru download sedang di pelajari...lihat nanti hasilnya,5,2026-05-25 07:47:59
KasirPintar,bagusss,3,2026-05-25 03:51:20
KasirPintar,tanya caranya akun yang telah di non aktifkan biar bisa aktif kembali gimana ya,5,2026-05-24 22:26:02
KasirPintar,BAGUS,5,2026-05-24 18:57:57
KasirPintar,bagus sekali app nya,5,2026-05-23 19:27:44
KasirPintar,sangat membantu,5,2026-05-23 15:41:06
KasirPintar,sanagat membantu,5,2026-05-23 10:51:02
KasirPintar,sangat membantu,5,2026-05-22 13:46:46
KasirPintar,sangat mudah dioperasikan,5,2026-05-21 19:05:15
KasirPintar,mantap,5,2026-05-20 21:46:26
KasirPintar,ok,5,2026-05-20 15:35:56
KasirPintar,"baru recobaan, mudahan aman",5,2026-05-20 10:13:39
KasirPintar,sangat menyenangkan mengenal kasir pintar transaksi penjualan jadi lebih mudah tercatat dan memudahkan dlm menghitung dan kasih kembalian.,5,2026-05-19 17:27:16
KasirPintar,bagus dan membantu,5,2026-05-19 09:51:36
KasirPintar,sangat lengkap!,5,2026-05-19 09:27:08
KasirPintar,Mantab kasir pintar,5,2026-05-18 21:51:05
KasirPintar,bagaimana cara upgrade ke kasir pintar pro,5,2026-05-18 20:48:14
KasirPintar,mantap,5,2026-05-18 17:19:10
KasirPintar,baguss,5,2026-05-17 16:13:03
KasirPintar,cukup membantu pertma kali saya pakai,5,2026-05-17 14:06:29
KasirPintar,sangat membantu,5,2026-05-16 17:03:35
KasirPintar,nice,5,2026-05-15 19:45:58
KasirPintar,pass,5,2026-05-15 10:06:21
KasirPintar,"Baru aja install, blm dipake jualan, msh coba2. tp kayae kok bagus, simpel dan mudah.",5,2026-05-15 08:59:01
KasirPintar,"aplikasinya bgus dan mudah digunakan tpi masih ad kelemahannya stock barang kdang berubah ubah, ada juga barang yang hilang dlm aplikasi jdi mesti input ulg lagi verikasi no No HP jg blm brhasil sehingga blm bisa masukkan logo toko dan foto profil",3,2026-05-15 08:26:36
KasirPintar,SANGAT BAIK,5,2026-05-14 14:15:05
KasirPintar,mudah digunakan,5,2026-05-13 21:17:11
KasirPintar,barusan update aplikasi pos desktop yang ke versi terbarunya versi 3.2.0 selanjutnya setiap kali transaksi tidak bisa rubah harga sementara kesulitan menggunakan barcode scanner sudah coba chat customer service jawabannya aplikasi sedang error saya dengan manajemen barang di atas 6000 jenis barang jika harus ketik manual sangat menyusahkan sekali apalagi jika melayani pelanggan grosir dengan pembelian barang yang banyak jumlahnya dan jenisnya Mohon segera diperbaiki dalam waktu dekat demi kemuda,1,2026-05-13 13:33:52
KasirPintar,mantab,5,2026-05-13 03:04:52
KasirPintar,membantu,5,2026-05-12 20:16:47
KasirPintar,untuk saat ini sagat membantu,5,2026-05-12 20:13:09
KasirPintar,mantap,5,2026-05-12 19:08:13
KasirPintar,SUMPAH KESEL BANGET NAMBAH KESINI NAMBAH SUSAH SISTEMNYA DI BIKIN MAKIN RIBET MAKIN PUTAR2 BIASANY SEJAM SELESAI INI SAMPE 3 JAM GARA2 SIMTEM NY RUBAH SEMUA KALIAN MENDING GANTI APLIKASI LAIN KARNA INI ADMINE GAH GA PERNAH DENGERIN KOMPLENAN CUSTOMER KECEWA JELEKKKK........,1,2026-05-10 00:55:50
KasirPintar,Aplikasi nya sangat membantu untuk usaha kita thanks buat kasir pintar 🙏,5,2026-05-09 20:38:34
KasirPintar,berguna,4,2026-05-09 14:08:06
KasirPintar,mantab,5,2026-05-09 00:05:43
KasirPintar,Sangat Bagus,5,2026-05-08 15:08:52
KasirPintar,padahal udah bertahun2 pke apl in tp pas mw pke tiba2 dsruh login pas login g bsa kta ny krn g ad transaksi slm satu tahun pdhal byk hrg stock brg dstu,1,2026-05-08 00:18:16
KasirPintar,oke,5,2026-05-07 15:24:10
KasirPintar,sangat membantu .pertahankan gratisnya,5,2026-05-07 10:18:46
KasirPintar,membantu dalam perdagangan,5,2026-05-07 08:32:52
KasirPintar,kenapa ya mau verifikasi tapi otp gak muncul terus,4,2026-05-07 08:25:20
KasirPintar,bagusss,5,2026-05-06 23:15:05
KasirPintar,ok,5,2026-05-05 23:33:59
KasirPintar,mantep bagus,5,2026-05-05 19:34:20
KasirPintar,Mantap,5,2026-05-05 16:47:28
KasirPintar,bagus,5,2026-05-05 13:16:33
KasirPintar,sangat membantu sekalii,5,2026-05-04 19:57:06
KasirPintar,simple,5,2026-05-04 19:48:05
KasirPintar,cukup membantu pencatatan order kami,5,2026-05-04 17:55:52
KasirPintar,nice,5,2026-05-04 12:33:23
KasirPintar,mudah,5,2026-05-03 23:17:19
KasirPintar,useful,5,2026-05-02 23:25:29
KasirPintar,aplikasinya sudah bagus,5,2026-05-02 16:42:30
KasirPintar,Nice,5,2026-05-02 13:57:49
KasirPintar,"Aplikasi Bagus, Rekomen buat saya usaha retail sembako dan ppob",5,2026-05-02 09:37:23
KasirPintar,mantap,5,2026-05-01 12:39:02
KasirPintar,aplikasi kasir yg membantu sekaliiii,5,2026-04-30 21:05:50
KasirPintar,ok,5,2026-04-30 18:20:28
KasirPintar,mau masuk lagi ternyata akun sudah di nonaktifkan. ga ada bantuan untuk cara ngaktifin lagi...,1,2026-04-30 16:06:40
KasirPintar,"sangat bermanfaat untuk umkm, ada sistem POS untuk transaksi harian, ada juga laporan keuangannya, lengkap",4,2026-04-30 13:58:47
KasirPintar,oke,5,2026-04-30 00:02:36
KasirPintar,sangat baik,5,2026-04-29 19:21:35
KasirPintar,"sangat membantu, Pokoknya lancar banget Untuk transaksi Penjualan Usaha Kecil kecilan. siap siap Beralih ke versi Pro sebagai apresiasi kepada Developer Apknya... terimakasihhhhhhhhhh",5,2026-04-29 16:30:05
KasirPintar,"sangat membantu sekali dalam usaha saya,stok barang,harga jual dll,.terima kasih",5,2026-04-29 06:44:36
KasirPintar,keren,5,2026-04-28 20:14:16
KasirPintar,"aplikasinya mantap,mudah digunakan",5,2026-04-28 17:18:40
KasirPintar,Terima kasih Kasir Pintar ®️,5,2026-04-28 16:16:54
KasirPintar,selama 6 bulan pakai aplikasi ini aman aja . ini kok tidak ada jaringan katanya tdk bsa masuk?,5,2026-04-28 14:41:23
KasirPintar,aplikasi jelek,1,2026-04-28 14:13:31
KasirPintar,aplikasi ini sangat membantu pekerjaan saya,5,2026-04-28 14:02:22
KasirPintar,cukup bagus dan membantu,5,2026-04-28 12:57:54
KasirPintar,"saya masih pakai yg gratis, sejauh ini fitur-fiturnya cukup membantu saya. penggunaannya cukup mudah. saya belum beri bintang 5 karena untuk verifikasi via WA tidak bisa saya lakukan, apakah karena saya pakai WA Bisnis ?",4,2026-04-28 10:51:38
KasirPintar,usaha lawndry,5,2026-04-28 09:22:12
KasirPintar,sejauh ini aplikasi ini sangat membantu 👍👍👍,5,2026-04-28 00:46:51
KasirPintar,"fitur yang tersedia lengkap, sangat membantu",5,2026-04-26 16:11:25
KasirPintar,sangat membantu,5,2026-04-26 03:56:15
KasirPintar,baru uji coba kelihatan bagus.semoga bagus mudah manfaat.nanti rating 5 kemudian,4,2026-04-25 17:19:28
KasirPintar,"bermanfaat, mudah di gunakan bagi yang baru belajar kasir²an, ga ada iklan, ga ada batas inputan barang, terimakasih",5,2026-04-25 17:05:26
KasirPintar,membantu,5,2026-04-25 15:41:43
KasirPintar,"apk ini sangat membantu jualan saya tapi akhir""ini kenapa harus ada pronya di saya gak bisa di buka",3,2026-04-25 13:51:54
KasirPintar,mantap dan sangat membantu,5,2026-04-25 03:39:51
KasirPintar,"gilaa,bermanfaat banget beruntung banget yang download dan jugain aplikasi ini",5,2026-04-24 17:52:42
KasirPintar,sangat membantu,5,2026-04-24 16:13:11
KasirPintar,sangat memuaskan,5,2026-04-24 15:26:20
KasirPintar,sangat membantu sekali,5,2026-04-24 15:15:54
KasirPintar,mantap,5,2026-04-24 12:30:23
KasirPintar,"gak bisa masuk aplikasi karna kode OTP gak d kirim,, Sampek minta kirim ulang 3x tetep gak d kirim",1,2026-04-24 12:26:00
KasirPintar,Coba boleh ? Siapa tahu suatu saat jodoh..,5,2026-04-24 05:10:37
KasirPintar,aplikasi sering lemot,3,2026-04-24 02:10:42
KasirPintar,mantap,5,2026-04-24 01:23:45
KasirPintar,salah satu aplikasi yang cukup bagus untuk mempermudah semua proses transaksi dalam toko,5,2026-04-23 21:25:19
KasirPintar,"sangat membantu,. saya mau update ke pro tapi kemaren sudah coba yg training 30 hari tapi setelah itu saya gunakan yg free apakah bisa saya bayar sekarang ? atau harus buat akun baru karna sudah lama tidak bayar ?",5,2026-04-23 20:53:23
KasirPintar,aplikasi bagus tapi harus langganan biar ke buka fitur2 nya,3,2026-04-23 19:05:26
KasirPintar,bagus dan membantu,5,2026-04-22 23:32:56
KasirPintar,sangat membantu,5,2026-04-22 21:52:50
KasirPintar,tampilan nya pling simple,5,2026-04-22 20:11:24
KasirPintar,Mudah dan sangat membantu,5,2026-04-22 19:10:36
KasirPintar,"ok banget, banyak membantu",5,2026-04-22 16:41:06
KasirPintar,aplikasi mudah digunakan,5,2026-04-22 12:51:42
KasirPintar,jelek,1,2026-04-21 23:59:20
KasirPintar,sangat membantu,5,2026-04-21 21:37:32
KasirPintar,good application,5,2026-04-21 09:26:54
KasirPintar,siiipppp,5,2026-04-20 22:45:13
KasirPintar,aplikasi bagus dan mudah,5,2026-04-20 20:29:46
KasirPintar,respon customer service nya cepat,5,2026-04-20 16:28:26
KasirPintar,aplikasi nya sangat membantu,5,2026-04-20 13:26:37
KasirPintar,Aplikasi Bagus,5,2026-04-20 12:57:20
KasirPintar,oke,5,2026-04-20 11:32:42
KasirPintar,Baru download semoga saja cocok,5,2026-04-20 10:58:58
KasirPintar,"fitur cukup, mudah di fahami, sangat membantu",5,2026-04-20 01:17:45
KasirPintar,efektif,5,2026-04-19 21:18:28
KasirPintar,Keren bgt aplikasi nya,5,2026-04-19 16:29:17
KasirPintar,oke banget... mudah digunakan dan sangat membantu kami,5,2026-04-19 15:59:34
KasirPintar,sangat membantu,5,2026-04-19 14:13:12
KasirPintar,"sangat membantu dalam pelayanan, pelayanan cepat dan akurat",5,2026-04-19 10:56:22
KasirPintar,mantap,5,2026-04-18 22:59:54
KasirPintar,terimakasih APK ini sangat membantu semoga di lancarkan usahanya.,5,2026-04-18 12:21:17
KasirPintar,sangant mwmbantu dalam transaksi trimakasih kasir pintar,5,2026-04-18 06:20:28
KasirPintar,"bagus untuk kasir umkm, semoga yang lain bisa mencoba",5,2026-04-17 08:39:45
KasirPintar,mantap,5,2026-04-16 08:47:42
KasirPintar,bagus,5,2026-04-14 17:53:59
KasirPintar,aplikasi versi gratis lumayan bagus,5,2026-04-14 05:52:20
KasirPintar,bagus,5,2026-04-13 22:43:25
KasirPintar,mantap,5,2026-04-13 20:35:42
KasirPintar,sangat membantu untuk manajemen toko,5,2026-04-12 11:59:25
KasirPintar,sangat membantu luar biasa,5,2026-04-12 02:05:29
KasirPintar,Membantu usaha utk print nota penjualan,5,2026-04-11 09:18:06
KasirPintar,suka banget sama kasir pintar simple dan mudah dipahami,5,2026-04-10 22:37:02
KasirPintar,"Membantu,tapi sayang KEUNTUNGAN, saya bandingkan dengan hitung manual tdk sama???",3,2026-04-10 04:21:59
KasirPintar,mantap,5,2026-04-09 23:52:32
KasirPintar,di coba dulu ya min,4,2026-04-09 01:49:27
KasirPintar,bagus,5,2026-04-08 12:00:19
KasirPintar,aplikasi bagus dan mudah,5,2026-04-08 07:17:10
KasirPintar,"baru juga instal, pas login pakai google, ga bisa. katanya Akun sudah dinonaktifkan karena tidak ada transaksi selama 1 tahun. lhaa.. tahu aplikasi ini juga baru 😅",1,2026-04-08 05:01:30
KasirPintar,sangat membatu untuk manajemen keuangan UMKM,5,2026-04-08 01:33:58
KasirPintar,Bagus,5,2026-04-07 22:24:58
KasirPintar,sangat membantu dalam pencatatan transaksi,5,2026-04-07 20:15:46
KasirPintar,"kaspin sangat membantu usaha kami, terima kasih",4,2026-04-07 08:46:10
KasirPintar,"di transaksi masuk ke pembayaran seringkali keluar sendiri, alhasil data yang sudah di input hilang. tolong diperbaiki",4,2026-04-07 05:25:38
KasirPintar,good,5,2026-04-06 16:15:17
KasirPintar,puas,5,2026-04-06 15:28:27
KasirPintar,sangat membantu,5,2026-04-06 08:32:25
KasirPintar,good,5,2026-04-05 18:12:24
KasirPintar,simpel,5,2026-04-05 14:56:40
KasirPintar,Sangat bagus,5,2026-04-05 13:43:22
KasirPintar,good,5,2026-04-05 12:16:16
KasirPintar,"aplikasi ini sangat membantu sekali ,menghitung laba dan stok barang secara otomatis ....",5,2026-04-04 20:18:25
KasirPintar,aplikasi sangat membantu mudah digunakan,5,2026-04-04 17:25:15
KasirPintar,bagus,5,2026-04-04 12:35:03
KasirPintar,mantap,5,2026-04-04 06:50:10
KasirPintar,fitur lumayan lengkap.bagi saya yang pemula cocok menggunakan aplikasi kasir pintar,5,2026-04-03 22:42:08
KasirPintar,sangat nyaman digunakan,5,2026-04-03 19:54:54
KasirPintar,"Setahun Ini pakai, dan sangat membantu bgt . Digunakannya juga mudah . keren pokoknya",5,2026-04-03 13:17:05
KasirPintar,"saya sangat terbantu oleh aplikasi ini, terimakasih banyak telah membuat aplikasi ini",5,2026-04-03 11:56:16
KasirPintar,Sangat membantu sekali dalam hal pencatatan keuangan warung.,5,2026-04-03 08:26:40
KasirPintar,sangat membantu,5,2026-04-03 05:19:04
KasirPintar,Suka Bangettt Pokoknyaa,5,2026-04-03 00:18:20
KasirPintar,sangat membantu sekali,5,2026-04-02 16:43:05
KasirPintar,"1. baru beres isi data mau daftar loading lama. 2. di restart aplikasinya, pas coba masuk ada notif akun sudah di nonaktifkan tdk ada transaksi 1th?? gimana ini",1,2026-04-01 23:15:39
KasirPintar,banyak fitur dan mudah,5,2026-04-01 16:12:28
KasirPintar,bagus,5,2026-04-01 15:44:36
KasirPintar,"aplikasinya sangat mudah digunakan terutama buat pemula, praktis bangett download aja👍🏻",5,2026-04-01 14:18:33
KasirPintar,sejauh ini apk nya bagus-bagus saja saat digunakan,5,2026-04-01 14:06:16
KasirPintar,mudah digunakan,5,2026-03-31 21:10:13
KasirPintar,aplikasi kasirpintar yang sangat membantu .. dan harus terkoneksi dengan internet,4,2026-03-31 19:36:13
KasirPintar,ok,5,2026-03-31 15:48:41
KasirPintar,"sangat membantu dan sangat mudah untuk dioperasikan, thanks kasir pintar",5,2026-03-31 02:47:24
KasirPintar,sangat membantu,4,2026-03-30 15:15:25
KasirPintar,Aplikasinya sangat bagus dan mempermudah administrasi saya dalam pembayaran dan perekapan,5,2026-03-30 01:06:01
KasirPintar,bagus,5,2026-03-29 19:57:57
KasirPintar,insyaallah kalo cocok ambil pro,5,2026-03-29 16:26:05
KasirPintar,ok,5,2026-03-29 11:28:36
KasirPintar,sangat membantu,5,2026-03-29 11:22:59
KasirPintar,jos lah,5,2026-03-29 03:11:35
KasirPintar,sangat membantu,5,2026-03-28 09:46:22
KasirPintar,mantap,5,2026-03-26 02:18:05
KasirPintar,"Sangat rekomendasi untuk UMKM kecil, sangat sangat bermanfaat sekali.",5,2026-03-25 18:57:00
KasirPintar,sangat bagusss,5,2026-03-24 18:18:41
KasirPintar,"saya baru rencana membuka usaha Depot Air Isi Ulang & Gas 3kg Semoga Apk Kasir Pintar ini Berpungsi dengan Baik,Sehingga Bisa Mengatur Keuangan Toko Saya.",4,2026-03-23 17:45:27
KasirPintar,sangat simple untuk orang yang belajar menjadi wirausaha..,5,2026-03-22 22:32:28
KasirPintar,"baru mencoba, semoga aja bagus teruss",5,2026-03-22 09:05:58
KasirPintar,"aplikasi ini bener"" ngebantu banget dan ga ribet cara pakainya",5,2026-03-20 22:35:57
KasirPintar,"Mudah digunakan, aplikasi nya cepat dan nyaman untuk digunakan",5,2026-03-20 20:13:57
KasirPintar,top top markotop deh,5,2026-03-20 12:20:38
KasirPintar,mudah pengaplikasiannya,5,2026-03-20 09:57:55
KasirPintar,"mau tanya verifikasi no telf ko gk dikirim2 ya kode otp nya..?? klo tanya2 cs nya dimana.?? sama mau tanya klo sya pakai yg gratis terus upgrade k yg pro, data2 barangnya input ulang lagi atau tidak.??",5,2026-03-19 12:26:08
KasirPintar,"aplikasi ini sangat membantu usaha ku, dan banyak sekali fitur yang tersedia sehingga memudahkan.",5,2026-03-17 22:55:03
KasirPintar,Aplikasi ini sangat user-friendly dan memudahkan saya mencatat keuangan harian. Fitur ekspor laporan UMKM sangat berguna. Terima kasih pengembang!,5,2026-03-17 10:58:57
KasirPintar,makes it very easy for people to do small business,5,2026-03-17 07:00:56
KasirPintar,kasir pintar sangat membantu saya menJalankan usaha saya.terbaik untuk kasir pintar.,5,2026-03-17 04:33:13
KasirPintar,Bagus,5,2026-03-17 02:48:13
KasirPintar,sip deh,5,2026-03-16 18:01:52
KasirPintar,bagus,5,2026-03-15 22:49:49
KasirPintar,sangat membantu usaha saya,5,2026-03-15 16:47:38
KasirPintar,ok,5,2026-03-15 14:19:26
KasirPintar,kerenn bagus bgt,5,2026-03-14 12:18:24
KasirPintar,"aplikasi bagus , mudah digunakan. sangat membantu bagi yg membuka toko sembakau, atau yg lainnya",4,2026-03-14 06:35:17
KasirPintar,terima kasih kasir pintar aplikasi terbaik sangat membantu usaha saya,5,2026-03-13 21:27:52
KasirPintar,"snagatt membantu, terimakash sdh mnciptakan aplikasi ini. jdi amal jariyah",5,2026-03-13 15:47:02
KasirPintar,bagus,5,2026-03-13 11:36:34
KasirPintar,bagus,5,2026-03-12 22:46:02
KasirPintar,sangat membantu,5,2026-03-11 15:07:38
KasirPintar,mantap sekali apk sni retail nasional,5,2026-03-11 11:30:38
KasirPintar,top,5,2026-03-11 07:10:30
KasirPintar,"Sangat membantu usaha saya, terimakasih",5,2026-03-10 21:52:47
KasirPintar,sangat membantu walaupun gratis dan masih ada kekurangan,5,2026-03-10 21:46:48
KasirPintar,bagus,5,2026-03-10 12:11:48
KasirPintar,"Mudah digunakan dan jarang eror, cocok untuk UKM seperti saya, terimakasih.",5,2026-03-09 19:24:04
KasirPintar,mantap,5,2026-03-09 10:40:01
KasirPintar,sangat membantu,5,2026-03-09 02:02:47
KasirPintar,membantu banget untuk usaha warung dan semacamnya,5,2026-03-08 20:13:11
KasirPintar,kurang bagus,2,2026-03-08 13:11:54
KasirPintar,"sangat mempermudah transaksi ku ditoko,yg terpenting aplikasi nya gratis,,semoga kedepan nya semakin up date LG semua fitur nya",5,2026-03-08 08:13:06
KasirPintar,sangat membantu dalam usaha saya. terima kasih...,5,2026-03-07 22:39:41
KasirPintar,mantap,5,2026-03-07 20:24:57
KasirPintar,jangan persulit. klw orang mau yg aplikasi gratis knp di suruh berbayar dan harus di suruh kode otp,1,2026-03-07 14:47:33
KasirPintar,sangat membatu sekali buat saya..trims,5,2026-03-07 06:46:38
KasirPintar,mantap,5,2026-03-06 22:57:12
KasirPintar,Baru belajar sistem POS pakai ini cukup mudah mengerti,5,2026-03-06 21:48:05
KasirPintar,kalo buat aku sendiri ini membantu sih,5,2026-03-05 21:30:15
KasirPintar,mudah dipahami,4,2026-03-05 16:13:56
KasirPintar,Sangat terbantu menggunakan aplikasi ini ; Kasir Pintar,5,2026-03-05 14:29:45
KasirPintar,sangat membantu🤩,5,2026-03-05 10:58:52
KasirPintar,bagus bgt sangat bermanfaat apalg gratis caranya mudah,5,2026-03-04 15:35:49
KasirPintar,bagus,5,2026-03-04 04:18:43
KasirPintar,saya jadi bisa berjualan,5,2026-03-03 20:24:39
KasirPintar,sangat membantu toko kami,5,2026-03-03 04:09:21
KasirPintar,goood,4,2026-03-02 23:57:52
KasirPintar,"Baru coba sehari, semoga amanah",5,2026-03-02 17:26:37
KasirPintar,bagus bgtt,5,2026-03-01 13:06:47
KasirPintar,bagus',5,2026-03-01 10:35:59
KasirPintar,sangat terbantu ya walaupun pake yg gratis,4,2026-02-28 22:04:33
KasirPintar,hrs upgrade pro,4,2026-02-28 16:59:28
KasirPintar,great apps,5,2026-02-28 16:19:56
KasirPintar,"upgrade kasir pintar pro susahnya minta ampun, katanya masuk melalui situs web. MANA MINTA SITUSNYA, gua mau topup coin premium susah",1,2026-02-26 22:11:53
KasirPintar,muantep,5,2026-02-26 16:01:32
KasirPintar,oke,5,2026-02-26 14:50:04
KasirPintar,berkualitas,5,2026-02-26 10:43:39
KasirPintar,ada ny amplikas ini sangat memudahkan usaha kami,5,2026-02-26 05:04:13
KasirPintar,Sangat membantu saya 🫶,5,2026-02-26 03:04:45
KasirPintar,masih coba tapi saya beri bintang 5 dulu kita liat perkembangan nya,5,2026-02-25 22:35:40
KasirPintar,sangat berguna untuk umkm,5,2026-02-25 21:20:55
KasirPintar,masih mau dicoba,4,2026-02-25 21:18:37
KasirPintar,sejauh ini versi free nya lumayan baik tapi untuk laporan penjualan hanya sehari minimal 7 hari agar bisa dibuat antisipasi toko.,4,2026-02-25 10:43:01
KasirPintar,👍👍👍👍,5,2026-02-25 06:09:54
KasirPintar,mantab,5,2026-02-24 17:05:07
KasirPintar,Cukup membantu dalam transaksi penjualan,5,2026-02-24 13:30:26
KasirPintar,"aplikasinya ringan dipakai sehari-hari, ngga bikin lemot. catatan shift dan pengeluaran juga jelas, jadi arus kas usaha lebih gampang dipantau",5,2026-02-24 12:06:51
KasirPintar,saya suka karena semua fitur sudah lengkap dalam satu aplikasi,5,2026-02-24 11:33:12
KasirPintar,mudah digunakan,5,2026-02-23 18:19:14
KasirPintar,Aplikasi mudah dipahami banget untuk pengguna baru,5,2026-02-23 15:09:56
KasirPintar,membantu,4,2026-02-23 09:08:33
KasirPintar,"cukup membantu usaha UMKM,semoga terus menjadi yang terbaik",5,2026-02-22 20:20:27
KasirPintar,bagus,5,2026-02-22 18:53:07
KasirPintar,cukul membantu,5,2026-02-22 18:39:28
KasirPintar,bagus,5,2026-02-22 17:02:41
KasirPintar,"saya sudah berlangganan dg aplilasi ini, kenapa ngga bisa perpanjang koin, hanya gara2 telat 1 hari",3,2026-02-21 16:21:01
KasirPintar,mantaap,5,2026-02-21 15:34:57
KasirPintar,bagus,5,2026-02-21 13:12:00
KasirPintar,aplikasi nya sangat bagus. dan mudah di gunakan,5,2026-02-20 14:21:16
KasirPintar,mantab banget,5,2026-02-20 12:57:06
KasirPintar,aplikasinya bagus,5,2026-02-19 11:22:22
KasirPintar,makin mudah,5,2026-02-19 00:26:43
KasirPintar,lebih praktis dan berguna banget. terima kasih kasir pintar,5,2026-02-18 16:21:18
KasirPintar,sangat membantu,5,2026-02-18 09:31:21
KasirPintar,sangat memudahkan kami,5,2026-02-17 21:52:17
KasirPintar,masih tahap adaptasi dengan aplikasinya pelan2 saya pelajari untuk penggunaan nya karena tadinya saya manual aja skrg mau ikutin perkembangan jaman pake aplikasi kasir pintar untuk transaksi warung saya... semoga membantu ya terimakasih,5,2026-02-17 21:50:44
KasirPintar,bagus,5,2026-02-17 19:23:04
KasirPintar,"Ribet amatt!!!! Gak bisa daftar!!! Tiba tiba email udah terdaftar,,, giliran dicoba nge klik lupa password, verifikasi saya bukan robot nya minta ampun, banyak bangett!! Uninstal sajalah",1,2026-02-16 17:00:08
KasirPintar,"baru pertama menggunakan aplikasi kasir ini, tapi sangat baik dan lengkap. semua barang jualan2 bisa di data di aplikasi ini.",5,2026-02-16 07:34:47
KasirPintar,susah d gunakan karna pran b ayar,3,2026-02-14 19:52:06
KasirPintar,"cukup membantu, tmrksh kasir pintar",5,2026-02-14 18:37:07
KasirPintar,"dari beberapa aplikasi kasir, ini yg termasuk yg simple dan bagus",5,2026-02-14 13:54:41
KasirPintar,sangat membantu sekali...,5,2026-02-14 07:55:25
KasirPintar,untuk saat ini bagus. lebih lengkap dibandingkan aplikasi buku warung,5,2026-02-13 20:22:15
KasirPintar,mantap,5,2026-02-13 18:07:34
KasirPintar,sangat membantu,5,2026-02-13 15:45:58
KasirPintar,ribet,2,2026-02-13 10:06:11
KasirPintar,bagus,5,2026-02-13 00:02:36
KasirPintar,Tidak bisa simpan data toko,2,2026-02-12 20:52:52
KasirPintar,mudah digunakan efektif dalam pemakain stok & item sangat banyak,5,2026-02-12 17:53:53
KasirPintar,sangat membantu,5,2026-02-12 10:57:02
KasirPintar,membantu sangat bagus,5,2026-02-11 21:13:58
KasirPintar,sangat membantu,5,2026-02-11 18:12:51
KasirPintar,jos,5,2026-02-11 16:57:06
KasirPintar,membantu,5,2026-02-11 14:22:28
KasirPintar,good,5,2026-02-11 14:14:21
KasirPintar,bagusss,5,2026-02-11 13:51:21
KasirPintar,mantap,5,2026-02-11 08:46:57
KasirPintar,bagus aman,5,2026-02-10 13:08:09
KasirPintar,sangat membantu untuk sy gk pke hitung kalkulator,5,2026-02-09 23:17:48
KasirPintar,"pake trial sebulan, kasir pintar mudah digunakan, terimakasih sukses terusss",5,2026-02-09 16:19:52
KasirPintar,mudah digunakan. mantap,5,2026-02-09 12:15:16
KasirPintar,bagus,5,2026-02-09 12:04:56
KasirPintar,topp,5,2026-02-08 21:26:17
KasirPintar,SDH pakai dr dl karena mudah digunakan dan BS offline,5,2026-02-08 15:54:53
KasirPintar,disuruh verivikasi dengan otp namun setiap dimasukan selalu gagal,1,2026-02-08 13:28:51
KasirPintar,"GA USAH PAKE APLIKASI INI, KALAU PEMBAYARAN LEWAT SEHARI REPOT BGT HARUS NUNGGU BERHARI HARI PENGALAMAN BANGET HAMPIR 2 TAHUN PEMAKAIAN.",1,2026-02-08 10:10:47
KasirPintar,sangat membantu,5,2026-02-08 09:16:00
KasirPintar,aplikasi keren yg wajib digunakan UMKM.,5,2026-02-07 19:28:02
KasirPintar,sangat membantu sekali kita jualan sebagai pemula,5,2026-02-07 12:53:40
KasirPintar,luar biasa!,5,2026-02-07 12:31:56
KasirPintar,mudah dan sangat membantu,5,2026-02-07 12:06:45
KasirPintar,aplikasi baguss,5,2026-02-06 21:38:43
KasirPintar,maaf kak saya dlu pernah daftar akun dsini terus mmg sama hiatus abis melahirkan saya mau log in lagi gak bisa,3,2026-02-06 17:25:03
KasirPintar,Aplikasi yang bagus untuk penjualan..,4,2026-02-06 15:27:54
KasirPintar,Mau bayar kok ribet ya,4,2026-02-06 15:12:48
KasirPintar,bagus mudah digunakan,5,2026-02-06 08:53:40
KasirPintar,baguss banget,5,2026-02-06 03:44:47
KasirPintar,aplikasi ini sangat membantu sekali,5,2026-02-05 18:35:22
KasirPintar,keren,5,2026-02-05 18:21:59
KasirPintar,"awalnya bingung, pelan² pelajari satu² langkahnya, udh lumayan bisa skrg",5,2026-02-05 11:05:46
KasirPintar,"aplikasi free nya belum bisa menguasai nya, masih tahap belajar jadi masih untuk bersabar",3,2026-02-04 18:27:45
KasirPintar,"sangat membantu sekali, aplikasinya bagus",5,2026-02-04 07:53:02
KasirPintar,sngt membantu,5,2026-02-02 20:12:16
KasirPintar,sangat membantu,5,2026-02-02 19:43:23
KasirPintar,Menyenangkan sangat membantu sekali trimakasih tapi kenapa harus beralih ke PRO yg berbayar yah KK padahal pengen pake yg free gratis tapi GK bisa....,2,2026-02-02 16:19:55
KasirPintar,bagussss,5,2026-02-02 15:18:16
KasirPintar,sangat membantu,5,2026-02-02 15:01:00
KasirPintar,kereeeeeen,5,2026-02-02 13:39:23
KasirPintar,apk yg sangat membantu saya berdagang,5,2026-02-01 09:54:47
KasirPintar,"GABER,selesai download di arahkan data toko,udah isi komplit,konfirmaainya gmn woy",1,2026-01-31 20:28:14
KasirPintar,app kasir pintar,5,2026-01-31 12:48:42
KasirPintar,sangat membantu saya yang pemula,5,2026-01-31 08:55:44
KasirPintar,membantu usaha,5,2026-01-31 07:25:29
KasirPintar,ok,5,2026-01-30 20:38:30
KasirPintar,mantaaap,5,2026-01-30 18:52:48
KasirPintar,Alhamdulillah ...aplikasi free lumayan untuk usaha trims,5,2026-01-30 12:27:00
KasirPintar,sangat simpel dan ga ribet keren,5,2026-01-30 10:22:28
KasirPintar,"Sejak pembaruan jadi tidak bisa share list Pembelian Barang ke supplier, aplikasi meminta izin akses, sudah saya check semua tetap tidak bisa. Android versi 16",3,2026-01-30 10:12:02
KasirPintar,aplikasi Ter thebest,5,2026-01-29 15:55:37
KasirPintar,sangat membantu UMKM,5,2026-01-29 14:25:05
KasirPintar,mantaap,5,2026-01-29 13:43:15
KasirPintar,aplikasinya ga bs d pake lg klo udh lebih dr 1 tahun.. pas masuk pilihannya cuma 2.. masuk atau buat akun.. pilih masuk tp ga bs karna akun sdh dinonaktifkan.. pilih buat akun tp ga bs karna email sdh terdaftar.. males banget harus bikin email baru cuma buat daftar akun doang.. percuma aja ada email tp ga bs pake.. knpa sistemnya ga aktifin lg aja email yg sdh terdaftar..,5,2026-01-29 12:37:17
KasirPintar,bagus,5,2026-01-29 11:11:17
KasirPintar,aplikasi membantu untuk usaha warung saya,5,2026-01-29 09:44:48
KasirPintar,bagus,4,2026-01-28 21:22:12
KasirPintar,Top,5,2026-01-28 20:06:31
KasirPintar,mantap,5,2026-01-28 16:26:16
KasirPintar,"baru mau pake .. ini verif nomor lama banget yha ... gimana,?",4,2026-01-28 14:38:22
KasirPintar,mudah digunakan,5,2026-01-28 00:22:50
KasirPintar,goodd,5,2026-01-27 14:34:33
KasirPintar,"mantaap, bagus, semoga selalu memberikan manfaat... 👍👍",5,2026-01-27 07:45:18
KasirPintar,sdh tulis alamat disimpan tidak ada tudak bisa disimpan,1,2026-01-25 21:59:24
KasirPintar,sangat membantu,5,2026-01-25 21:13:19
KasirPintar,aplikasi ini sangat membantu untuk usaha kecil,5,2026-01-25 14:00:06
KasirPintar,"mantap, keren",5,2026-01-24 11:02:37
KasirPintar,berhenti terus appnya,3,2026-01-23 16:09:57
KasirPintar,"good, sangat membantu umkm dll",5,2026-01-23 13:28:47
KasirPintar,sangat membantu sekali',5,2026-01-23 07:21:00
KasirPintar,"Bagus dan sangat membantu, untuk yg punya usaha",5,2026-01-22 20:53:49
KasirPintar,useful,5,2026-01-21 11:58:16
KasirPintar,Aplikasinya bagus dan mudah dipakai untuk pemula,5,2026-01-20 20:41:27
KasirPintar,good job,5,2026-01-20 06:39:02
KasirPintar,4 dulu kalau bagus nanti di tambahin,4,2026-01-19 19:41:40
KasirPintar,"Aplikasi kasir pintar free sudah bagus, saya senang menggunakannya, dan saya merasa terbantu untuk mengelola usaha sembako saya dengan aplikasi pintar free, trima kasih.",5,2026-01-19 17:43:36
KasirPintar,bagus,5,2026-01-19 17:34:40
KasirPintar,bagus sangat membantu,5,2026-01-18 21:50:45
KasirPintar,sangat membantu dalam usaha saya,5,2026-01-18 16:52:28
KasirPintar,sangat membantu,5,2026-01-18 09:08:29
KasirPintar,keren,5,2026-01-17 21:51:05
KasirPintar,bagus sangat membantu kami dalam pembukuan bisnis konter pulsa dan aksesoris,5,2026-01-17 19:49:56
KasirPintar,Mantap benar deh,4,2026-01-17 18:20:19
KasirPintar,mantap,5,2026-01-17 13:56:59
KasirPintar,sangat membantu,5,2026-01-17 11:02:14
KasirPintar,Keren Sih...Membantu utk Usaha Rumahan,4,2026-01-16 21:57:17
KasirPintar,Sangat mudah di gunakan,5,2026-01-16 18:16:21
KasirPintar,sangat membantu,5,2026-01-16 08:10:31
KasirPintar,terima kasih. aplikasi ini bermanfaat,5,2026-01-15 23:03:28
KasirPintar,"sangat membatu, terimakasih",5,2026-01-15 18:05:15
KasirPintar,bagus praktis,5,2026-01-15 12:26:47
KasirPintar,aplikasi yang sangat bermanfaat dan keren,5,2026-01-14 18:46:17
KasirPintar,sangat membanti sekali..,5,2026-01-14 15:23:30
KasirPintar,cukup layak,4,2026-01-14 09:52:41
KasirPintar,Sangat membantu dan yg penting gratis,5,2026-01-13 22:46:20
KasirPintar,app ini sangat membantu,5,2026-01-13 17:26:48
KasirPintar,Ribet pake banget,1,2026-01-13 17:12:58
KasirPintar,bagus,5,2026-01-12 13:53:51
KasirPintar,"Aplikasi gk jelas, sdh daftar giliran isi data toko tdk bs disimpan. parahhhhh!!!!",1,2026-01-11 19:14:03
KasirPintar,sangat membantu dalam pekerjaan sales saya,5,2026-01-11 12:35:53
KasirPintar,"sangat mudah digunakan dan sangat membantu sekali, good job n sukses selalu",5,2026-01-11 09:23:16
KasirPintar,mantap.. print nota jadi mudah,5,2026-01-10 07:34:04
KasirPintar,keren,5,2026-01-10 02:20:25
KasirPintar,"sangat bagus dan membantu, jos jis",5,2026-01-10 00:27:39
KasirPintar,struk digital keren,5,2026-01-09 20:52:31
KasirPintar,aplikasi bagus dan lancar,5,2026-01-09 20:45:37
KasirPintar,Aplikasi stabil di pakai teruss,5,2026-01-09 18:57:22
KasirPintar,wow bermanfaat sekali👍👍,5,2026-01-09 18:12:49
KasirPintar,penggunaan sangat mudah....pengen upgrade ke yg versi pro,5,2026-01-09 16:03:29
KasirPintar,"Sejak pakai aplikasi ini, pencatatan pemasukan dan pengeluaran jadi lebih rapi, shift karyawan tercatat jelas, struk otomatis mempercepat antrean, dan menu QR memudahkan pelanggan saat order.",5,2026-01-09 12:39:19
KasirPintar,aplikasi yg membantu banget,5,2026-01-08 15:00:24
KasirPintar,bagus 👍,5,2026-01-08 10:09:23
KasirPintar,baguss,5,2026-01-08 00:41:04
KasirPintar,Bagus sekali aplikasinya mudah digunakan walaupun gratis.,5,2026-01-07 20:54:32
KasirPintar,aplikasi yang bagus dan sangat berguna,5,2026-01-07 19:26:04
KasirPintar,sangat membantu,5,2026-01-07 16:51:48
KasirPintar,cukup membantu,3,2026-01-07 14:49:35
KasirPintar,Sangat membanthsekali,5,2026-01-07 12:27:57
KasirPintar,good,5,2026-01-07 07:49:02
KasirPintar,aplikasi kasir terbaik,5,2026-01-06 18:52:20
KasirPintar,Force Close mulu !,1,2026-01-06 15:31:20
KasirPintar,mntap bos Qu,5,2026-01-06 12:21:39
KasirPintar,"Bagus fitur free, tpi masih harus diperbaiki, ikon mode scan via kamera dan scan kode batang kebalik, terus kenapa ga bisa konect ke internet padahal wifi kenceng, jadi ga bisa nambah produk baru karna ga bisa simpan dicloud..",4,2026-01-06 11:51:31
KasirPintar,"Sangat mudah digunakan , sukses terus kasir pintar",5,2026-01-06 09:46:55
KasirPintar,apk nya dangat membantu..,5,2026-01-05 20:02:35
KasirPintar,aku sngat suka,5,2026-01-05 14:39:27
KasirPintar,aplikasi ini menurut saya sangat bermanfaat,5,2026-01-04 22:50:19
KasirPintar,apk nya bagus dan sangat membantuu,5,2026-01-04 22:16:46
KasirPintar,👍👍👍,5,2026-01-04 21:20:12
KasirPintar,"Fitur yang disediakan sangat lengkap dan praktis cocok untuk pembukuan kas, kebendaharaan, akuntan dan administrasi keuangan lainnya",5,2026-01-04 12:38:25
KasirPintar,oke mantap.mudah di pelajari,5,2026-01-03 12:20:35
KasirPintar,nice,5,2026-01-03 10:57:11
KasirPintar,LUMAYAN,4,2026-01-03 08:03:20
KasirPintar,mantaaap,5,2026-01-02 14:42:05
KasirPintar,"apk nya sangat membantu. tapiiii...... setelah beberapa bulan total perhitungan nilai sisa modal (stok * harga dasar) sering eror, jadi nga sesuai lagi. di cek lgi di exel bisa selisih jutaan",3,2026-01-02 12:27:22
KasirPintar,jadi ga bisa ganti logo toko,3,2026-01-02 11:00:51
KasirPintar,tidak bisa ubah jumlah stok barang. tambah / kurang tidak bisa.,1,2026-01-02 07:15:13
KasirPintar,oke sip good,5,2026-01-02 06:23:46
KasirPintar,"fitur yang disediakan lengkap, aplikasinya sangat praktis dan mudah untuk digunakan. dan untuk stoknya bisa dipantau real time.",5,2026-01-01 22:41:39
KasirPintar,baru coba semoga bener2 bisa membantu pekerjaanku,3,2026-01-01 22:23:41
KasirPintar,sangat membantu untuk transaksi penjualan,5,2026-01-01 20:08:57
KasirPintar,recommended,5,2026-01-01 12:39:07
KasirPintar,"makin update makin gajelas fiturnya, edit barang dihapus gabisa hilang, jadi quantity 0 tapi masih muncul. alamat juga jadi pendek",1,2025-12-31 12:39:53
KasirPintar,baru mencoba semoga bagus aplikasi nya,4,2025-12-31 08:30:31
KasirPintar,aplikasinya bagus fitur fiturnya sangat membantu,5,2025-12-31 00:10:34
KasirPintar,aplikasi gk jelas masa udh ngisi formulirakungakada ombol selesai nya gmna mau dfrr akun,1,2025-12-30 22:59:03
KasirPintar,baguss,5,2025-12-30 15:49:48
KasirPintar,Ok bngt,5,2025-12-29 21:30:05
KasirPintar,"bagus sekali, sangat membantu.. meskipun free fitur sederhana SDH cukup buat UMKM kecil",5,2025-12-29 12:36:10
KasirPintar,Keren sekali . mantap,5,2025-12-28 19:23:37
KasirPintar,cakep,5,2025-12-28 01:27:43
KasirPintar,"baru pertama memakai aplikasi ini,cukup membantu terimakasih",5,2025-12-27 16:27:52
KasirPintar,sangat membantu sekali. terimakasih kasir pintar,5,2025-12-27 13:40:47
KasirPintar,Terima ini kasih sangat membantu dlm menjalankan usaha saya,5,2025-12-27 11:16:26
KasirPintar,bagussss,5,2025-12-27 11:09:54
KasirPintar,mantap,5,2025-12-25 19:19:19
KasirPintar,sangat bagus,5,2025-12-25 16:57:01
KasirPintar,"sangat membantu usaha di toko saya, pembukuan dan transaksi lebih mudah.",5,2025-12-23 21:33:28
KasirPintar,sangat membantu,5,2025-12-22 21:55:42
KasirPintar,saya sangat puas,5,2025-12-22 21:35:16
KasirPintar,bagus bgt,4,2025-12-22 14:49:15
KasirPintar,bagusss bgttttt,5,2025-12-22 14:49:02
KasirPintar,good,5,2025-12-22 14:41:00
KasirPintar,apk ini sangat membantu,5,2025-12-21 19:31:18
KasirPintar,sangat membantu,5,2025-12-21 17:39:48
KasirPintar,ok,5,2025-12-20 23:30:06
KasirPintar,bagus sekali,4,2025-12-20 20:37:57
KasirPintar,Simple dan gampang inputannya satset design simple clean juga. best dehh. Sukses selaluu,5,2025-12-20 19:35:15
KasirPintar,bagus pol,5,2025-12-20 10:21:37
KasirPintar,mantap,5,2025-12-19 22:31:18
KasirPintar,semoga bisa membantu kegiatan usaha sy,4,2025-12-19 15:32:47
KasirPintar,sangat membantu untuk umkm,5,2025-12-19 14:39:31
KasirPintar,sangat mudah di gunakan,5,2025-12-19 10:58:52
KasirPintar,jadi kalkulator buat usaha masih bisa. semoga kalau bisa gede nanti usahanya bisa upgrade ke pro. thanks dev,5,2025-12-18 17:40:45
KasirPintar,Sangat mudah digunakan untuk memulai usaha,5,2025-12-18 16:26:35
KasirPintar,bagus,3,2025-12-18 14:50:22
KasirPintar,sangat membantu,5,2025-12-17 19:48:08
KasirPintar,so far so good,5,2025-12-17 12:42:43
KasirPintar,sangat membantu,5,2025-12-17 10:45:19
KasirPintar,Sangat membantu saya dn tidak mengecewakan,5,2025-12-17 10:41:02
KasirPintar,mantap. sangat membantu,5,2025-12-17 01:32:10
KasirPintar,"padahal lumayan bagus, tapi ga bisa kirim kode otp jadi nya g bisa pake",1,2025-12-16 23:09:13
KasirPintar,sangat membantu,5,2025-12-16 21:23:15
KasirPintar,apk mantap,5,2025-12-16 21:17:20
KasirPintar,letak barang masih bingung,5,2025-12-16 08:42:21
KasirPintar,membantu,5,2025-12-15 23:06:25
KasirPintar,ok punya,5,2025-12-15 18:49:46
KasirPintar,sangat membantu. dalam perhitungan barang yg terjual.,5,2025-12-15 18:37:52
KasirPintar,TIDAK BISA SAVE DATA USAHA,1,2025-12-15 16:53:06
KasirPintar,sangat berguna dan bagus aplikasi nya,5,2025-12-14 16:23:30
KasirPintar,"aplikasi bagus, saran untuk diskon harga, alangkah baiknya kita masukin harga, jual diskon (%) otomatis, Kalau kita kasih diskon kadang bingung haitungannya, sebagai contoh Harga dasar1pcs 2rb, beli 3pcs 5rb Klw d masukin diskon bingung diskonnya brpa %",5,2025-12-14 14:17:50
KasirPintar,"Aplikasi kasir ternyaman dari yang pernah dicoba,",5,2025-12-14 12:03:42
KasirPintar,mudah dan praktis,5,2025-12-13 20:08:37
KasirPintar,price,4,2025-12-13 12:56:15
KasirPintar,"bagus , mudah2an bisa free",5,2025-12-13 07:22:08
KasirPintar,berapa harga programnya?,5,2025-12-13 01:20:30
KasirPintar,cukup mudah semoga usaha saya berjalan dengan lancar,5,2025-12-12 23:42:36
KasirPintar,pas daftar kok gak bisa di simpan sih. udh isi data tpi tombol simpanya mlah hilang di bawah gak bisa di geser,4,2025-12-12 23:29:06
KasirPintar,keren app nya,5,2025-12-12 21:51:25
KasirPintar,sangat baik,5,2025-12-12 14:44:21
KasirPintar,mantap,5,2025-12-11 10:34:25
KasirPintar,sangat me mbantu sekali,5,2025-12-10 16:59:24
KasirPintar,sangatlah membantu untuk pemula,5,2025-12-10 10:25:31
KasirPintar,keren,5,2025-12-09 19:40:12
KasirPintar,💪👍,5,2025-12-09 18:37:07
KasirPintar,"setelah lebih 1000 data, stok seringkali tidak sesuai faktual. padahal barang selalu di struk setiap transaksi. tidak seperti awal2 memakai aplikasi.",1,2025-12-08 19:26:34
KasirPintar,nice,5,2025-12-08 09:57:23
KasirPintar,bagus banget,5,2025-12-07 21:30:15
KasirPintar,sudah daftar dan verifikasi tp aplikasi gk bisa dibuka utk isi data d langkah selanjutnya,1,2025-12-07 16:11:51
KasirPintar,mantap,5,2025-12-07 12:30:36
KasirPintar,mudah di gunakan.. simple..,5,2025-12-06 00:30:42
KasirPintar,ini kenapa mau verifikasi kode otpnya ga nongol2,4,2025-12-05 23:18:38
KasirPintar,sedikit lemot jaringan gagal ke penyimpanan cloud,2,2025-12-05 23:12:09
KasirPintar,sangat membantu apalagi yang baru mulai usaha kecil kecilan,5,2025-12-05 21:14:10
KasirPintar,sangat membantu,5,2025-12-05 20:46:19
KasirPintar,bagus,5,2025-12-04 23:10:48
KasirPintar,"Kurang baik, tanpa pro transaksi terbatas. Aplikasi berjalan dengan baik sebagai kasir, di versi geratis fitur sudah cukup. Tapi buat transaksi ppob belum sepenuhnya stabil, kemudahan yang di berikan sudah cukup untuk yang memulai usaha. Terimakasih kasir pintar, ini adalah pengalaman yang berharga untukku agar kedepan nya bisa menjadi lebih baik.",3,2025-12-04 15:39:17
KasirPintar,Sangat simpel untuk dipelajari Menunya lengkap,5,2025-12-04 13:05:44
KasirPintar,goof,5,2025-12-03 13:09:03
KasirPintar,"akun dinonaktifkan karena setahun tidak login, mencoba login tidak bisa",2,2025-12-03 08:52:01
KasirPintar,mantap,5,2025-12-02 09:24:16
KasirPintar,membantu bisnis awal awal saya,5,2025-12-02 06:03:39
KasirPintar,app gratis terbaik menurutku selama ini,5,2025-12-01 19:13:45
KasirPintar,mantap,5,2025-12-01 18:40:34
KasirPintar,aplika ny bagus sekali,5,2025-12-01 10:50:54
KasirPintar,mudah dan free,5,2025-11-30 17:14:55
KasirPintar,sangat membatu sy dalam proses memulai usaha,5,2025-11-30 16:18:13
KasirPintar,sangat membantu untuk usaha saya,5,2025-11-30 14:34:01
KasirPintar,bagus,5,2025-11-30 11:07:38
KasirPintar,terimakasih kasir pintar...,5,2025-11-30 07:22:43
KasirPintar,Di coba dulu,5,2025-11-30 07:14:12
KasirPintar,sangat membantu bagi kami terimakasih,5,2025-11-29 15:49:23
KasirPintar,membantu,5,2025-11-29 07:38:32
KasirPintar,mantap,5,2025-11-27 21:03:29
KasirPintar,goodjob,5,2025-11-27 20:51:31
KasirPintar,sangat membantu,5,2025-11-27 10:43:36
KasirPintar,"Aplikasi sangat bagus, membantu menjalankan usaha, No Ribet, mudah di mengerti",5,2025-11-26 11:35:38
KasirPintar,memudah sekali dalam bertransaksi.. tpii storage nya gak bisa muat banyak.. harus berlangganan dulu,5,2025-11-25 08:14:25
KasirPintar,"sangat membantu dan memudahkan pedagang kecil yg sedang belajar untuk jualan online, memanfaatkan teknologi handphone dengan baik dan hati2",5,2025-11-24 23:39:12
KasirPintar,ok sangat membantu sy,5,2025-11-24 20:20:36
KasirPintar,mantap lah,5,2025-11-24 15:37:10
KasirPintar,bagus pol,5,2025-11-24 14:14:00
KasirPintar,okelah,5,2025-11-24 13:17:41
KasirPintar,sangat bagus,5,2025-11-23 23:35:09
KasirPintar,wahhhh apk nya bagus sekaliii 😻,5,2025-11-23 19:29:21
KasirPintar,mantap,5,2025-11-22 23:33:29
KasirPintar,sangat membantu,5,2025-11-22 15:37:25
KasirPintar,bagussss. sangat menolong UMKM,5,2025-11-22 11:13:07
KasirPintar,"kasir pintar sangat membantu sekali, mudah digunakan dan mudah dibawa kmna2, smua pekerjaan saya ditoko bisa lebih cepat dgn kasir pintar. terimaksih kasih pintar, saya kasih bintang 5👍",5,2025-11-22 09:27:39
KasirPintar,sangat membantu,5,2025-11-22 08:31:26
KasirPintar,sangat bagus sekali bisa membantu kami dalam bertransaksi,5,2025-11-21 22:45:35
KasirPintar,mantap,5,2025-11-20 15:10:32
KasirPintar,"kak , akun ku di nonaktifkan karna tdk transaksi selama 1 tahun , cara aktifin lg gmna ya?",5,2025-11-20 12:29:05
KasirPintar,mantap sangat membantu dan memudhkn usaha saya,5,2025-11-19 16:06:13
KasirPintar,sangat membantu,5,2025-11-19 12:26:40
KasirPintar,"sangat membantu usaha saya,fiturnya mudah digunakan",5,2025-11-19 10:05:06
KasirPintar,sangat membantu,5,2025-11-19 08:36:45
KasirPintar,sagat membatu catatan penjualan dan mebuat catatan menjadi lebih rapi dan mudah,5,2025-11-18 22:14:05
KasirPintar,aplikasi ini sangat membantu pencatatan keuangan. gampang digunakan,5,2025-11-18 19:27:35
KasirPintar,Mantaflah,5,2025-11-17 20:40:56
KasirPintar,mudah dan simpel,5,2025-11-17 16:52:12
KasirPintar,mantapapp,5,2025-11-17 11:03:06
KasirPintar,mudah di gunakan recommended,5,2025-11-16 15:53:49
KasirPintar,bintang lima jawabannya,5,2025-11-16 08:29:56
KasirPintar,bagus aplikasinya,4,2025-11-15 21:06:47
KasirPintar,aplikasi bagus untuk UMKM,5,2025-11-15 12:53:21
KasirPintar,okk mantap,5,2025-11-14 17:36:50
KasirPintar,sangat membantu coba yg free dulu kalau sudah bisa dan terbiasa digunakan setelah itu upgrade ke pro baru tambah bintang lagi.,4,2025-11-13 18:40:24
KasirPintar,apk mantap,5,2025-11-12 20:24:34
KasirPintar,easy to learn,5,2025-11-12 16:15:49
KasirPintar,Aplikasi yang sangat membantu bagi para pemilik usaha.,5,2025-11-12 14:08:36
KasirPintar,"dengan adanya kasir pintar sangat mempermudah kami para pedagang untuk mengontrol keuangan yg masuk,, terimakasih kasir pintarrr😍",5,2025-11-11 15:45:40
KasirPintar,aplikasi mudah digunakan,5,2025-11-11 10:18:17
KasirPintar,sangat membantu dan mudah penggunaan nya,5,2025-11-11 08:34:09
KasirPintar,"baru nyoba, semoga bermanfaat",5,2025-11-11 08:10:17
KasirPintar,mantap,5,2025-11-10 23:03:13
KasirPintar,mantap,5,2025-11-10 17:53:22
KasirPintar,"Setelah daftar & verifikasi nomor malah aplikasi gk bisa dibuka. ""Koneksi gagal"" Sdh hapus data & cache trus login ulang gk bisa jg 🗿",1,2025-11-10 08:16:45
KasirPintar,good apps,5,2025-11-09 04:48:01
KasirPintar,aplikasi yg sangat berguna tp sayang sekali sangat susah untuk verifikasi no tlpn.. mohon bantuannya 🙏,5,2025-11-08 17:53:55
KasirPintar,aplikasinya sangat membantu,5,2025-11-08 14:49:15
KasirPintar,bermanfaat,5,2025-11-06 17:57:01
KasirPintar,membantu sekali,5,2025-11-06 16:35:28
KasirPintar,"daftar akun tapi,tidak ada pilihan simpan data usaha",1,2025-11-06 09:27:48
KasirPintar,gratis dan mudah digunakan,5,2025-11-06 07:54:45
KasirPintar,nice,5,2025-11-05 16:59:44
KasirPintar,sangat bermanfaat dan mudah digunakan,5,2025-11-05 11:30:09
KasirPintar,mudah dan sangat membantu sekali,5,2025-11-04 22:51:54
KasirPintar,mantap dan lengkap,5,2025-11-04 10:48:09
KasirPintar,siip,4,2025-11-04 10:12:53
KasirPintar,sangat membantu untuk usaha kecil,5,2025-11-04 08:01:22
KasirPintar,top,5,2025-11-04 03:28:51
KasirPintar,bagus,5,2025-11-04 00:37:49
KasirPintar,sangat membantu mengatur keuangan warung saya,5,2025-11-03 18:54:38
KasirPintar,the best app sangat mempermudah proses transaksi,5,2025-11-03 12:09:36
KasirPintar,"bagus, praktis",5,2025-11-03 11:23:52
KasirPintar,"sangat membantu,",5,2025-11-02 19:03:56
KasirPintar,Baru setting diminta utk kasih rating ... okelah kasi 5,5,2025-11-02 18:01:39
KasirPintar,baik,5,2025-11-01 17:41:00
KasirPintar,bagus aplikasi nya sangat mudah untuk mengoperasikannya 👍,5,2025-11-01 08:30:48
KasirPintar,Baru cuba...,4,2025-11-01 08:07:21
KasirPintar,oke,5,2025-10-31 23:54:27
KasirPintar,Masih dalam tahap mencoba semoga bagus,4,2025-10-31 23:19:30
KasirPintar,bagus aplikasinya...mudah digunakan,5,2025-10-31 09:59:30
KasirPintar,mantap,5,2025-10-31 07:14:02
KasirPintar,sangat membantu unk pembukuan 👍,5,2025-10-31 05:42:27
KasirPintar,mantap sangat membantu,5,2025-10-30 20:26:21
KasirPintar,mudah cuman kurang logo usaha,5,2025-10-30 12:14:25
KasirPintar,good app,5,2025-10-29 17:12:12
KasirPintar,baik,5,2025-10-29 16:01:35
KasirPintar,aplikasinya ini sering gak cocok bagian stok opnamenya. setelah di update sering eror. tolong diperbaiki,3,2025-10-29 11:36:23
KasirPintar,"sementara ok banget, bsru coba nih",5,2025-10-29 08:38:50
KasirPintar,sangat membantu jualan,5,2025-10-29 08:36:34
KasirPintar,good,5,2025-10-28 19:18:38
KasirPintar,terima kasih meski free sdh sangat membantu administrasi jualan saya,5,2025-10-28 16:42:57
KasirPintar,muda pengoprasiannya,5,2025-10-27 22:48:49
KasirPintar,mantab keren membantu sekali,5,2025-10-27 11:12:34
KasirPintar,"sangat membantu,, meski awal pemakaian masih belum paham.",4,2025-10-27 04:46:55
KasirPintar,keren siii klo menurut saya,5,2025-10-26 11:08:05
KasirPintar,bagus ....sangat membantu.....,5,2025-10-25 19:04:52
KasirPintar,"mudah, praktis, jelas dan simpel.",5,2025-10-25 11:12:23
KasirPintar,SANGAT MEMBANTU,5,2025-10-25 08:55:22
KasirPintar,sangat membantu,5,2025-10-24 19:35:11
KasirPintar,oke,3,2025-10-23 21:13:40
KasirPintar,baru download dan mencoba untuk saat ini puasss sekali,5,2025-10-23 17:57:43
KasirPintar,ok,5,2025-10-23 06:59:48
KasirPintar,sangat membantu penjual pemula,5,2025-10-23 01:00:13
KasirPintar,mantepp,5,2025-10-21 15:00:37
KasirPintar,👍👍👍👍,5,2025-10-21 12:11:18
KasirPintar,bagus banget aplikasinya,5,2025-10-21 07:12:18
KasirPintar,sangat memudahkn untuk transaksi,5,2025-10-20 14:41:03
KasirPintar,Mudah dan membantu,5,2025-10-20 13:18:12
KasirPintar,"tambahkan akses karyawan free,, dan absen",5,2025-10-20 06:22:06
KasirPintar,Josss,5,2025-10-19 16:08:43
KasirPintar,baguz mudah digunakan,5,2025-10-19 12:51:53
KasirPintar,👍,5,2025-10-19 11:19:57
KasirPintar,sangat membantu,5,2025-10-19 06:15:02
KasirPintar,ok,5,2025-10-18 19:24:10
KasirPintar,mantapp apknya,5,2025-10-17 22:33:00
KasirPintar,ok,5,2025-10-17 17:17:48
KasirPintar,sangat bermanfaat dan mudah digunakan membantu dalam proses bertransaksi. lebih ditingkatkan lagi aplikasinya.,5,2025-10-17 14:06:31
KasirPintar,Sangat membantu sekali untuk transaksi usaha. Terimakasih,5,2025-10-15 00:37:27
KasirPintar,oke boss,5,2025-10-14 16:43:49
KasirPintar,Satuan per penjualan sih soalnya klo misal satu karton isi 12 di laporan ke isi 12 bukan karton,5,2025-10-14 06:50:48
KasirPintar,keren,5,2025-10-13 20:15:00
KasirPintar,mudah aplikasinya,5,2025-10-13 19:20:00
KasirPintar,ok,3,2025-10-13 17:53:52
KasirPintar,sangat membantu banget,5,2025-10-13 17:31:02
KasirPintar,mantaff,5,2025-10-12 22:52:18
KasirPintar,mantap,5,2025-10-12 18:56:41
KasirPintar,"terima kasih, semoga selalu lancar",5,2025-10-12 12:08:03
KasirPintar,baik,5,2025-10-12 11:04:02
KasirPintar,sangat membantu,5,2025-10-12 10:40:45
KasirPintar,sangat membantu sekali untuk kami pemula,5,2025-10-11 21:54:36
KasirPintar,sangat membantu usaha kami. trm ksh,5,2025-10-11 08:20:47
KasirPintar,"sangat membatu, jadi gampang bertransaksi, pembukuannya lengkap hari bulan dan tahunnya, tpi apakah kasir pintar hanya bisa di coba dalam 1-2 bulan soalnya tdi ada yg menghubungi saya katanya hari ini akun saya akan logout dri aplikasi dan harus diperpanjang dengan coin dan harus dibayar 1thn 666.000-1jt lebih mohon bantuannya🙏🏻 padahal aplikasinya sangat membatu sekali",4,2025-10-10 23:13:43
KasirPintar,ok,5,2025-10-10 22:41:12
KasirPintar,mudah d operasikan dan gampang d mengerti,5,2025-10-10 13:35:45
KasirPintar,"Cocok Buat para pedagang, sangat membantu",5,2025-10-10 00:33:51
KasirPintar,ok,5,2025-10-09 19:46:44
KasirPintar,mudah digunakan... terimakasih,5,2025-10-08 19:50:12
KasirPintar,cukup lengkap dan membantu,5,2025-10-08 15:28:09
KasirPintar,ok,5,2025-10-08 03:40:45
KasirPintar,mudah d gunakan untuk pemula,5,2025-10-08 02:10:15
KasirPintar,"klou pake apk kasir pintar , jika omset besar bisa ketauan orang pajak tidak , mohon info",5,2025-10-07 14:12:57
KasirPintar,mantap,5,2025-10-07 12:39:30
KasirPintar,"aplikasi UMKM semoga bisa membantu kinerja saya untuk mengembangkan usaha saya, terimakasih.",5,2025-10-07 09:21:54
KasirPintar,"masih bnyak bug, gambar produk sering hilang",1,2025-10-07 09:01:20
KasirPintar,apk ini support ios untuk ipad kah admin ?,5,2025-10-06 19:28:19
KasirPintar,Bagus sekali sangat membantu,5,2025-10-06 18:11:12
KasirPintar,Cocok untuk pemula,5,2025-10-06 17:44:55
KasirPintar,Bagus,5,2025-10-06 00:36:22
KasirPintar,bermanfaat,4,2025-10-05 22:31:50
KasirPintar,masih mencoba dan sangat mudah di gunakan,5,2025-10-05 16:34:59
KasirPintar,simpel dan praktis,5,2025-10-05 11:09:41
KasirPintar,sangat membantu,5,2025-10-05 08:32:34
KasirPintar,Bagus dan ada versi free yang lengkao,5,2025-10-04 23:40:18
KasirPintar,"●: tambahkan juga auto SKU di form edit barang. ●: tambahkan tombol ""uang pas"" pada pembayaran biar gak ngetik lagi kalo ada pecahan di belakang angkanya. ●: di menu transaksi penjualan setelah selesai search barang dan menekan tombol ""x"" keyboard jangan langsung mati. itu lebih baik karena bisa mempercepat pencarian selanjutnya. ●: pada device saya 'samsung m32' kalau input barang baru yang dengan gambar proses savenya sangat lama sekali. ga tau device lain juga ngalamin hal serupa atau gak.",5,2025-10-04 09:06:18
KasirPintar,karena masih suka eror keluar sendiri,4,2025-10-03 21:00:34
KasirPintar,"parah! udah scan barcode puluhan barang, pas input nomimal pembayaran buyer tiba-tiba selalu force close, anjir buang-buang waktu",1,2025-10-03 16:05:22
KasirPintar,oklah,5,2025-10-03 12:50:59
KasirPintar,bagus,5,2025-10-02 20:59:06
KasirPintar,Mantul apknya 👍,5,2025-10-02 08:04:49
KasirPintar,bagus simpel membantu,5,2025-10-01 12:47:44
KasirPintar,ok,5,2025-09-30 23:29:24
KasirPintar,bagus,5,2025-09-30 16:05:30
KasirPintar,coba yg free dlu ya,5,2025-09-30 14:22:30
KasirPintar,ok,5,2025-09-30 09:11:45
KasirPintar,"bagus,mudah digunakan",5,2025-09-30 07:41:39
KasirPintar,aplikasi sangat membantu & profesional,5,2025-09-29 17:22:40
KasirPintar,sangat membantu,5,2025-09-29 13:07:21
KasirPintar,oke,5,2025-09-28 14:42:53
KasirPintar,memudahkan dalam melakukan transaksi dan stok,5,2025-09-28 11:53:19
KasirPintar,sanagt membantu,5,2025-09-28 08:45:57
KasirPintar,good,5,2025-09-28 00:04:34
KasirPintar,aplikasi dipakai setiap hari untuk kasir diwarung,5,2025-09-27 13:27:18
KasirPintar,mantab,5,2025-09-27 09:47:08
KasirPintar,sangat membantu sekali,5,2025-09-27 08:00:18
KasirPintar,"sangat membantu untuk Usaha Sembako saya,, aplikasi kasir pintar sangat cocok bagi pemula usaha GEN Z seperti saya ini 👍👍👍",5,2025-09-27 06:34:22
KasirPintar,Sangat Membantu,5,2025-09-26 13:27:40
KasirPintar,best,5,2025-09-26 11:39:07
KasirPintar,"mantap, semoga selalu mberikan Terbaik untuk pengusaha pegusaha Di Indonesia",5,2025-09-26 06:58:21
KasirPintar,Sangat bagus dan baik di gunakan,5,2025-09-25 20:49:20
KasirPintar,sangat membantu sekali untuk transaksi penjualan 👍,5,2025-09-25 16:25:30
KasirPintar,mantap bgt,5,2025-09-25 16:07:40
KasirPintar,MasyaAllah sangat membantu dan sangat mudah.,5,2025-09-24 21:46:55
KasirPintar,mantap,5,2025-09-24 21:16:36
KasirPintar,sangat membantu terima kasih,5,2025-09-24 20:12:28
KasirPintar,apiksi simpel dam mudah untuk saya dalam memulai usaha,5,2025-09-24 18:54:41
KasirPintar,"sangat mudah digunakan, simpel dan memudahkan input penjualan. terimakasih",5,2025-09-24 17:36:24
KasirPintar,Aplikasi kasir free yang sangat berguna buat usaha UMKM jd kelihatan mewah.,5,2025-09-24 12:27:46
KasirPintar,sejauh ini bagus,5,2025-09-24 08:34:46
KasirPintar,ini sangat membantu,5,2025-09-24 03:47:29
KasirPintar,"saya mau upgrade kasir pintar pro tp tidak tersedia di play store tablet saya, mohon solusinya",5,2025-09-23 19:53:45
KasirPintar,lumayan membantu,4,2025-09-23 13:00:48
KasirPintar,"Sangat membantu, mudah dalam penggunaan",5,2025-09-23 08:58:50
KasirPintar,oke,5,2025-09-23 04:16:17
KasirPintar,bagus banget,5,2025-09-23 02:09:12
KasirPintar,menyenangkan,5,2025-09-23 01:08:24
KasirPintar,bagus,4,2025-09-22 01:11:01
KasirPintar,bagus banget buat ngangkat dia juga menjadi salah satu dari➡,4,2025-09-21 22:10:22
KasirPintar,sangat bermanfaat,5,2025-09-21 21:44:08
KasirPintar,sangat membantu,5,2025-09-21 03:26:01
KasirPintar,mantap,5,2025-09-20 21:28:09
KasirPintar,baik,4,2025-09-20 20:51:26
KasirPintar,Alhamdulillah bagus.. saran ... saat sudah return atau edit jika ada penambahan barang transaksi ada baiknya di struktur juga berubah barang yg di jual jangan hanya total yang berubah saja. terimakasih,5,2025-09-20 10:42:55
KasirPintar,"sangat membantu,",5,2025-09-20 09:45:17
KasirPintar,sangat membantu,5,2025-09-19 22:54:46
KasirPintar,aplikasinya simple dan lengkap banget fiturnya,5,2025-09-19 18:21:14
KasirPintar,"membantu,dan gratis",4,2025-09-19 02:54:05
KasirPintar,Sangat Membantu Bagi Kami Para UMKM... Rekomendasi Untuk Yang Bingung Cari Aplikasi Untuk Mempermudah Manajemen Usahanya...,5,2025-09-18 21:53:09
KasirPintar,mantas sangat membantu,5,2025-09-18 18:28:40
KasirPintar,terbaik,5,2025-09-18 17:30:42
KasirPintar,membantu,5,2025-09-18 14:09:57
KasirPintar,sangat mudah,5,2025-09-17 22:07:54
KasirPintar,"Udah lama. Pake aplikasi ini, tapi sempat pakum karena kerja... Sekarang baru mulai usaha lagi, semoga puas",5,2025-09-17 18:05:37
KasirPintar,sangat membantu,5,2025-09-17 17:27:50
KasirPintar,pokoknya mantulll,5,2025-09-17 10:17:18
KasirPintar,mantabbb buat usaha,5,2025-09-17 07:26:27
KasirPintar,"keren,sangat mmbanti",5,2025-09-16 22:47:13
KasirPintar,aplikasi enak gratis,4,2025-09-16 14:21:54
KasirPintar,bagus,5,2025-09-15 15:16:19
KasirPintar,"""Aplikasi yang Mengubah Hidup Saya Sebagai UMKM"" terima kasih telah membuat Kasir Pintar. aplikasi ini bukan cuma bantu jualan tapi juga memberi harapan. Saya dulu catat manual, sering salah, rugi. Sekarang, lebih tenang, lebih yakin. Kalian bukan cuma bikin aplikasi, tapi bantu UMKM kecil seperti saya untuk bertahan dan tumbuh. terus kembangkan, kami di sini mendukung sepenuh hati. 🙏❤️",5,2025-09-15 10:32:08
KasirPintar,sangat membantu,5,2025-09-14 22:58:00
KasirPintar,bagus,5,2025-09-14 16:07:17
KasirPintar,mantap,5,2025-09-14 13:48:06
KasirPintar,ok,5,2025-09-14 13:17:35
KasirPintar,mantap dan ok,5,2025-09-14 09:49:30
KasirPintar,ok,5,2025-09-14 08:30:45
KasirPintar,"baru download iseng"" blnjar ... lumayan mudah setelah liat tutorial...",5,2025-09-14 04:24:08
KasirPintar,👍,5,2025-09-14 00:44:57
KasirPintar,"sangat membantu sekali, meskipun tidak langganan pro tapi tetap bagus , cocok banget buat UMKM atau Toko",5,2025-09-13 23:39:09
KasirPintar,bagus,5,2025-09-13 22:56:32
KasirPintar,Aplikasi yang bagus dan sangat membantu kami dalam penjualan,5,2025-09-13 19:11:16
KasirPintar,aplikasi yang berguna untuk umkm,5,2025-09-13 16:45:29
KasirPintar,mantap,5,2025-09-13 14:13:31
KasirPintar,sumpah ngebantu banget weeee,5,2025-09-13 03:34:16
KasirPintar,lumayan mudah,5,2025-09-12 19:30:49
KasirPintar,"bismillah terima kasih kepada aplikasi kasir pintar free karna saya sudah lebih dari 4tahun memakai untuk toko sembako saya .. sangat memudahkan untuk menghitung.. tp maaf saya terkendala semenjak ada pembaruan, sekarang gabisa di scroll ke bawah sampai mentok akhirnya nama item barang tertutup di balik layar keyboard jadi lambat srkg kerjaan input. item keranjang c.o nya juga ketutup jadi mau edit harus nutup layar keyboard dulu,intinya jadi lambat",5,2025-09-12 11:44:19
KasirPintar,sangat bermanfaat dan membantu usaha,5,2025-09-11 16:16:03
KasirPintar,good,5,2025-09-11 15:00:11
KasirPintar,"sebetulnya suka banget fitur kasir pintar ini, tetapi mohon banget untuk pembayaran mending per fitur aja, karna saya ragu mau pindah ke pro, yang saya butuhkan fitur pro itu hanya 1 saja contoh nya saya hanya butuh rekapan per kategori saja, jadi sayang pindah ke pro sisa fitur lainnya ga terpakai, mohon upgrade nya bisa bayar per fitur🙏",5,2025-09-11 14:37:39
KasirPintar,kak apa ini gratis terus?kok muncul di aplikasi percobaan 30 hari..lalu stelah itu bayar?,3,2025-09-11 13:52:34
KasirPintar,sangat bagus. apalagi yang pro bagus banget,5,2025-09-11 09:17:35
KasirPintar,"Dengan Adanya Aplikasi Kasir Pintar Semuanya Berjalan Dengan Baik Dan Lancar, Semoga Kasir Pintar Memberikan Yang Terbaik Dan Lebih Baik Lagi Terima Kasih🙏",5,2025-09-10 16:53:10
KasirPintar,"bagus, dan mudah dioperasikan, cuma untuk nama pelanggan kalau bisa disertakan/dicantumkan",5,2025-09-10 07:13:31
KasirPintar,"operasional yang mudah dan simpel, sangat gampang untuk dipahami dan benar benar praktis",5,2025-09-09 19:13:57
KasirPintar,Sangat membantu,5,2025-09-09 13:23:29
KasirPintar,Sebenernya aplikasinya oke. Cuma harus disetting lagi kalo devicenya habis off screen. Jadi kurang efisien.,4,2025-09-08 21:01:42
KasirPintar,"bagus sih, pertama masih coba-coba karena belum ada komputer khusus buat kasir,, alhamdulilah sekarang sudah ada",4,2025-09-08 20:59:53
KasirPintar,sangat membantu,5,2025-09-08 19:46:11
KasirPintar,OTPnya nggak masuk2,1,2025-09-08 14:58:03
KasirPintar,berguna,5,2025-09-08 11:06:39
KasirPintar,bagus sangat membantu umkm,4,2025-09-08 10:23:23
KasirPintar,sangat baik untuk penjual pemula,5,2025-09-08 08:48:02
KasirPintar,puas,5,2025-09-07 23:30:54
KasirPintar,sip ok,5,2025-09-07 15:37:54
KasirPintar,"kok mau cetak malah gabisa , bug gitu",2,2025-09-07 12:15:34
KasirPintar,simple dan sangat membantu ❤️,5,2025-09-07 10:47:59
KasirPintar,membantu,5,2025-09-05 16:43:11
KasirPintar,mantap pokoknya,5,2025-09-05 11:15:15
KasirPintar,"sangat membantu aplikasi ini,mantap",5,2025-09-05 07:23:35
KasirPintar,"Aplikasi bagus, terus tingkatkan kualitas yang pro maupun free.",5,2025-09-04 20:36:29
KasirPintar,belum sepenuhnya dicoba,5,2025-09-04 15:34:31
KasirPintar,Aplikasi ini sangat bagus dan memudahkan dalam melakukan transaksi,5,2025-09-04 13:38:53
KasirPintar,bagus banget pakek apk ini kebantu banget bisa tau untung nya berapa setiap harinya.,5,2025-09-04 09:58:30
KasirPintar,Trimakasih,5,2025-09-04 00:54:25
KasirPintar,bagus sangat membantu,5,2025-09-03 23:36:10
KasirPintar,sangat membantu,5,2025-09-03 10:52:20
KasirPintar,Bagus sekali aplikasi nya. Terimakasih,5,2025-09-03 00:55:34
KasirPintar,sangat membantu laporan penjualan,5,2025-09-02 20:39:15
KasirPintar,mayan,5,2025-09-02 18:17:59
KasirPintar,kirim otp ke email giliran dicek email gk ada satupun otp yg masuk,2,2025-09-02 00:14:12
KasirPintar,bagus,5,2025-09-01 21:10:46
KasirPintar,sangat bagus,5,2025-08-30 22:06:31
KasirPintar,Oke. Walau free,4,2025-08-30 21:13:36
KasirPintar,good app,5,2025-08-30 17:32:37
KasirPintar,sangat bagus dan mudah,5,2025-08-29 23:21:38
KasirPintar,luar biasa,5,2025-08-29 20:18:39
KasirPintar,ini aplikasi kasir yg sangat mudah untuk yg lagi belajar. setelah sekian kali mencari aplikasi yg ada.,5,2025-08-29 19:31:27
KasirPintar,"aplikasi yg sangat bantu kami jualan, gratis dan mudah pengoperasiannya",5,2025-08-28 21:18:47
KasirPintar,"sangat bintang 5, meskipun tidak menggunakan yg pro sangat membantuu. best lah pokoknya👍👍",5,2025-08-28 12:30:46
KasirPintar,bagus tapi harus bayar,5,2025-08-28 00:14:19
KasirPintar,sangat membantu dalam pembukuan transaksi ditoko,5,2025-08-27 19:18:08
KasirPintar,goood,5,2025-08-27 17:19:20
KasirPintar,ok bagus,5,2025-08-27 06:53:20
KasirPintar,Sangat membantu,5,2025-08-27 01:00:35
KasirPintar,sangat bagus,5,2025-08-26 14:52:38
KasirPintar,"sangat membantu UMKM kecil 😍❤️, tapi saran saya nomer hp yang terdaftar bisa untuk diganti / diedit. ini tidak bisa.. saya salah masukkan nomor hp 🥹 tidak bisa diedit/ diganti.",4,2025-08-26 12:39:02
KasirPintar,bagus sekali sangat membantu,5,2025-08-26 11:12:23
KasirPintar,terimaksih telah membantu dan menjadi solusi gratis.. trimksih,5,2025-08-26 08:08:42
KasirPintar,👍👍👍,5,2025-08-24 21:38:34
KasirPintar,bagus,5,2025-08-24 15:24:03
KasirPintar,"mantap, sangat membantu untuk memulai usaha kecil",5,2025-08-23 08:38:37
KasirPintar,bagus,5,2025-08-23 08:33:21
KasirPintar,Membantu utk membuat bon penjualan,5,2025-08-22 14:58:47
KasirPintar,lumayan bagus,4,2025-08-22 11:50:22
KasirPintar,Sangat bagus,5,2025-08-22 07:51:05
KasirPintar,coba dulu ya,4,2025-08-22 03:39:55
KasirPintar,Jossss,5,2025-08-21 14:17:55
KasirPintar,aplikasi bagus,5,2025-08-21 10:10:36
KasirPintar,"aplikasi mudah di mengerti,dan gratiss ada kendala di verifikasi no hp..otp tidak masuk ke WA",5,2025-08-20 22:49:33
KasirPintar,bagus,5,2025-08-20 18:20:56
KasirPintar,sangat membantu untuk usaha kecil seperti kami,5,2025-08-20 15:40:47
KasirPintar,lengkap semuanya,5,2025-08-20 09:03:40
KasirPintar,"aplikasiny simple,g terlalu rumit dan mudah penggunaanya.fiturnya juga sudah lumayan lengkap,jadi nggak perlu download aplikasi lain untuk rekap penjualan barang.",5,2025-08-20 09:00:09
KasirPintar,yg free,5,2025-08-19 20:35:14
KasirPintar,jelek mau cetak print dipaksakan suruh ke aplikasi kasir pintar yg bayar aneh !!!! suruh akses pake fitur lain ada yg gratis suruh pindah ke bayar dasar aplikasi toxic siap2 viral!!!,1,2025-08-19 20:23:14
KasirPintar,SANGAT MEMBANTU,5,2025-08-19 13:27:28
KasirPintar,Aplikasi ini sangat membantu dalam transaksi penjualan. Sangat memudahkan saat ada pengembalian uang dalam transaksi karena otomatis telah terisi di struk.,5,2025-08-19 12:19:59
KasirPintar,Mantap banyak kren,5,2025-08-18 18:38:06
KasirPintar,keren.. sangat membantu,5,2025-08-18 18:06:06
KasirPintar,mantap,5,2025-08-18 15:46:01
KasirPintar,sangat bagus,5,2025-08-18 12:59:47
KasirPintar,"mudah di gunakan, bagus wlpn aku gapakai yg pro, jd bisa sekalian catat modalnya, kdg lupa naruh nota bisa cek lewat sini",5,2025-08-18 12:26:10
KasirPintar,udah bisa,5,2025-08-17 21:18:51
KasirPintar,tes dulu,5,2025-08-16 18:30:32
KasirPintar,mantap,5,2025-08-16 17:32:43
KasirPintar,bagus,5,2025-08-16 14:18:56
KasirPintar,Kurang suka,1,2025-08-16 12:24:04
KasirPintar,lumayan,5,2025-08-16 09:19:02
KasirPintar,sangat membantu dalam usaha,5,2025-08-16 08:54:58
KasirPintar,Kenapa nggak bisa verifikasi nomor ya?sudah input nomor tinggal masukkan kode OTP tapi ga ada wa masuk,5,2025-08-15 23:36:14
KasirPintar,sangat mudah di gunakan,5,2025-08-15 19:55:52
KasirPintar,sangat bermanfaat,5,2025-08-14 15:57:10
KasirPintar,mudah di gunakan,5,2025-08-14 14:20:51
KasirPintar,sangat membantu,5,2025-08-12 19:22:21
KasirPintar,sangat membantu usaha kecil seperti kami,5,2025-08-12 17:40:00
KasirPintar,"Bagus, hasil jadi lebih akurat",5,2025-08-12 13:25:46
KasirPintar,Sangat Rekomended untuk Kalangan Owner dan Founder Usaha Usaha Kecil yang Mau Naik Tingkat dan Naik Level sangatt membantu dan Memudahkan terima Kasih Kasir Pintar,5,2025-08-12 11:26:34
KasirPintar,mantap sangat membantu,5,2025-08-11 20:07:57
KasirPintar,ok,1,2025-08-10 23:22:16
KasirPintar,bagus sih membantu juga tapi syg ketika cetak struk kertas yg keluar jadi panjang bangett😭kq g' di sesuaikan aja sih kan jadi kerja 2x harus gulung kertas lagi,3,2025-08-10 22:11:53
KasirPintar,aneh banget mau daftar tapi nggk bisa. kode otp nggk dikirim2,3,2025-08-10 14:10:36
KasirPintar,apk kasir yg no ribet,5,2025-08-10 10:40:59
KasirPintar,ok,5,2025-08-10 02:05:04
KasirPintar,sangat berguna pemakaian,5,2025-08-09 08:04:41
KasirPintar,Mantap,5,2025-08-08 22:53:33
KasirPintar,sangat membantu,5,2025-08-08 21:50:10
KasirPintar,keren & mudah di gunakan,5,2025-08-08 15:12:50
KasirPintar,Sangat memuaskan terima kasih,5,2025-08-08 11:50:30
KasirPintar,mantap,5,2025-08-08 11:08:05
KasirPintar,good,5,2025-08-07 21:24:20
KasirPintar,ok,5,2025-08-07 10:59:47
KasirPintar,bagus,5,2025-08-07 10:51:04
KasirPintar,aplikasi yang sangat membantu,5,2025-08-07 09:07:27
KasirPintar,aplikasinya sangat membantu,5,2025-08-06 17:07:44
KasirPintar,"baru menggunakan, Alhamdulillah, keren....dan pastinya menjadikan usaha kita lebih 'berkelas'.... terimakasih",5,2025-08-06 06:47:09
KasirPintar,mantap,5,2025-08-05 16:02:05
KasirPintar,bagus sejauh ini.. mantull,5,2025-08-05 16:00:46
KasirPintar,aplikasi rekomendasi ya,5,2025-08-05 11:37:49
KasirPintar,oke tp untuk versi pro terlalu mahal,5,2025-08-05 09:01:49
KasirPintar,Dari awal buka toko 2020 sampe sekarang masih pake apk ini.. makasih,5,2025-08-04 22:36:14
KasirPintar,mudah digunakan,5,2025-08-04 18:39:48
KasirPintar,sangat membantu,5,2025-08-04 17:45:17
KasirPintar,lumayan,4,2025-08-03 22:16:34
KasirPintar,"knpa aplikasi saya tidak bisa di gunakan lagi ,karena 1 tahun tidak pernah saya gunakan ,jadi skrang saya mau gunakan lagi ternyata gk bisa ,tolong ya saya mau menggunakan lagi",4,2025-08-03 12:49:23
KasirPintar,sangatvmembantu.... Keren.,5,2025-08-03 10:48:09
KasirPintar,"aplikasi yang sangat bagus , sangat membantu",5,2025-08-02 13:11:56
KasirPintar,UI yang mudah n simple,5,2025-08-01 19:15:39
KasirPintar,"saya make apk ini udah hampir 5 th untuk perbaikan mohon bagian cetak struk di bagi 2 opsi min,buat toko sama buat cs selebihnya masih ok",4,2025-07-31 22:56:50
KasirPintar,bagus,5,2025-07-31 22:47:05
KasirPintar,"bagus sekali terbantu untuk buat nota,",5,2025-07-31 17:51:07
KasirPintar,"ampun mau daftar aja udah nyusahain ,kide otp kagak ada nunggu lama",1,2025-07-30 14:26:14
KasirPintar,lengkap,5,2025-07-30 10:54:46
KasirPintar,"Aplikasi sangat bagus dengan tampilan yang bagus juga dan mudah di mengerti, bisa di pakai secara gratis, terimakasih kasir pintar semoga kedepannya bisa berlagganan yang pro",5,2025-07-29 15:57:44
KasirPintar,susah login nya,1,2025-07-29 12:29:40
KasirPintar,sangat membantu,5,2025-07-29 09:03:04
KasirPintar,"trimakasih, aplikasi ini sangat membantu kami para umkm",5,2025-07-28 23:04:40
KasirPintar,sangat membantu,5,2025-07-28 12:40:50
KasirPintar,sangat membantu,5,2025-07-28 11:05:28
KasirPintar,sangat membantu,5,2025-07-27 21:49:19
KasirPintar,Sangat membantu setiap transaksi,5,2025-07-27 18:02:33
KasirPintar,baru coba,4,2025-07-27 06:11:09
KasirPintar,sangat membantu,5,2025-07-27 00:54:21
KasirPintar,good,5,2025-07-26 21:00:06
KasirPintar,baru pengguna belum merasakan manfaat nya nanti di rating lagi,4,2025-07-25 16:56:33
KasirPintar,Ini masih belajar memasuklan data. Juga Penjualannya. Kelihatannya memang tidak terlalu sulit. Tutorialnya sangat membantu. Terus tingkatkan kualitasnya. 👍👍👍,5,2025-07-25 10:29:14
KasirPintar,terima kasih sdh membantu admin penjualan,5,2025-07-24 18:51:27
KasirPintar,sangat membantu,5,2025-07-24 18:50:49
KasirPintar,oke banget sudah lama gunakan aplikasi ini,5,2025-07-24 18:07:14
KasirPintar,Bagus banget,5,2025-07-24 17:28:02
KasirPintar,saya baru mencoba dan saya pikir bagus,4,2025-07-24 11:09:18
KasirPintar,okee,5,2025-07-24 08:43:16
KasirPintar,apk yg sangat membantu dan mudah buat umkm,5,2025-07-24 03:35:46
KasirPintar,apk yg sangat membantu,5,2025-07-22 20:03:14
KasirPintar,sangat membantu,5,2025-07-22 03:26:05
KasirPintar,mantap,5,2025-07-22 01:13:59
KasirPintar,mudah dioperasikan dan sangat membantu umkm,5,2025-07-21 23:44:27
KasirPintar,mantab makasih Kasir Pinter,5,2025-07-21 22:32:48
KasirPintar,mudah dan sangat membantu,5,2025-07-21 11:31:28
KasirPintar,"bintang 5 karena sudah mempermudah urusan kasir, namun sangat di sayangkan, pada bagian email data pelanggan bertuliskan boleh di kosongkan, tapi ketika kosong data pelanggan tidak bisa di simpan, mohon di perbaiki, dan saat di isi email, nantinya email juga tidak bisa di rubah, terlalu mewajibkan email, harusnya di buat opsional saja",5,2025-07-21 09:34:05
KasirPintar,"nyoba pakai buat kasir warung sembako, cuma bisa upload 50 produk doang. padahal katanya bisa sampe 1000 yang free??",3,2025-07-20 19:50:32
KasirPintar,"bagus bgt, dah 3tahun pakai kaspin untuk usaha ppob ku",5,2025-07-19 14:01:50
KasirPintar,mantap tapi sayang cuma 1000 item..,5,2025-07-19 10:04:36
KasirPintar,bagus dan selalu bisa amanah,5,2025-07-18 18:02:42
KasirPintar,sangat membantu,5,2025-07-18 14:47:58
KasirPintar,oke jos sekali,5,2025-07-17 12:28:40
KasirPintar,aplikasi bagu,5,2025-07-17 11:35:39
KasirPintar,Aplikasi bagus,5,2025-07-16 23:24:09
KasirPintar,"mudah dipakai , gratis lagi",5,2025-07-16 16:47:45
KasirPintar,sangat membantu,5,2025-07-16 15:39:44
KasirPintar,sangat membantu,5,2025-07-15 13:04:27
KasirPintar,"aplikasi yang sangat membantu pembukuan di era modern, trimaksih tim kasir pintar, semoga sehat selalu",5,2025-07-15 12:28:24
KasirPintar,sangat bagus sekali..,5,2025-07-15 06:40:23
KasirPintar,sangat membantu,5,2025-07-15 06:03:34
KasirPintar,"tidak bisa digunakan, selalu ada tulisan koneksi gagal",1,2025-07-14 10:56:09
KasirPintar,terima kasih kaspin transaksi jadi lebih mudah,4,2025-07-14 09:10:58
KasirPintar,sangat bermanfaat,5,2025-07-13 18:26:55
KasirPintar,bagus,4,2025-07-12 19:51:50
KasirPintar,"Buat Pemula app Kasir pintar ini cocok,..coba deh!",4,2025-07-12 10:32:43
KasirPintar,Sekeren dan sesimple itu,5,2025-07-11 22:19:31
KasirPintar,aseeek siiiiip ws,5,2025-07-11 21:21:55
KasirPintar,fitur laporan lengkap,5,2025-07-11 18:23:52
KasirPintar,sip membantu,5,2025-07-11 10:14:24
KasirPintar,"praktis, mudah di pahami dan tanpa ribet .. 👍👍👍",5,2025-07-11 10:11:02
KasirPintar,bagus,5,2025-07-11 01:09:34
KasirPintar,"thanks akun saya sudah di block -_-, mana ada sisa saldo lagi",1,2025-07-11 00:28:57
KasirPintar,mantap,5,2025-07-10 22:23:31
KasirPintar,"Saya sudah lama pake Apk Kasir Pintar, awalnya sih baik"" aja, tapi lama"" knapa sering minta di Update ya & sering keluar laporan penuh, Bedanya dengan yang Pro gk ada 0.1, jadi satu gk bisa di bagi lagi..",5,2025-07-10 21:24:26
KasirPintar,"tiba2 gabisa dibuka,keluar2 terus dan muncul tulisan tidak ada koneksi! sekarang lumayan",5,2025-07-10 20:03:43
KasirPintar,bagus sangat membantu umkm lokal.,5,2025-07-10 16:59:36
KasirPintar,aplikasi yang sangat membantu,5,2025-07-10 15:37:08
KasirPintar,mantap,5,2025-07-10 14:17:51
KasirPintar,good.. rekomended,5,2025-07-10 13:23:36
KasirPintar,best,5,2025-07-10 13:16:09
KasirPintar,kak kenapa tidak tersambung ke jaringan.harap periksa koneksi internet anda.padahal jaringan bagus .buka aplikasi lain bisa,1,2025-07-10 13:02:15
KasirPintar,"error, data g bs masuk, diupdate malah GAGAL terlogout krn tdk gunakan app 30hr, pdhl aktip setiap jam, berbayar padahal, tolong segera diperbaiki, krn sangat mengganggu dan tidak bs digunakan kembali",1,2025-07-10 12:54:59
KasirPintar,aplikasi tidak dapat dibuka,1,2025-07-10 11:42:06
KasirPintar,ko susah log in sih,3,2025-07-10 11:00:39
KasirPintar,mantap,5,2025-07-10 10:35:47
KasirPintar,semenjak update tidak bisa login lagi,1,2025-07-10 10:21:37
KasirPintar,kok susah di bukak,1,2025-07-10 09:53:39
KasirPintar,"maaf min,kok g bisa tersambung ke servernya ya? error.. apa baru pemeliharaan?",3,2025-07-10 09:46:08
KasirPintar,"kerenn..!! sangat membantu umkm seperti saya,, terima kasih kasir pintar terutama utk versi gratisnya... sukses selalu",5,2025-07-10 09:33:37
KasirPintar,mantap,5,2025-07-10 09:33:03
KasirPintar,"no admin yang bisa dihubungi mana ya,ini aplikasi tiba2 log out semua dari perangkat",3,2025-07-10 08:53:13
KasirPintar,kenap ini aplikasi tiba tiba keluar verifikasi padahal tiap bulan bayar,1,2025-07-10 08:40:33
KasirPintar,bagus,4,2025-07-10 00:37:06
KasirPintar,keren,5,2025-07-09 21:53:11
KasirPintar,sangat membantu,5,2025-07-09 16:44:14
KasirPintar,harga modal kadang berubah..mohon diprbaiki aplikasinya,5,2025-07-09 12:47:51
KasirPintar,istimewa,5,2025-07-08 18:31:52
KasirPintar,baru mencoba dan masih belajar guys semoga bisa,5,2025-07-08 15:57:47
KasirPintar,sangat berguna,5,2025-07-08 12:12:44
KasirPintar,sangat membantu dan detail,5,2025-07-08 10:03:24
KasirPintar,bagus,5,2025-07-08 07:19:12
KasirPintar,mantap,5,2025-07-07 20:45:36
KasirPintar,sangat cocok untuk UMKM,5,2025-07-07 19:54:50
KasirPintar,sangat baik,5,2025-07-07 15:05:47
KasirPintar,bagus aplikasinya...,5,2025-07-07 13:54:04
KasirPintar,kasi bintang 4 dulu soalnya baru di coba,4,2025-07-07 10:47:03
KasirPintar,baru coba dan sejauh ini bagus dan membantu pendataan stok dan transaksi jual beli thx developer,5,2025-07-07 01:04:31
KasirPintar,"aplilasi gak guna ,engga bisa disave pengaturannya",1,2025-07-06 19:30:02
KasirPintar,Alhamdulillah membantu,5,2025-07-06 15:13:10
KasirPintar,sulit nge print. pdhl sudah terkoneksi,3,2025-07-06 14:13:05
KasirPintar,tetbaik,5,2025-07-06 14:00:17
KasirPintar,keren aplikasinya,5,2025-07-06 09:40:42
KasirPintar,cukup membantu,5,2025-07-05 19:58:34
KasirPintar,bagus,5,2025-07-05 13:42:40
KasirPintar,oke,5,2025-07-05 13:29:29
KasirPintar,bagus,5,2025-07-05 08:18:45
KasirPintar,bagus,5,2025-07-04 19:02:16
KasirPintar,membantu sekali,5,2025-07-04 12:05:13
KasirPintar,lg nyobain yg gratis.. aplikasinya sudah oke. cm perlu penyesuaian krn tampilannya agak berbeda dgn aplikasi kasir pada umumnya.,5,2025-07-04 11:42:34
KasirPintar,otp belum berhasil,5,2025-07-03 19:32:13
KasirPintar,"sangat membantu, saran kalo bisa ada pengaturan rubah tangga transaksi, atau saya yg tidak tau bisa di kasi tau ☺️",5,2025-07-03 19:23:52
KasirPintar,sangat membantu,5,2025-07-03 17:50:22
KasirPintar,Ok,5,2025-07-03 17:20:39
KasirPintar,suka aplikasinya bisa membatu toko kecil kami Alhamdulillah,5,2025-07-03 17:05:32
KasirPintar,bagus,5,2025-07-03 14:15:39
KasirPintar,4 dulu masih baru download 😁,4,2025-07-03 11:09:37
KasirPintar,"sudah bagus, tapi kenapa sering log out sendiri ya kalo sudh login lagi laporan penjualan bulan yang lalu ada yang hilang februari-maret hilang laporan penjualan.nya tolong diperbaiki lagi",4,2025-07-03 07:15:15
KasirPintar,Okee,5,2025-07-03 05:57:55
KasirPintar,aplikasi nya sangat membantu sekali dan mudah digunakan,5,2025-07-02 22:42:08
KasirPintar,Bermanfaat Membantu UMKM yang Masih Merintis,4,2025-07-02 20:11:12
KasirPintar,"bagus , mantap 👍",5,2025-07-02 19:43:48
KasirPintar,keren,5,2025-07-02 17:34:05
KasirPintar,"Cukup Membantu Hanya saja aplikasi suka logout sendiri, Harap ditingkatkan",4,2025-07-02 10:41:07
KasirPintar,sangat membantu ritel penjualan,5,2025-07-02 09:47:54
KasirPintar,kok bayar,5,2025-07-01 11:07:17
KasirPintar,sangat bagus,5,2025-07-01 04:41:57
KasirPintar,membantu banget,5,2025-06-30 22:25:22
KasirPintar,"Mantap, Tks, Sangat berfanmaat dan fungsional banget",5,2025-06-30 19:49:09
KasirPintar,sangat2 membantu bnget jadi smngat usha y😁😁 sukses sellu,5,2025-06-30 19:36:13
KasirPintar,keren,5,2025-06-30 18:45:33
KasirPintar,baguuss,5,2025-06-30 15:55:46
KasirPintar,bagus,5,2025-06-30 06:38:28
KasirPintar,bagus,5,2025-06-30 04:36:28
KasirPintar,ok,5,2025-06-29 21:36:19
KasirPintar,berapa kali harus saya kasih rating ni,5,2025-06-29 16:32:10
KasirPintar,ok poooool,5,2025-06-29 13:14:15
KasirPintar,kok di hp saya ngelag ya,5,2025-06-28 11:43:52
KasirPintar,mantap,5,2025-06-28 11:26:27
KasirPintar,bagus,4,2025-06-28 10:31:02
KasirPintar,"sangat membantu sekali dalam mengelola keuangan toko saya baikendiskripsikan total sales harian detail,.bulanan dan berapa margin keuntungan kita yg didapat ..harian bulanan tahunan",5,2025-06-27 22:08:42
KasirPintar,sangat memuaskn selama 3 thn ini,5,2025-06-27 13:18:15
KasirPintar,"mantap, aplikasi ini sangat membantu",5,2025-06-27 11:44:50
KasirPintar,aku udah ga aktif satu tahun karena beberapa hal pas aku coba login lagi ga bisa Krena ga aktif bikin akun lagi juga ga bisa karena email sudah tertaut terus aku harus apa tolong di jawab ga di jawab aku kasih b1,3,2025-06-26 21:10:45
KasirPintar,good job,5,2025-06-26 20:43:49
KasirPintar,"aplikasi ini sangat membantu sekali bagi saya,dan sangat mempermudah sekali untuk melakukan penjualan sebagai canvasser",5,2025-06-26 20:09:58
KasirPintar,dipertahankan,5,2025-06-26 09:32:22
KasirPintar,"aplikasi belum bisa dipakai, disuruh verifikasi melalui Whatsapp tapi kode otp tidak kunjung masuk , terus aku kudu piye?? mohon bantuannya",3,2025-06-26 09:28:14
KasirPintar,ok,5,2025-06-26 06:55:12
KasirPintar,"nyaman banget,tampilannya sederhana tapi to the point. Akhirnya nemu aplikasi yang pas banget buat usaha saya.",5,2025-06-25 23:15:51
KasirPintar,Mudah digunakan untuk pemula aplikasi juga mudah dipahami,5,2025-06-25 20:30:01
KasirPintar,bug lagi tidak bisa menambahkan nol diangka 1jt,1,2025-06-25 14:14:30
KasirPintar,bagus,5,2025-06-25 12:47:52
KasirPintar,mantapp,5,2025-06-25 01:02:43
KasirPintar,bagus membantu sekali,5,2025-06-24 22:34:32
KasirPintar,oke,5,2025-06-24 21:56:53
KasirPintar,aplikasi nya sangat membantu usaha saya,5,2025-06-24 15:47:56
KasirPintar,Sangat membantu,5,2025-06-24 13:39:32
KasirPintar,bagus,5,2025-06-24 00:55:44
KasirPintar,ok,5,2025-06-23 19:59:05
KasirPintar,Bagus,5,2025-06-23 14:13:31
KasirPintar,oke bagus sekali,5,2025-06-22 22:38:50
KasirPintar,sangat membantu. terimakasih yaaa,5,2025-06-22 13:17:01
KasirPintar,sangat memudahkan usaha saya,5,2025-06-22 00:23:51
KasirPintar,mantappp,5,2025-06-21 22:02:23
KasirPintar,"Assalamualaikum salam kenal ,akan saya coba dulu ,semoga bermanfaat",5,2025-06-21 21:04:35
KasirPintar,bagus walau perlu belajar dl,5,2025-06-21 20:47:44
KasirPintar,"bagus, kalo bagusnya lama nanti saya pro kan aplikasi nya",5,2025-06-21 13:05:39
KasirPintar,mantapp mudah cepat cuan,5,2025-06-21 09:35:07
KasirPintar,"kalau boleh saran di nota kasih ket satuan spt pcs, kg, ikat, slop dsb",5,2025-06-20 18:36:59
KasirPintar,Sangat sangat membantu usaha saya untuk pembuatan nota,5,2025-06-20 07:01:47
KasirPintar,baik sekali,5,2025-06-19 22:49:35
KasirPintar,aplikasi kasir yang sangat user friendly. ringkas dan tepat bagi para pelaku UMKM. sukses terus dan semoga bermanfaat.,5,2025-06-19 06:51:46
KasirPintar,buka tutup kasir nya ngak ada ya.. yang gratis,5,2025-06-19 00:05:02
KasirPintar,ok punya,5,2025-06-18 15:40:10
KasirPintar,sangat membantu,5,2025-06-18 13:32:23
KasirPintar,mantap,5,2025-06-18 01:44:32
KasirPintar,cujup bqgus.,5,2025-06-17 20:29:09
KasirPintar,sangat membantu dalam bertransaksi dan mudah digunakan,5,2025-06-17 20:22:20
KasirPintar,versi gratis untuk baru yang mau memulai usaha sangat cocok ☺️,5,2025-06-17 17:02:12
KasirPintar,yeah,5,2025-06-17 15:54:07
KasirPintar,ngk bisa di scrolling,1,2025-06-17 15:09:33
KasirPintar,sangat membantu dalam menghitung,4,2025-06-17 13:35:21
KasirPintar,lebih baik dan lebih cepat,5,2025-06-17 02:53:57
KasirPintar,aplikasi sangat membantu dan mempermudah usaha kami terima kasih,5,2025-06-16 22:39:35
KasirPintar,luuar biasaa,5,2025-06-15 12:07:19
KasirPintar,kerennnn pollll gratisannya aja membantu,5,2025-06-14 19:28:59
KasirPintar,mantap sangat mudahh,5,2025-06-14 00:29:22
KasirPintar,trimakasih,5,2025-06-13 23:53:58
KasirPintar,bagus tapi sayang ngak ada fitur utang piutang,1,2025-06-13 22:08:57
KasirPintar,mantap,5,2025-06-13 21:14:39
KasirPintar,mantap,5,2025-06-13 10:16:52
KasirPintar,"Sangat Membantu,, Sedikit Saran, Tolong Perbaiki Stok Barang Varian, Gabisa dobel. Conto Jual Produk Minuman ( A - Panas hrga 1000 ) Masukin Produk ( A - Dingin Harga 2000 ) yang Tercatat Cman 1 Produk, Ga bisa 2 Produk.",5,2025-06-13 05:30:22
KasirPintar,masuk aplikasinya sangat mendukung cuma untuk verifikasi GK muncul2 suka bingung saya dari situ,5,2025-06-12 13:35:43
KasirPintar,baru mencoba semoga tidak ada kendala. seharusnya ada menu kunci biar status transaksi tidak gampang dihapus,5,2025-06-12 10:37:22
KasirPintar,masih proses menjalankan mudah di operasikan dan semoga pengusaha UMKM dgn budget rendah tetap bisa nikmati fitur nya,5,2025-06-12 07:38:11
KasirPintar,sangat puas,5,2025-06-12 06:38:30
KasirPintar,bagus apk nya tapi ada yang kurang gak bisa ganti no hp di aplikasi padahal pingin ganti no hp karena no lama udah hangus,5,2025-06-11 11:09:49
KasirPintar,sangat membantu,5,2025-06-11 10:57:05
KasirPintar,gak bisa cetak pake xiomi,5,2025-06-11 01:07:12
KasirPintar,suka dan gratis,5,2025-06-10 22:00:24
KasirPintar,aplikasinya membantu dan mudah di gunakan. cukup untuk pembukuan usaha kecil,5,2025-06-10 21:28:43
KasirPintar,Sangat amat terbantu dengan aplikasi ini??? pokoke muantep tenan 👍👍👍👍,5,2025-06-10 21:25:09
KasirPintar,aplikasi mudah digunakan dan sangat membantu,5,2025-06-10 16:49:33
KasirPintar,blom coba semoga cocok,5,2025-06-09 21:56:17
KasirPintar,"Mantap, Aplikasinya Sangat Membantu dan Gratis",5,2025-06-09 20:56:29
KasirPintar,good tenan,5,2025-06-09 19:10:04
KasirPintar,mantap pokok nya,5,2025-06-09 18:28:36
KasirPintar,sangat membantu! sangat sangat sangat membantu. Terima Kasih,5,2025-06-09 17:44:09
KasirPintar,masih proses pembelajaran,5,2025-06-09 16:37:52
KasirPintar,"mantaap, sangat membantu untuk usaha apa sja. trima kasih kasir pintar",5,2025-06-09 09:32:27
KasirPintar,keren,5,2025-06-08 23:45:08
KasirPintar,"bagus, simple",5,2025-06-08 22:42:55
KasirPintar,hallo kak. cara aktifkan akun gimana ya? akun ku udh di nonaktifkan krna tidak aktif selama 1thn lebih,4,2025-06-08 21:46:00
KasirPintar,top,5,2025-06-08 14:19:32
KasirPintar,sangat membantu,5,2025-06-08 13:24:49
KasirPintar,Mantaaap pake yg free ... Gak terlalu lemot,5,2025-06-07 10:35:46
KasirPintar,Mantap,5,2025-06-06 17:43:51
KasirPintar,baru mendownload mudah2n bisa mempermudah usaha saya,4,2025-06-06 13:11:33
KasirPintar,sangat membantu kerjaan yg pasti nya.,5,2025-06-06 12:38:41
KasirPintar,bagus dan membantu,5,2025-06-05 21:31:45
KasirPintar,baik,5,2025-06-05 14:02:11
KasirPintar,mantap,5,2025-06-05 11:22:34
KasirPintar,sangat membantu,5,2025-06-05 06:47:03
KasirPintar,sangat membantu usaha saya,5,2025-06-05 04:42:19
KasirPintar,recomend,5,2025-06-05 01:26:13
KasirPintar,Sangat Membantu sekali,5,2025-06-04 18:56:43
KasirPintar,Keren buat kasir. membantu banget.. top dah .,5,2025-06-04 16:54:42
KasirPintar,good job,5,2025-06-03 14:58:57
KasirPintar,good,4,2025-06-02 22:41:46
KasirPintar,bagus,5,2025-06-02 16:14:12
KasirPintar,sangat bagus,5,2025-06-02 13:29:09
KasirPintar,keluar masuk ga jelas dipengaturan,4,2025-06-02 08:39:18
KasirPintar,good,5,2025-06-02 07:47:33
KasirPintar,good,4,2025-06-02 07:35:13
KasirPintar,"Bagus, sangat membantu UMKM saya.",5,2025-06-02 00:51:19
KasirPintar,"Aplikasi yg sangat membantu bagi UMKM, bahkan dgn versi freenya sja sdh sangat lengkap fiturnya, terima kasih aplikator kasir pintar",5,2025-06-01 18:36:02
KasirPintar,"baru coba, kita liat kedepan nya gimana nanti kita naiki lagi bintang nya",3,2025-06-01 15:04:40
KasirPintar,"keren, banyak alat untuk cetak struk bisa",5,2025-05-31 14:45:40
KasirPintar,Alhamdulillah sangat membantu,5,2025-05-31 07:21:06
KasirPintar,bagus si apl nya,5,2025-05-30 10:13:48
KasirPintar,membantu,5,2025-05-29 09:07:13
KasirPintar,"bagus, mudah",5,2025-05-28 21:19:59
KasirPintar,tra usah aktifkan fitur daftar via google jika tetap harus daftar manual ujung2nya,1,2025-05-28 04:25:15
KasirPintar,mntap,5,2025-05-28 00:15:37
KasirPintar,"tolong developer, no nya mau sy ganti pas verifikasi gk masuk² kode otp. tolong untuk di perbaiki sesegera mungkin, nnti bintang 5 nyusul🙏",2,2025-05-27 23:13:46
KasirPintar,sangat membantu aplikasi mudah di mengerti,5,2025-05-27 22:44:49
KasirPintar,hari pertama ..tapi alhamdulilah lancar stelah sekian banyak cari aplilasi ternyata ini insyaAllah ya g paling cocok dan gampang di mengerti,4,2025-05-27 22:19:19
KasirPintar,halo min gimna cara aktifin akun yg di suspend?,4,2025-05-27 19:17:21
KasirPintar,sangat membantu usaha menengah kebawah,5,2025-05-27 17:47:24
KasirPintar,cukup memuaskan,4,2025-05-27 16:56:50
KasirPintar,Sangat mudah dan fleksibel,5,2025-05-27 13:06:17
KasirPintar,kasir pintar sangat membantu transaksi kami,5,2025-05-26 21:59:21
KasirPintar,mudah di mengerti,3,2025-05-26 19:50:34
KasirPintar,Sangat membatu dalam melakukan pembukuan,5,2025-05-26 12:45:31
KasirPintar,"bagus banget untuk penggunaan kasir, dan menghitung kas penjualan",5,2025-05-26 08:54:45
KasirPintar,"Aplikasi yang lengkap bagus dan tidak harus berbayar, semoga gratis nya tidak ada batasan waktu",5,2025-05-26 01:15:09
KasirPintar,good,5,2025-05-26 00:07:54
KasirPintar,sangat membantu,5,2025-05-25 17:02:20
KasirPintar,nermanfaat & mudah penggunaanya,5,2025-05-25 15:32:29
KasirPintar,mudah di aplikasikan 👍🤩,5,2025-05-25 12:22:26
KasirPintar,"bagus, mudah digunakan",5,2025-05-25 07:06:13
KasirPintar,sangat membantu,5,2025-05-24 12:34:38
KasirPintar,mantap aplikasinya,5,2025-05-24 09:21:51
KasirPintar,bagus,5,2025-05-24 04:02:25
KasirPintar,keren,5,2025-05-24 02:14:53
KasirPintar,sejauh ini baik,5,2025-05-23 21:44:34
KasirPintar,mabtap udh seperti super market,5,2025-05-23 18:49:59
KasirPintar,very nice,5,2025-05-23 14:19:17
KasirPintar,"gak bisa login krn akun dinonaktifkan sebab lama g dipakai transaksi, knp g bisa diaktifkan kembali? tidak adakah solusinya agar bisa digunakan kembali 🥲",3,2025-05-23 13:10:40
KasirPintar,tiba tiba logout ga bisa login,3,2025-05-23 07:43:07
KasirPintar,"perkenalkan saya mahidi pengguna baru, tidak panjang lebar untuk tampilan dan hal lainnya sudah cukup cuma kurang 1 tidak ada pembayaran angsuran via FIF kalau bisa di tambahkan min, mungkin itu saja terimakasih 🙏",5,2025-05-23 01:18:03
KasirPintar,sangat membantu usaha saya minz cuman 1 kadang kadang akun log out,4,2025-05-22 12:50:56
KasirPintar,mantap,5,2025-05-22 03:04:06
KasirPintar,mantap aplikasinya,5,2025-05-20 19:18:19
KasirPintar,good app,5,2025-05-20 13:47:37
KasirPintar,memudahkan untuk transaksi penjualan,4,2025-05-20 11:53:02
KasirPintar,"Baik Sangat membantu, sayang kalau login dengan perangkat lain Detail item gambar tidak sinkron",4,2025-05-20 11:41:24
KasirPintar,sangat membantu,5,2025-05-20 10:24:01
KasirPintar,sangat cocok untuk UMKM yang masih merintis seperti saya,5,2025-05-20 08:19:24
KasirPintar,sangat membantu,5,2025-05-20 07:09:04
KasirPintar,sangat membantu,5,2025-05-19 16:54:32
KasirPintar,kode OTP lama banget,2,2025-05-19 11:42:25
KasirPintar,Alhamdulillah membantu dang sangat mudah penggunaannya nya,5,2025-05-19 11:17:06
KasirPintar,kemudahan penggunaan pencatatan,5,2025-05-19 11:07:17
KasirPintar,mantap jadi mudah untuk digunakan dalam penelitian tersebut,5,2025-05-18 22:21:54
KasirPintar,sangat membantu,5,2025-05-18 19:27:07
KasirPintar,mantap,5,2025-05-18 14:47:40
KasirPintar,good,5,2025-05-17 10:33:14
KasirPintar,"saya masih newbie pakai kasir pintar , melihat dr tampilan layar mudah untuk dipelajari. bisa ditambahkan scan barcode diproduk supaya transaksi bisa cepat dan langsung bisa dicetak. Terima kasih",5,2025-05-16 22:36:32
KasirPintar,belum paham 100%,4,2025-05-16 21:15:04
KasirPintar,Good ..sanngat membantu dalam hal berbisnis,5,2025-05-16 20:15:12
KasirPintar,ok,5,2025-05-16 13:04:50
KasirPintar,thanks for free,5,2025-05-15 23:46:41
KasirPintar,Aplikasinya cacat mau daftar gabisa scroll ke bawah wkwkwkwk,1,2025-05-15 21:45:53
KasirPintar,sangat memudahkan untuk usaha dagang,5,2025-05-15 21:41:08
KasirPintar,"setelah uji coba 30 hari, berapa tarif normalnya untuk kasir pintar pro per bulannya min??",5,2025-05-15 19:33:00
KasirPintar,cukup membantu utk usaha kecil seperti saya,5,2025-05-15 17:32:08
KasirPintar,good,5,2025-05-15 12:35:12
KasirPintar,bagus,5,2025-05-15 11:59:38
KasirPintar,Mudah digunakan,4,2025-05-15 11:05:54
KasirPintar,sangat membantu untuk para wirausaha semoga sukses selalu,5,2025-05-15 10:54:13
KasirPintar,keten dan free,5,2025-05-15 10:23:10
KasirPintar,sangat membantu sekali dalam transaksi penjualan,5,2025-05-14 21:07:57
KasirPintar,sangat membantu,5,2025-05-14 18:52:33
KasirPintar,sangat terbantu.. saya sebagai pemula sangat terbantu.. terimakasih min,5,2025-05-14 17:12:02
KasirPintar,Sangat membantu UMKM,5,2025-05-14 07:36:03
KasirPintar,Sangat membantu UMKM,5,2025-05-13 23:36:44
KasirPintar,sangat membantu,5,2025-05-13 23:06:09
KasirPintar,kereeen,5,2025-05-13 22:12:48
KasirPintar,Sangat membantu.,5,2025-05-13 15:20:01
KasirPintar,bagus dan mudah,5,2025-05-13 14:03:57
KasirPintar,bagus membantu sekali,5,2025-05-13 13:15:52
KasirPintar,"sejauh ini bagus, terimakasih karena free. karena free jadi banyak yg dibatasi, tapi gak masalah karena fitur yg sekarang udah cukup membantu usaha saya.",5,2025-05-13 11:53:01
KasirPintar,good,5,2025-05-13 08:26:10
KasirPintar,bagus sangat membantu usaha pemula,5,2025-05-13 07:34:21
KasirPintar,"bagus, cuman masih meraba2 gmn caranya, saran ada yg bisa buat kirim ke no wa, terkadang mereka minta bukti elektrik ini masih blom bisa, apa q yg blom bisa ya hehehheh maaf ya",5,2025-05-13 07:02:11
KasirPintar,aplikasi in emang mantap.,5,2025-05-13 00:19:34
KasirPintar,gampang di gunakan,5,2025-05-12 22:34:04
KasirPintar,sippp,5,2025-05-12 21:41:49
KasirPintar,keren aplikasi ini bisa langsung jualan online ala-ala alpa midi 😁,5,2025-05-12 21:03:36
KasirPintar,bagus applksinya,5,2025-05-12 20:01:14
KasirPintar,👍,5,2025-05-12 19:28:21
KasirPintar,sangat membanth u saya berjualan lebih mudab h,5,2025-05-12 18:45:19
KasirPintar,sangat membantu,5,2025-05-12 15:42:56
KasirPintar,ini kenpa kok suka keluar sendiri . lagi isi data tiba2 keluar ke menu beranda.,5,2025-05-12 10:59:11
KasirPintar,bagus,5,2025-05-12 08:19:10
KasirPintar,Sangat membantu UMKM,5,2025-05-11 18:52:12
KasirPintar,good,5,2025-05-11 18:24:22
KasirPintar,oke punya,5,2025-05-11 08:50:24
KasirPintar,"Berlangganan dari lama... akhirnya memutuskan untuk berhenti biaya tambah mahal tpi fiturnya gitu"" aja.... sangat kecewa... terimakasih 7 Tahun nya",1,2025-05-10 22:17:32
KasirPintar,"aplikasinya bagus bangetttttt sangat membantu, trimakasih 🙏",5,2025-05-10 19:00:38
KasirPintar,sangat baik dan membantu,5,2025-05-10 16:45:54
KasirPintar,"Baru instal, semoga lancar pemakaian aplikasinya. Terima kasih sudah menyediakan versi gratisnya juga. Penggunaannya mudah dan cepat. Semoga semakin sukses utk team Kasir Pintar.",5,2025-05-10 15:42:08
KasirPintar,👍,5,2025-05-10 11:55:34
KasirPintar,mudah di gunakan ☺️,5,2025-05-10 07:30:14
KasirPintar,"bagus, sangat membantu usaha",5,2025-05-10 06:57:21
KasirPintar,sangat baik dan mudah,5,2025-05-10 00:03:25
KasirPintar,sangat membantu aplikasi nya. di Tingkatkan lagi ya,5,2025-05-09 23:27:16
KasirPintar,"sejauh ini bagus sih,memang agak susah di bagian tertentu. tapi cuma perlu belajar aja di YouTube",5,2025-05-09 18:12:21
KasirPintar,kak cara aktifasi akun yang sudah nonaktif bagaimana ya??,4,2025-05-09 17:24:11
KasirPintar,sangat membantu,5,2025-05-09 15:13:25
KasirPintar,ini benar2 gratis ya.. wahh sangat membantu,5,2025-05-09 13:35:20
KasirPintar,bagus...,4,2025-05-09 10:16:54
KasirPintar,"sangat membantu,,,tapi verivikasi kode otp lewat wa susah sekali. gak ada notif kodenya",5,2025-05-08 23:53:49
KasirPintar,"Terima kasih, sangat membantu",5,2025-05-08 21:07:31
KasirPintar,sngt membantu,5,2025-05-08 17:51:22
KasirPintar,sangat membantu sekali sayang kalau udah brpa ribu trx suka keluar sendiri karna pakai yg gratis x ya,4,2025-05-08 17:26:31
KasirPintar,menyenangkan,5,2025-05-08 10:44:28
KasirPintar,apakah belum support printer kertas 80mm ?,4,2025-05-07 18:09:11
KasirPintar,sangat membantu,5,2025-05-07 17:53:53
KasirPintar,sngat membantu,5,2025-05-07 14:59:33
KasirPintar,mantap sekali ini aplikasinya..sangat membantu buat UMKM pemula seperti saya.. Terima Kasih..,5,2025-05-06 19:02:18
KasirPintar,kasir tolol,1,2025-05-06 18:38:44
KasirPintar,sudah bagus,5,2025-05-06 16:26:34
KasirPintar,suka sekali,5,2025-05-05 20:28:18
KasirPintar,aplikasi kasir ini bagus sekali,5,2025-05-05 19:37:32
KasirPintar,simple,5,2025-05-05 17:48:31
KasirPintar,"Bagus, sangat membantu catatan penjualan toko",5,2025-05-05 15:03:57
KasirPintar,saya tidak bisa melihat laba nya dari hasil penjualan,4,2025-05-05 14:00:05
KasirPintar,Alhamdulillah...sangat membantu sekali. input harga modal dan hitungan jadi tepat,5,2025-05-05 12:06:45
KasirPintar,Sangat mudah digunakan dan sangat membantu dalam mengelola usaha saya.,5,2025-05-04 18:25:47
KasirPintar,sangat membantu umkm,5,2025-05-04 18:03:21
KasirPintar,"akun nonaktif karena lama tidak di pakai, dan tidak ada cara mengaktifkan, di panduan sama di aktual nya berbeda, chat CS nya juga tidak ada",1,2025-05-04 10:00:06
KasirPintar,sangat membantu dalam proses transaksi belanjaan warung,4,2025-05-04 09:26:28
KasirPintar,apps luar biasa. sangat membantu tanpa perlu komputer. jualan sederhana tapi berkesan mewah😁😉👍👍,5,2025-05-03 20:26:24
KasirPintar,"bagus,cocok untuk usaha kecil",5,2025-05-03 17:24:01
KasirPintar,"Aplikasi yg bagus dan mudah di gunakan, update berikutnya boleh dong dalam struk di tambahkan total item yang terjual agar user tau jumlah barang yg terjual dalam satu nota.",5,2025-05-03 13:23:11
KasirPintar,manyap,5,2025-05-03 11:38:45
KasirPintar,mantap,5,2025-05-03 07:35:44
KasirPintar,sangat membatu k bagus,5,2025-05-03 00:24:32
KasirPintar,sangat membantu untuk usaha toko grosir,5,2025-05-02 22:30:48
KasirPintar,fitur yg sangat bagus sekali kira2 menjual printer sekalian ga ya,5,2025-05-02 22:14:34
KasirPintar,mantap,5,2025-05-02 19:22:49
KasirPintar,so helpfull,5,2025-05-02 12:00:26
KasirPintar,good aplikasinya sangat baik dan bagus mudah di pahami. saya suka banget sama aplikasi ini,5,2025-05-02 10:37:16
KasirPintar,Kasir Pintar The Best🔥,5,2025-05-02 08:58:04
KasirPintar,sangat membantu penjualan toko saya,5,2025-05-02 07:50:12
KasirPintar,mantap,5,2025-05-02 02:09:28
KasirPintar,baru mau coba ..kelihatannya bqgus ...nanti kalau sudah mencoba upgrade ke Pro....! ini aplikasi isrimewa untuk UMKM. siapa belum coba silahkan mencoba.,5,2025-05-01 20:00:52
KasirPintar,bagus,4,2025-05-01 19:10:14
KasirPintar,Sangat Membantu Recomendet Good Job,5,2025-05-01 19:02:16
KasirPintar,mantap,5,2025-05-01 16:38:25
KasirPintar,it's a good thought,5,2025-05-01 15:58:24
KasirPintar,sekarang tidak bisa log in di 2 perangkat yang berbeda,3,2025-05-01 12:22:32
KasirPintar,Luar biasa baguss,5,2025-05-01 07:19:55
KasirPintar,mantap suk suka,5,2025-05-01 02:09:31
KasirPintar,aplikasi nya sangat bagus,5,2025-05-01 00:02:26
KasirPintar,sangat membantu penjualan kami,5,2025-04-30 21:57:01
KasirPintar,sangat membantu,5,2025-04-30 20:54:33
KasirPintar,sangat membantu sekali🤗,5,2025-04-30 20:48:30
KasirPintar,sngtt membantuu untukk jualan,5,2025-04-30 18:10:37
KasirPintar,bagus,5,2025-04-30 16:26:52
KasirPintar,sangat membantu dalam proses jual beli dan mempermudah dalam penghitungan stock,5,2025-04-30 15:11:32
KasirPintar,mudah di gunakan dan sangat membantu,5,2025-04-30 14:51:14
KasirPintar,bagus banget,5,2025-04-30 13:56:02
KasirPintar,bagus membantu usaha umkm,5,2025-04-30 12:45:52
KasirPintar,baguuus,5,2025-04-30 10:36:50
KasirPintar,cool,5,2025-04-29 13:40:23
KasirPintar,Mantap,5,2025-04-29 11:37:17
KasirPintar,sangat puas untuk usaha kecil-kecilan saya,5,2025-04-29 09:38:24
KasirPintar,bagus,5,2025-04-29 01:36:38
KasirPintar,bagaimana cara hapus akun yg sdh tdk aktif,4,2025-04-28 23:20:42
KasirPintar,"buka pengaturan print di galaxy note 10 plus ga bisa, nyetak nota melalui print blouthoot juga ga mau, terus gimana maunya? secepatnya di benerin dah",1,2025-04-28 20:28:28
KasirPintar,sangat bermanfaat sekali,5,2025-04-28 19:10:26
KasirPintar,mantap polosnya,5,2025-04-28 16:24:58
KasirPintar,sangat bagus untuk pemula seperti saya,5,2025-04-28 13:13:17
KasirPintar,"Sangat mempermudah yg punya usaha kecilan kaya saya,trimakasih kasir pintar😍",5,2025-04-28 12:14:58
KasirPintar,"luar biasa, sangat membantu",5,2025-04-28 09:46:17
KasirPintar,setelah data diisi semua tidak ada menu savenya,1,2025-04-26 17:40:48
KasirPintar,mantep,5,2025-04-26 12:01:27
KasirPintar,joss bgt,5,2025-04-26 11:33:06
KasirPintar,good job,5,2025-04-26 10:02:08
KasirPintar,nice,5,2025-04-26 00:12:34
KasirPintar,membantu sekali,5,2025-04-25 14:10:26
KasirPintar,top,5,2025-04-25 13:42:16
KasirPintar,"good, pemakaian mudah. mungkin kalau bisa diakses 2 PC atau Android sekaligus lebih bagus.",5,2025-04-25 10:09:22
KasirPintar,"sangat membantu sekali, tapi mau nanya ka, untuk melihat barang terjual ke pelanggan siapa saja lihatnya difitur mana ya?",5,2025-04-25 06:28:57
KasirPintar,"top banget , UMKM wajib pakai ini jika masih minim modal",5,2025-04-24 10:13:20
KasirPintar,sangan bagus,5,2025-04-24 02:29:00
KasirPintar,semoga bermanfaat untuk kelancaran bisnis online saya .. terimakasih 🙏,5,2025-04-23 20:53:37
KasirPintar,ok terbantu sekali,5,2025-04-23 17:35:01
KasirPintar,sangat membantu,5,2025-04-23 10:47:36
KasirPintar,Sangat Membantu untuk para usaha UMKM.,5,2025-04-23 09:48:16
KasirPintar,baru coba moga betah,5,2025-04-22 22:54:12
KasirPintar,nice,4,2025-04-22 19:42:53
KasirPintar,sangat membantu,5,2025-04-22 12:00:27
KasirPintar,aplikasi yang sangat membantu,5,2025-04-22 10:14:30
KasirPintar,gak bisa daftar,2,2025-04-22 08:59:12
KasirPintar,sangat membantu,5,2025-04-22 00:15:54
KasirPintar,bagus,5,2025-04-21 22:37:42
KasirPintar,good,5,2025-04-21 14:51:48
KasirPintar,mantap,5,2025-04-21 12:58:07
KasirPintar,sangat membantu,5,2025-04-21 08:02:40
KasirPintar,aplikasi sangat membantu sekali terimakasih aplikasi pintar,5,2025-04-21 00:09:51
KasirPintar,simple dan jelas,5,2025-04-20 23:17:52
KasirPintar,aplikasi sesuai dengan apa yang saya harapkan,5,2025-04-20 22:18:01
KasirPintar,sangat berguna untuk manajemen usaha saya... recommend,5,2025-04-20 20:19:15
KasirPintar,Bagus sayang mahal bagi saya,5,2025-04-20 20:06:14
KasirPintar,mantap..,5,2025-04-20 17:48:35
KasirPintar,"sangat mudah operasionalnya, memudahkan pencatatan dan nota kepada customer",4,2025-04-20 15:37:05
KasirPintar,sangat membantu,5,2025-04-20 12:44:50
KasirPintar,puasa dgn hasilnya 🥳,5,2025-04-20 10:41:43
KasirPintar,Sangat membantu usaha saya,5,2025-04-19 13:51:49
KasirPintar,bagus,5,2025-04-19 13:34:35
KasirPintar,best,5,2025-04-18 22:15:37
KasirPintar,sangat membantu dan memudahkan dalam bertransaksi,5,2025-04-18 20:57:33
KasirPintar,mantap,5,2025-04-18 20:44:34
KasirPintar,Saya sangat terbantu sama kasir pintar,5,2025-04-18 16:04:51
KasirPintar,sangat membantu untuk mempermudah transaksi 👍👍,4,2025-04-18 09:28:25
KasirPintar,sangatmembantu,5,2025-04-17 10:02:35
KasirPintar,keren dan sangat membanty,5,2025-04-16 23:57:21
KasirPintar,"awal awal pake bagus mudah,semoga lancar seterusnya...",5,2025-04-16 21:43:46
KasirPintar,apk sangat bagus mudah di gunakan,5,2025-04-15 19:27:41
KasirPintar,terbantu untuk umkm kecil,4,2025-04-15 08:04:29
KasirPintar,Terima kasih sangat membantu,5,2025-04-14 23:41:33
KasirPintar,bagus,5,2025-04-14 19:36:19
KasirPintar,good,5,2025-04-14 17:39:27
KasirPintar,Sangat membantu untuk berjualan,5,2025-04-14 11:01:01
KasirPintar,sangat membantu,5,2025-04-13 16:38:17
KasirPintar,sangat membantu kami trimksih,5,2025-04-13 12:10:27
KasirPintar,alat bantu penting untuk mempermudah transaksi di meja kasir. terima kasih!,5,2025-04-13 07:03:14
KasirPintar,keren,5,2025-04-13 01:00:27
KasirPintar,sangat membantu,5,2025-04-12 20:34:31
KasirPintar,ok,5,2025-04-12 08:03:31
KasirPintar,Bagus dan membantu.,5,2025-04-12 00:51:18
KasirPintar,kereen,5,2025-04-12 00:46:24
KasirPintar,Bagus,5,2025-04-12 00:04:12
KasirPintar,"yang ngasih bintang 5 itu penjlat semua. ini apa-apa harus berlangganan, termasuk notifikasi olshopin, padahal di website kasirpintar tidak ada tulisan harus berlangganan. tapi ternyata semuanya harus berlangganan/pro",1,2025-04-11 20:42:47
KasirPintar,aplikasi nya sangat Membantu jadi Lebih Mudah dan Praktis,5,2025-04-11 20:28:33
KasirPintar,di bagian printer nya type USB nya gak berjalan,5,2025-04-11 15:38:51
KasirPintar,tidak dapat menerima pesan kode otp,5,2025-04-11 15:19:53
KasirPintar,bagus dan sangat membantu,5,2025-04-11 00:23:23
KasirPintar,"sangat memudah kan untuk SO, pembelian barang dan lain nya,, tapi sementara ini konsumen warung saya SE adanya.. sehingga d coba manual dulu",5,2025-04-10 22:00:32
KasirPintar,"sangat membantu usaha kami,mudah pengoperasiannya,trimakasih kasir pintar",5,2025-04-10 17:59:39
KasirPintar,"sangat membatu mempermudah dalam usaha dagang saya, mengoprasikannya juga gak ribet😊 trimakasih kasir pintar",5,2025-04-10 17:24:01
KasirPintar,terbaiikk🥰🥰🥰,4,2025-04-10 07:18:57
KasirPintar,Sangat membantu.praktis.mudah.cepat.akurat. tq Kasir pintar jadi ga stress tulis.input bikin nota,5,2025-04-09 10:26:17
KasirPintar,Top,4,2025-04-09 10:20:47
KasirPintar,bagus,5,2025-04-09 00:14:31
KasirPintar,"Terimakasih,app ini sangat membantu dalam transaksi penjualan kami",5,2025-04-08 15:11:28
KasirPintar,mantap,5,2025-04-08 13:26:18
KasirPintar,sangat membantu usaha saya,5,2025-04-07 16:11:53
KasirPintar,sangat membantu dan mudah di gunakan,5,2025-04-07 03:21:50
KasirPintar,sementara ini bagus😊😊,5,2025-04-06 13:05:03
KasirPintar,aplikasi kasir sangat membantu dalam transaksi toko,5,2025-04-04 19:18:50
KasirPintar,aplikasi sangat membantu usaha..simple masih mencoba yang free dulu.. next pindah ke yang pro..,5,2025-04-04 16:44:56
KasirPintar,ok,5,2025-04-04 09:25:18
KasirPintar,"saya suka, sangat bagus digunakan",5,2025-04-03 15:29:18
KasirPintar,sangat muda dan membantu,5,2025-04-03 12:20:06
KasirPintar,sangat membantu,5,2025-04-02 18:44:54
KasirPintar,"aplikasi ini sbenernya efektif, simple & mudah, cm kami blm optimal menggunakannya",5,2025-04-02 18:30:45
KasirPintar,mudah digunakannya,5,2025-04-02 08:01:01
KasirPintar,membantu,5,2025-04-01 22:53:35
KasirPintar,The best dah UMKM kecil saya terbantu dengan adanya ini,5,2025-04-01 14:44:23
KasirPintar,Dicoba dahulu,5,2025-03-30 13:22:56
KasirPintar,istimewa,5,2025-03-29 09:56:17
KasirPintar,sangat membantu sekali,5,2025-03-29 09:18:52
KasirPintar,hooh tenan,5,2025-03-28 20:15:23
KasirPintar,sangat membantu bagi umkm,5,2025-03-28 20:03:11
KasirPintar,sangat membantu,5,2025-03-28 16:25:04
KasirPintar,sangat membantu,5,2025-03-28 15:32:11
KasirPintar,kode verifikasi ga muncul,5,2025-03-28 11:59:53
KasirPintar,"Sangat membantu, mudah mengoprasikannya, dan memutuskan berlangganan tahunan..",5,2025-03-27 20:28:00
KasirPintar,"Alhamdulillah, ngebantu meski GK pake yg pro",5,2025-03-27 13:11:05
KasirPintar,good apk,4,2025-03-27 03:45:49
KasirPintar,good,5,2025-03-27 01:34:34
KasirPintar,sangat membantu melakukan transaksi,5,2025-03-26 21:58:55
KasirPintar,ok,5,2025-03-26 07:18:09
KasirPintar,sangat membantu terimakasih kasir pintar,5,2025-03-25 23:51:27
KasirPintar,terus berkarya untuk bangsa maka mereka mendapatkan manfaatnya thx thx,5,2025-03-24 16:05:59
KasirPintar,sangat membantu,5,2025-03-24 15:33:15
KasirPintar,membantu,5,2025-03-23 14:43:36
KasirPintar,keren,5,2025-03-23 09:32:59
KasirPintar,bagus sampai sejauh ini,5,2025-03-23 06:48:21
KasirPintar,mantap,5,2025-03-23 06:04:52
KasirPintar,"Baru dapat aplikasi yang gratis dan pas menurutku,yang paling penting bisa diatur margin bawah kertasnya,jadi bisa hemat kertas.terimakasih",5,2025-03-22 20:02:23
KasirPintar,sangat membantu usaha saya...terima kasih ya,5,2025-03-22 06:15:32
KasirPintar,bagus mudah,4,2025-03-22 02:47:11
KasirPintar,nice,5,2025-03-21 21:23:52
KasirPintar,verifikasi hp ke nomer wa g terkirim2 kode otp nya.apakah ada masalah?,4,2025-03-21 13:40:40
KasirPintar,Alhamdulillah mantaaap,5,2025-03-20 10:44:01
KasirPintar,Flexibel,5,2025-03-20 09:41:30
KasirPintar,laporan penjualan per barang tidak bisa dibuka karna bug,3,2025-03-20 05:09:06
KasirPintar,top,5,2025-03-19 20:27:18
KasirPintar,mantab sekali,5,2025-03-19 18:54:34
KasirPintar,Jika tidl ditulis provinsi & kota ada tombol simpan tp ada peringatan wajib isi data provinsi. Saat provinsi diisi maka tombol simpannya hilang & tidak ada solusi apa² selain keluar tanpa simpan dan tidak bs melanjutkan proses. Aplikasi tdk bs digunakan & hapus langasung,1,2025-03-19 18:50:02
KasirPintar,"sangat membantu usaha kami. mudah dan praktis di gunakan nya.....ada 1 masukan, pada pengaturan HP ukuran font besar, tulisan pada nota jadi terpotong. mohon diperbaiki yg ini.",5,2025-03-19 08:40:57
KasirPintar,Sangat membantu,5,2025-03-19 01:08:13
KasirPintar,"Bermanfaat banget bagi UMKM yg baru merintis , menu mudah di pelajari",5,2025-03-17 19:41:52
KasirPintar,Good,5,2025-03-17 11:49:00
KasirPintar,"Aplikasi simple tapi sangat, baik dan membantu se x buat usaha rumahan keren",5,2025-03-17 11:42:16
KasirPintar,Sangat memuaskan,5,2025-03-17 03:11:30
KasirPintar,Mantanb,5,2025-03-16 20:23:31
KasirPintar,mudah dimengerti,4,2025-03-16 19:52:20
KasirPintar,Bagus membantu,5,2025-03-16 13:37:02
KasirPintar,"ok bagus aplikasinya, lengkap menu2 nya",4,2025-03-16 05:40:58
KasirPintar,"Mantap, pakai aplikasi nya masih di raba raba belum terkuasai sepenuh nya",5,2025-03-15 23:39:54
KasirPintar,Ok..,5,2025-03-15 23:15:02
KasirPintar,"seneng bgt pakai ini, mudah dimengerti, ngebantu bgt buat org spt sy yg pemula ini memulai usaha kecil2an. thank you 😊",5,2025-03-15 22:44:08
KasirPintar,sangat bermanfaat dan berguna untuk UMKM seperti saya,5,2025-03-15 18:52:18
KasirPintar,Mantaaabb,5,2025-03-15 05:41:53
KasirPintar,sangat membantu dalam manajemen keuangan,5,2025-03-14 23:46:23
KasirPintar,"Sudah daftar masuk aplikasi ga bisa digunakan, mau klik simpan ga bisa di swipe ke bawah pas isi data toko",1,2025-03-14 19:59:10
KasirPintar,"Kenapa harus di non aktifkan akun kaspin punya saya, cuma karena gk melakukan transaksi harus di non aktifkan. Padahal saya menggunakan kaspin buat nyimpen data harga barang, kecewa",3,2025-03-14 07:03:47
KasirPintar,bagus,5,2025-03-13 19:14:47
KasirPintar,mantaappp jaya,5,2025-03-13 11:40:04
KasirPintar,"Sangat membantu ,terimakasih kaspin .",5,2025-03-13 00:55:40
KasirPintar,Bagus sekali apl nya,5,2025-03-12 21:51:44
KasirPintar,"Koneksi gagal terus, katanya tidak tersambung ke internet padahal internet full speed aplikasi lain lancar jaya. Mungkin sudah tidak support untuk versi free nya disuruh ke aplikasi versi pro nya yg berbayar",1,2025-03-12 11:08:58
KasirPintar,Baru belajar menggunakan semoga hanya memasukkan no telp cust masih bingung caranya. Makasih Kasir Pintar,5,2025-03-12 08:44:00
KasirPintar,Pro tidal bisa di install di unit kami,1,2025-03-12 05:11:24
KasirPintar,Mudah dan sangat membantu Simple buat kasir usaha kecilku Terima kasih yaaa,5,2025-03-11 22:13:00
KasirPintar,mantap,5,2025-03-11 16:25:36
KasirPintar,Lumayan membantu,5,2025-03-11 13:48:05
KasirPintar,Sangat membantu untuk jualan,5,2025-03-11 12:34:42
KasirPintar,"Bagus,ini sedang saya coba aplikasikan di usaha saya",4,2025-03-11 05:53:44
KasirPintar,Good,5,2025-03-10 20:53:14
KasirPintar,Baru pertama kali ini baru nyoba² semoga bagus,5,2025-03-10 16:44:44
KasirPintar,"Mudah penggunaan, gratis walaupun ga semua fitur, tapi buat usaha kuecil teras rumah, lumayan membantu untuk melihat omset, trimakasih Kasir Pintar",4,2025-03-10 09:57:58
KasirPintar,Sangat membantu aplikasi ini,5,2025-03-09 16:28:50
KasirPintar,Ditunggu sampai baterai habis KODE OTP nya ga pernah dikirim,1,2025-03-09 14:58:42
KasirPintar,Good,5,2025-03-09 13:14:56
KasirPintar,Bagus,5,2025-03-09 10:27:51
KasirPintar,Mantab,5,2025-03-09 04:29:55
KasirPintar,Sangat membantu,5,2025-03-08 19:33:54
KasirPintar,"Bagus, hampir semua untuk data data transaksi, pemasukan stok kasbon dll. agak ribet/ kurang simpel di transaksi costumer barunya ( penulisan alamat sama nama costumer baru )",4,2025-03-08 11:12:04
KasirPintar,"Terima kasih,aplikasi ini sangat membantu saya dalam berjualan dan pengoperasiannya sangat mudah",5,2025-03-06 13:29:22
KasirPintar,Sangat Membantu,5,2025-03-05 20:47:40
KasirPintar,Top,5,2025-03-05 10:04:25
KasirPintar,Penggunaan mudah dan simple..,5,2025-03-05 08:18:07
KasirPintar,Bagus sangat membantu bagi UMKM,5,2025-03-04 06:30:55
KasirPintar,Sangat mudah digunakan 💖,5,2025-03-04 05:22:59
KasirPintar,"Mantappp, minus di kebijakan akun yang off lama gak bisa diakses lagi",5,2025-03-04 01:04:58
KasirPintar,Okeee,5,2025-03-03 23:29:42
KasirPintar,Membatu dalam masalah management,5,2025-03-03 18:06:19
KasirPintar,Aplikasi yang sangat membantu dan mudah dalam penggunaanya,5,2025-03-03 11:19:54
KasirPintar,"Aplikasi sangat membantu sekali, terimakasih developer.",5,2025-03-03 03:14:03
KasirPintar,Sangat membantu dalam berniaga,5,2025-03-02 11:23:58
KasirPintar,Sangat membantu untuk yg memiliki usaha,5,2025-03-01 19:49:27
KasirPintar,bagus,5,2025-03-01 10:33:02
KasirPintar,"Aplikasi ini sangat membantu,memudahkan dalam penjualan Kedepannya semoga gratis semua ya jangan dibatasi",4,2025-02-28 17:07:25
KasirPintar,Sangat membantu,5,2025-02-28 11:32:56
KasirPintar,Lebih murah banyak untungnya,4,2025-02-28 09:38:45
KasirPintar,Sangat membantu,4,2025-02-28 08:36:30
KasirPintar,Mempermudah dalam membuat struk,5,2025-02-27 23:31:09
KasirPintar,sangat membantu pekerjaan saya.dan memudahkan fikiran saya good job👌👍👍🙏🙏,1,2025-02-27 17:01:12
KasirPintar,Sangat membantu,5,2025-02-27 15:33:00
KasirPintar,Bagus banget membantu stock barang & transaksi penjualan,5,2025-02-27 12:45:44
KasirPintar,Membantu,5,2025-02-27 07:08:01
KasirPintar,"Sangat membantu sekali untuk usaha kuliner saya, semoga semakin berkah dan sehat² untuk semua tim yg terlibat dalam pengembangan apikasi ini, terima kasih :)",5,2025-02-26 22:58:13
KasirPintar,"Lumayan membantu, terimakasih",4,2025-02-26 10:08:08
KasirPintar,Terbantu sekali apk kaspin ini,5,2025-02-26 01:39:19
KasirPintar,"Kenapa setiap connect ke scanner barcode bluetooth, list belanjaan jadi hilang?",5,2025-02-26 00:53:05
KasirPintar,Sangat membantu sekali dalam kerjaan penjualan,5,2025-02-25 16:43:00
KasirPintar,memudahkan menghitung keuntungan dlm usaha toko,5,2025-02-25 06:53:43
KasirPintar,"Cukup bagus untuk toko kelontong dan grosir, tapi belum dicoba pake scan, masih input manual",4,2025-02-24 21:02:42
KasirPintar,Sangat membantu UMKM dan mempercepat transaksi penjualan,5,2025-02-24 19:22:44
KasirPintar,Sangat Bermanfaat,5,2025-02-24 17:30:38
KasirPintar,"Kode OTP ga ada, jadi g bsa pake print",1,2025-02-24 14:47:37
KasirPintar,Sangat membantu umkm,5,2025-02-24 12:53:24
KasirPintar,sangat membantu,5,2025-02-23 19:53:32
KasirPintar,sangat membantu,5,2025-02-23 16:33:00
KasirPintar,Apk nya keren dan mudah d pahami,5,2025-02-23 14:06:46
KasirPintar,Adanya kasir pintar pree sangat membantu untuk pemula,4,2025-02-23 12:00:47
KasirPintar,"Terimakasih sudah sudi membuat aplikasi yg sangat membantu kami pedagang UMKM, Semoga Berkah Selalu.. 🙏",5,2025-02-23 08:40:58
KasirPintar,Terima kasih sangat membantu,5,2025-02-22 21:45:04
KasirPintar,Sangat membantu deh.. mantap,5,2025-02-22 16:21:27
KasirPintar,Bagus sekalu,5,2025-02-22 13:54:58
KasirPintar,Aplikasi ini sangat membantu dalam transaksi di toko,5,2025-02-21 23:18:08
KasirPintar,🥰,5,2025-02-21 20:33:51
KasirPintar,👍👍👍👍,5,2025-02-21 15:59:48
KasirPintar,Keren. Membantu dan mempermudah usaha rumahan,5,2025-02-21 15:54:26
KasirPintar,"Sangat membantu dalam pembukuan usaha saya,jadi mudah mengetahui sales harian,mingguan,bulanan sampai tahunan,pokonya mantap",5,2025-02-21 13:06:20
KasirPintar,biar bintang ber bicara,5,2025-02-21 12:52:28
KasirPintar,Bagus,4,2025-02-21 10:37:02
KasirPintar,Sangat Praktis,5,2025-02-21 10:27:28
KasirPintar,Sangat membantu untuk usaha level umkm. Karena fitur free.nya sangat keren.,5,2025-02-21 10:22:19
KasirPintar,Bagus dan sangat membantu,5,2025-02-20 23:23:06
KasirPintar,Good,5,2025-02-20 21:28:39
KasirPintar,Alhamdulillah sangat membantu usaha saya,5,2025-02-19 13:24:55
KasirPintar,Sangat membantu,5,2025-02-19 11:11:33
KasirPintar,"saya mencoba beralih ke kasir pintar versi free nya, saya harap bisa membantu usaha PPOB saya..",5,2025-02-18 22:05:03
KasirPintar,Sejauh ini masih aman untuk penggunaan semoga tidak ada kendala untuk kedepan nya,4,2025-02-18 20:01:06
KasirPintar,"Mantap, cocok buat jualan",5,2025-02-18 12:46:57
KasirPintar,Good,5,2025-02-18 11:37:46
KasirPintar,Like,5,2025-02-17 23:16:17
KasirPintar,Terobosan Yang akan merubah anda ke arah yg lbih baik..insyaAllah..Manatbs,5,2025-02-17 17:28:06
KasirPintar,"Pengen aktifin fitur PPOB tapi otp tidak bisa masuk, padahal sudah diulangi berkali kali dan nomor sudah benar",4,2025-02-17 08:50:12
KasirPintar,Baik,5,2025-02-16 21:52:12
KasirPintar,Sangat membantu kami para pedagang. Makasih,5,2025-02-16 19:53:11
KasirPintar,Kenapa saya gak dapet kode OTP saaat bikin akun ya,4,2025-02-16 19:43:50
KasirPintar,Sangat mudah d gunakan..,5,2025-02-16 17:53:55
KasirPintar,"Verifikasi email nya terus tidak bisa,,aplikasi aneh",1,2025-02-16 13:24:54
KasirPintar,"Sangat membantu,",5,2025-02-16 00:29:25
KasirPintar,"Belum ngerti banget penggunaannya Masi nyoba, semoga bisa secepatnya menggunakan kasur pintarnya",4,2025-02-15 15:04:22
KasirPintar,Rekomen,5,2025-02-14 18:01:24
KasirPintar,Bagus sangat membantu,5,2025-02-14 13:08:16
KasirPintar,Bagus simpel,5,2025-02-13 23:15:29
KasirPintar,Ok,5,2025-02-13 16:44:26
KasirPintar,Simple,5,2025-02-13 09:56:16
KasirPintar,"Mantap bisa kita pakai, Terima kasih",5,2025-02-12 18:52:32
KasirPintar,"Good, sedang dipelajari",5,2025-02-12 14:43:02
KasirPintar,Ok,5,2025-02-11 01:39:41
KasirPintar,I lije itu...,5,2025-02-10 19:48:08
KasirPintar,"Datanya suka berubah ubah sendiri masa modal dari 23jt tb tb jd 4jt terus misalkan ada yg beli kan stock abis trs tiba tiba masa ada stock lagi, tp barangnya pdhl udh abis,kacau lah pokoknyaa nih, barusan banget yang tdnya modal 8jt tiba tiba ngelag apklikasinya terus pas cek modalnya jd 10jt lebih kan anehh",4,2025-02-10 19:38:25
KasirPintar,Ok,5,2025-02-10 16:52:01
KasirPintar,ok,3,2025-02-10 15:55:49
KasirPintar,Sangat bermanpaat,5,2025-02-10 12:46:12
KasirPintar,Mantap,5,2025-02-10 10:25:06
KasirPintar,Bagus,5,2025-02-10 09:46:26
KasirPintar,Ok,5,2025-02-09 13:52:02
KasirPintar,Aplikasinya bagus,5,2025-02-09 13:13:20
KasirPintar,Sangat membantu usaha kami. Masih proses belajar dan tidak ada kendala apapun. Semoga aplikasi ini bisa GRATIS 100%😄👍👍👍,5,2025-02-08 14:21:41
KasirPintar,Bagus banget,5,2025-02-08 13:27:33
KasirPintar,Mantap,5,2025-02-08 07:10:41
KasirPintar,"Keren, dan sangat membantu",5,2025-02-07 22:01:17
KasirPintar,Mantaf,5,2025-02-07 20:39:46
KasirPintar,Terbantukan sekali,5,2025-02-07 20:21:21
KasirPintar,Bagus. Sangat membantu,5,2025-02-07 18:41:11
KasirPintar,Sangat membantu.. siapa pun boleh memulai usaha kecil kecilan dgn ini,5,2025-02-07 18:06:52
KasirPintar,Membantu,5,2025-02-07 17:32:44
KasirPintar,Mantap pokoknya,5,2025-02-07 01:09:44
KasirPintar,Sangat membantu usaha kecil seperti kami,5,2025-02-06 23:06:44
KasirPintar,masih di pelajari...,5,2025-02-06 16:09:49
KasirPintar,Ntapss,5,2025-02-06 13:40:12
KasirPintar,"kenapa verifikasi nomor hp saya tidak bisa. langsung uninstall aplikasi ngak jelas. cetak struk aja verifikasi nomor hp, lha pas daftar tadi kan udah masukin nomor hp",2,2025-02-06 08:45:26
KasirPintar,Masih beradaptasi menggunakan aplikasi,5,2025-02-05 23:31:46
KasirPintar,"Terimakasih, sangat membantu saat ini masih pakai free",5,2025-02-05 17:43:30
KasirPintar,Oke untuk free,4,2025-02-05 16:42:13
KasirPintar,Nice,5,2025-02-05 13:24:52
KasirPintar,"Sangat membantu dalam input barang, keluar masuk barang",5,2025-02-05 00:10:23
KasirPintar,bagaimana caranya install di laptop/komputer,4,2025-02-04 23:14:16
KasirPintar,Sangat membantu,5,2025-02-04 20:00:21
KasirPintar,Sangat mempermudah kami dalam menganalisa usaha kami,5,2025-02-04 10:05:22
KasirPintar,Memudahkan pencatatan,5,2025-02-03 23:05:50
KasirPintar,Sangat membntu untuk usaha kami,5,2025-02-03 22:40:56
KasirPintar,biar bintang yg bicara,5,2025-02-03 22:16:56
KasirPintar,"sangat membantu, bisa atur laporan stok,",5,2025-02-03 18:37:49
KasirPintar,Apk nya sangat membantu,5,2025-02-03 07:03:36
KasirPintar,mantab bisa membantu usaha saya,5,2025-02-02 19:55:47
KasirPintar,sangat membantu,5,2025-02-02 11:57:06
KasirPintar,Aplikasi bagus dan mudah,5,2025-02-02 11:20:16
KasirPintar,Bagus,5,2025-02-02 01:51:36
KasirPintar,Top,5,2025-02-01 21:03:12
KasirPintar,Penak banget,5,2025-02-01 20:10:54
KasirPintar,Mantap,5,2025-02-01 17:21:22
KasirPintar,Aplikasi mantap...saya sangat terbantu dengan aplikasi ini...terimakasih,5,2025-02-01 17:15:41
KasirPintar,Bisakah tim terkait membatu email saya yg sudah lama tidak saya pakai di aplikasi ini,5,2025-02-01 15:50:39
KasirPintar,bagus Sangat bermanfaat,5,2025-02-01 14:34:28
KasirPintar,Sangat membantu,4,2025-02-01 10:53:20
KasirPintar,Bagus,5,2025-01-30 17:25:10
KasirPintar,Sangat membantu,5,2025-01-30 14:17:50
KasirPintar,Sangat membantu sekali,5,2025-01-30 10:51:10
KasirPintar,Apl ini sangat membantu usaha Saya,5,2025-01-30 06:15:02
KasirPintar,Sangat membantu,5,2025-01-29 23:27:59
KasirPintar,Masih belajar semoga bermanfaat cara menampilkan logo bagaimana min?,5,2025-01-29 17:43:34
KasirPintar,Sangat membantu,4,2025-01-29 13:04:34
KasirPintar,Mantap,5,2025-01-29 11:53:46
KasirPintar,Bagus,5,2025-01-28 20:50:07
KasirPintar,Mantap,5,2025-01-28 16:51:13
KasirPintar,Suka duka itu lah pembelajaran saya,5,2025-01-27 20:16:29
KasirPintar,"Sangat bagus dari aplikasi lain, saran sja sih kak kalo. Bisa berlangganan nda harus pertahun kalo kita sanggup nya hanyalah perbulan seharusnya jngn di persulit jadi mau berlangganan ragu krna nda semua toko punya banyak modal untuk bayar langsung setahun",4,2025-01-27 18:16:16
KasirPintar,Bagus mudah,5,2025-01-27 16:15:46
KasirPintar,Aplikasinya bagus tapi mau daftar ppob gak bisa verifikasi terus... kode otp gak dikirim-kirim,4,2025-01-27 14:42:36
KasirPintar,Bagus utk pemula,4,2025-01-27 08:56:40
KasirPintar,Terbaik,4,2025-01-27 03:34:34
KasirPintar,Keren buat pemula baru coba semoga bermanfaat bagi usaha saya,5,2025-01-26 22:36:14
KasirPintar,Baru mau coba,5,2025-01-26 20:44:08
KasirPintar,jos,5,2025-01-26 12:10:18
KasirPintar,Membantu sekali,5,2025-01-26 10:02:46
KasirPintar,Membantu bgt,5,2025-01-26 00:26:56
KasirPintar,"sangat membantu, tapi harus yang pro",5,2025-01-25 18:07:28
KasirPintar,Sangat membantu dalam usaha saya terima,5,2025-01-25 17:47:12
KasirPintar,Baik lbh mudah digunakan,5,2025-01-25 13:09:25
KasirPintar,Aplikasi nya keren,5,2025-01-25 11:57:08
KasirPintar,Aplikasi yg sangat bgs dan membantu,5,2025-01-24 14:13:01
KasirPintar,Bagus banget,5,2025-01-24 03:48:51
KasirPintar,Sangat membantu,5,2025-01-23 22:00:15
KasirPintar,Sangat mudah dan membantu 👍,5,2025-01-23 12:03:19
KasirPintar,"Sangat membantu untuk kebutuhan berjualan. Saran, 1. Dalam satu item produk kalau bisa untuk satuan pcs dan karton agar mempermudah jika ada yang membeli. 2. Ada kan fitur retur dengan item yang berbeda.",5,2025-01-23 08:31:54
KasirPintar,Sangat membantu..pakai ini dulu nanti baru yg pro,5,2025-01-22 16:27:03
KasirPintar,Baik,5,2025-01-22 15:10:03
KasirPintar,Oke mantap,5,2025-01-22 14:57:18
KasirPintar,Verifikasi otp nomer hp kenapa prosesnya lama sekali,5,2025-01-22 12:17:38
KasirPintar,sangat membantu,5,2025-01-21 16:10:41
KasirPintar,Sangat membantu,5,2025-01-21 15:11:00
KasirPintar,Nanti saya kasih bintang 5 nya kalo saya udh paham ya,4,2025-01-21 15:06:54
KasirPintar,membantu buat yg mau mulai usaha,5,2025-01-21 12:57:40
KasirPintar,Mudah digunakan dan sangat membantu,5,2025-01-20 18:12:26
KasirPintar,Sangat membantu sya..,5,2025-01-20 08:51:14
KasirPintar,"Apl Kasir Pintar membantu para pebisnis selaku pelaku usaha, terima kasih Kasir Pintar",5,2025-01-19 13:02:21
KasirPintar,"Mantab, mudah dan memudahkan, rekomended",5,2025-01-19 13:01:56
KasirPintar,baik sekali dan sangat membantu,5,2025-01-19 07:20:45
KasirPintar,"Mantap, cukup membantu dan ini sangat mudah di gunakan",5,2025-01-18 23:22:37
KasirPintar,"Kereen. Terimakasih banyak, semoga kedepannya bisa terus pakai apk ini",5,2025-01-18 21:41:45
KasirPintar,Bagus simple dan gampang di gunakan,5,2025-01-18 14:45:33
KasirPintar,Sangat membantu,5,2025-01-18 10:40:39
KasirPintar,Aplikasi yg bagus dan sangat mbantu sy dlm mengelola usaha,5,2025-01-18 06:14:57
KasirPintar,aplikasi yang sangat membantu dalam usaha saya,5,2025-01-17 23:06:10
KasirPintar,"Aplikasinya bgus, mendukung usaha saya 💗",5,2025-01-17 21:09:28
KasirPintar,Baru beberapa hari saya coba ternyata gampang disini sinyal nya jelek jadi terbantu sama yang oflen,4,2025-01-17 15:09:34
KasirPintar,Recomended,5,2025-01-17 11:19:07
KasirPintar,"Fitur cukup lengkap, dan harga terjangkau",5,2025-01-16 22:50:34
KasirPintar,Oke,5,2025-01-16 19:58:16
KasirPintar,Mantulllll,5,2025-01-16 12:45:30
KasirPintar,mntap,5,2025-01-16 10:17:34
KasirPintar,"Mantap dan puas. Apk bagus....,aku suka...",5,2025-01-16 08:56:10
KasirPintar,sangat bagus Terima kasih,5,2025-01-16 02:13:11
KasirPintar,Bagus,5,2025-01-15 22:25:42
KasirPintar,"Baru mau coba, semoga membantu aku memulai bisnis",5,2025-01-15 20:04:33
KasirPintar,Sangat sangat membantu untuk yg baru buka usaha,5,2025-01-15 20:01:01
KasirPintar,Bagus,5,2025-01-15 13:32:34
KasirPintar,𝙼𝚊𝚗𝚝𝚊𝚙𝚙,5,2025-01-15 12:17:29
KasirPintar,"enak lah pakai ini, klo untuk warung sederhana ini aja dulu gratis, nanti sudah berkembang tinggal lanjutkan dengan yg pro... 🙏🙏👍👍👍",5,2025-01-15 08:10:46
KasirPintar,"Belum dicoba ""Tapi Bagus 👍",5,2025-01-15 01:00:05
KasirPintar,Sangat membantu luar biasa,5,2025-01-13 20:15:38
KasirPintar,Sangat membantu,5,2025-01-13 16:53:58
KasirPintar,Membatu sekali,5,2025-01-13 15:10:15
KasirPintar,Meskipun saya user gratisan tetapi aplikasi ini sangat membantu dalam kemajuan toko saya,5,2025-01-13 12:21:26
KasirPintar,Mantap sangat membantu untuk memulai usaha,5,2025-01-13 11:28:38
KasirPintar,Cukup membantu terutama performa toko,5,2025-01-13 05:36:34
KasirPintar,Kode otp tidak terkirim. Pdhl email nomor sudah betul. Jadi tidak bisa buat akun,4,2025-01-12 22:10:01
KasirPintar,Sangat berguna,5,2025-01-12 21:44:28
KasirPintar,ntaps,5,2025-01-12 20:03:20
KasirPintar,apk nya sangat membantu untuk yg mau mulai usaha..supaya modal tetap aman,4,2025-01-12 19:24:24
KasirPintar,"Tolong, ketika masuk pengaturan print/cetak pasti error. Kenapa ya? Saya sudah capai input semua item. Hanya saja ingin mengatur cetak print tapi tidak bisa. Minta tolong sekali",3,2025-01-12 17:29:51
KasirPintar,"aplikasinya sangat membantu sekali, luar biasa",5,2025-01-12 09:39:56
KasirPintar,Berguna,5,2025-01-12 02:05:22
KasirPintar,Top,5,2025-01-11 21:56:58
KasirPintar,Terimakasih banyak sudah membantu,5,2025-01-11 11:14:20
KasirPintar,Masih mau mencoba,5,2025-01-11 00:18:57
KasirPintar,Bagus,5,2025-01-10 22:57:17
KasirPintar,Ga ngerti cara pakainya🤣,5,2025-01-10 18:15:21
KasirPintar,Sangat membantu dan mudah di operasionalkan,5,2025-01-10 17:56:54
KasirPintar,Keren,5,2025-01-10 16:24:34
KasirPintar,Semoga selalu membatu dg mudah,5,2025-01-10 16:14:32
KasirPintar,Sangat membantu dalam masa sekarang ini,5,2025-01-10 14:49:49
KasirPintar,Mantap,5,2025-01-10 13:51:18
KasirPintar,keren banget,5,2025-01-10 13:38:10
KasirPintar,mohon perbaiki lagi ... data pelanggan berhutang hilang dengan sendirinya,4,2025-01-10 13:19:35
KasirPintar,Mudah digunakan,3,2025-01-10 08:11:21
KasirPintar,Sangat membantu saya,5,2025-01-09 23:34:32
KasirPintar,Masih beljar Dulu,5,2025-01-09 19:42:06
KasirPintar,Sangat membantu buat pembukuan keuangan,5,2025-01-09 14:27:19
KasirPintar,"udah bayar ga bisa di pake, RIBET, bertele2, ga jelas",1,2025-01-09 14:26:54
KasirPintar,"Aplikasi yang bagus,karna sangat membantu sekali",5,2025-01-09 01:44:38
KasirPintar,"Terima kasih Kasir Pintar, sudah membantu mempermudah dalam usahaku, semoga bisa lebih banyak fitur yg tersedia dan lancar terus. Aamiin",5,2025-01-09 00:51:09
KasirPintar,Mantab,5,2025-01-08 21:34:54
KasirPintar,Aplikasi yang sangat membantu,5,2025-01-08 17:56:00
KasirPintar,Sangat membantu UMKM,5,2025-01-08 11:35:59
KasirPintar,Santa membantu di toko sembako saya,5,2025-01-08 11:29:49
KasirPintar,Sangat membantu dan berguna banget,5,2025-01-08 11:06:31
KasirPintar,Sangat bagus,5,2025-01-07 20:30:07
KasirPintar,Sangat membantu,5,2025-01-07 19:15:22
KasirPintar,MAU BUAT AKUN TIDAK BISA KARENA OTP TIDAK DIKIRIMKAN SUDAH COBA 13X GA BISA,1,2025-01-07 13:54:53
KasirPintar,Aplikasi ini sangat membantu tp kenapa disambungkan ke printer tdk bs ?? Mohon bantuannya ...,4,2025-01-06 19:19:51
KasirPintar,Ok nih,5,2025-01-06 17:54:31
KasirPintar,Aplikasinya sangat membantu sekali. Terima kasih pengembang,5,2025-01-06 14:46:30
KasirPintar,Sangat sangat membantu stock opname toko saya,5,2025-01-05 21:20:09
KasirPintar,Suka,5,2025-01-05 08:55:37
KasirPintar,ok mantap,3,2025-01-05 08:09:32
KasirPintar,Sangat membantu,5,2025-01-05 07:26:08
KasirPintar,Sangat membantu,5,2025-01-04 21:16:51
KasirPintar,Terlalu mahal untuk versi pro nyah,5,2025-01-04 20:35:39
KasirPintar,"Masih coba yg free dulu, sejauh ini aplikasinya sangat bagus.",5,2025-01-04 10:53:52
KasirPintar,Keren,5,2025-01-04 05:17:57
KasirPintar,sangat bagus,5,2025-01-03 20:48:01
KasirPintar,"Sangat membantu sekali, mantap Untuk orang-orang yg pke apk ini sukses terus",5,2025-01-03 15:16:38
KasirPintar,Mantap sangat membantu,5,2025-01-03 10:54:49
KasirPintar,Puas,5,2025-01-03 00:35:25
KasirPintar,Aplikasi yang sangat membantu umkm,5,2025-01-02 19:24:40
KasirPintar,Sangat membantu,5,2025-01-02 11:12:25
KasirPintar,aplikasinya sangat membantu,5,2025-01-02 11:00:53
KasirPintar,Masih banyak bug,1,2025-01-01 23:19:54
KasirPintar,Sangat membantu,5,2025-01-01 15:13:25
KasirPintar,Sangat membantu dalam pembuatan nota penjualan,5,2025-01-01 13:06:24
KasirPintar,Aplikasi bagus,4,2025-01-01 13:04:14
KasirPintar,Mantullll,5,2024-12-31 10:59:03
KasirPintar,Bagus sangat membantu,5,2024-12-31 10:18:45
KasirPintar,Keren sejauh ini,5,2024-12-31 07:25:23
KasirPintar,simple praktis dan mudah,5,2024-12-31 00:27:44
KasirPintar,Mantab,5,2024-12-30 21:28:11
KasirPintar,Keren memudahkan dalam perhitungan hutang piutang,5,2024-12-30 17:00:57
KasirPintar,bagus sekali,5,2024-12-30 14:28:46
KasirPintar,"Mudah digunakan, aplikasinya sesuai yg diiginkan",5,2024-12-30 10:56:23
KasirPintar,"Aplikasi saya non aktif karena 1 tahun tidak di gunakan, caranya agar bisa digunakan kembali gimana ya? Mohon bantuannya, makasih",5,2024-12-30 09:17:07
KasirPintar,"Aplikasi sangat oke, tp banyak menu yg harus Pro sehingga pemakaian tidak maksimal😊",4,2024-12-30 06:48:34
KasirPintar,Sangat membantu penjualan saya terimakasih,5,2024-12-30 01:55:21
KasirPintar,Sangat membantu,5,2024-12-29 23:57:14
KasirPintar,aplikasi bagus ini buat jualan di toko,5,2024-12-29 23:52:04
KasirPintar,Aplikasi bagus sangat membantu usaha sangat mudah digunakan,5,2024-12-29 22:26:13
KasirPintar,"sangat membantu peran umkm khususnya, semoga untuk kedepannya semakin dimudahkan dan dikembangkan lagi untuk berbagai fitur sebagai pelengkap serta kemudahan akses bagi penggunaa lainnya. terimakasih🙏",5,2024-12-29 22:17:51
KasirPintar,Good,5,2024-12-29 21:02:25
KasirPintar,Aplikasi mudah untuk di pelajari,5,2024-12-29 11:39:53
KasirPintar,sangat membantu,5,2024-12-28 20:14:25
KasirPintar,Sngt mmbntu,5,2024-12-28 17:23:04
KasirPintar,buat verivikasi otp nya ngga ada min,5,2024-12-28 11:40:43
KasirPintar,"Mudah digunakan, the best",5,2024-12-28 09:23:59
KasirPintar,Simpel dan mudah,5,2024-12-28 02:22:56
KasirPintar,Sangat membantu,5,2024-12-27 22:01:25
KasirPintar,Mantap,5,2024-12-27 21:05:47
KasirPintar,Sangat membantu dan berguna,5,2024-12-27 20:00:08
KasirPintar,"Kak, apk ini tidak bisa di download di hape iPhone kah ?",5,2024-12-27 10:44:36
KasirPintar,Cocok sekali untuk usaha saya,5,2024-12-26 19:47:43
KasirPintar,Bagus dan sangat membantu,5,2024-12-26 13:53:27
KasirPintar,Mudah digunakan dan sangat membantu usaha saya,5,2024-12-26 11:34:42
KasirPintar,Sangat membantu untuk berjualan,5,2024-12-25 21:43:34
KasirPintar,Keren dan sangat membantu,5,2024-12-25 16:31:41
KasirPintar,"Gak bisa verifikasi nomor HP, jadi gak bisa login.",1,2024-12-25 15:58:03
KasirPintar,Sangat membantu,5,2024-12-25 13:23:24
KasirPintar,Sangat membantu,5,2024-12-25 00:53:49
KasirPintar,"Mohon maaf saya gak bisa,pakek aplikasi ini karena harus bayar,, padahal itu printer kita sendiri,,kok pakek bayar admin lagi ,kan bikin kita ribet , tolong di ubah lagi menjadi gratis, supaya banyak yang minat, terimakasih",1,2024-12-24 14:47:32
KasirPintar,mantap,5,2024-12-24 12:14:30
KasirPintar,Aplikasinya mudah digunakan untuk pemula,5,2024-12-24 08:49:14
KasirPintar,Kasir Toko Portable yg versi dulu bagus. Ga ribet. Yg baru baru ga puas pakainya.,3,2024-12-23 21:08:44
KasirPintar,Mudah untuk transaksi,5,2024-12-23 11:26:11
KasirPintar,Sangat membantu,5,2024-12-23 06:29:19
KasirPintar,Mudah digunakan,5,2024-12-22 20:07:22
KasirPintar,Sangat membantu,5,2024-12-22 19:59:42
KasirPintar,"Luar biasa, mudah di gunakan",5,2024-12-21 13:59:50
KasirPintar,Terbaik,5,2024-12-21 11:15:15
KasirPintar,Lap penjualan perbarang nya sering gk muncul per tgl 19 desember. Tlg di fix. Musti Re-login baru muncul,1,2024-12-20 12:28:15
KasirPintar,Aplikasi yang cukup membantu Mantulll,5,2024-12-20 11:30:06
KasirPintar,Kebanyakan yang berbayar. Semakin dikurangi yang gratis. Good luck deh ya haha,1,2024-12-20 00:29:40
KasirPintar,Membantu sekali ..,5,2024-12-19 11:27:34
KasirPintar,Lumayan baik tapi untuk oerbngkelan jasa mekanik belum bisa masuk nota,5,2024-12-19 09:07:28
KasirPintar,Mantan sangat membantu,5,2024-12-19 02:03:52
KasirPintar,Aplikasi keren,5,2024-12-19 01:41:49
KasirPintar,Harus berbayar kalau mau yang lebih bakk,5,2024-12-19 01:06:21
KasirPintar,Bagus cuma biasanya kadang eror,4,2024-12-18 19:35:54
KasirPintar,Aplikasi nya bagus sangat membantu untuk penjualan,5,2024-12-18 17:02:11
KasirPintar,Good,5,2024-12-18 09:22:01
KasirPintar,Membantu bgt alhamdulillah makasih,5,2024-12-17 21:50:36
KasirPintar,Nggak bisa masuk aplikasi nya nggak dikirim otp nya,1,2024-12-17 21:30:31
KasirPintar,Aplikasi sudah bagus,5,2024-12-17 20:01:39
KasirPintar,Masih tahap simulasi sih okee,5,2024-12-17 13:54:13
KasirPintar,Muncul terus untuk minta rating! Mengganggu,3,2024-12-17 13:16:24
KasirPintar,Mebantu,5,2024-12-17 11:14:53
KasirPintar,Ok,5,2024-12-17 10:08:45
KasirPintar,Masuuuuuk pol...sangat membantu,5,2024-12-17 01:17:00
KasirPintar,sangat membantu,5,2024-12-16 22:45:39
KasirPintar,serem coy,5,2024-12-16 22:30:12
KasirPintar,Sangat membantu UMKM kecil,5,2024-12-16 14:35:10
KasirPintar,Sangat membantu umkm makasih banyak ya kasir pintar,5,2024-12-16 14:04:37
KasirPintar,Kenapa tiap cetak tidak bisa yaa.... sll ada keterangan perbarui aplikasi dan terjadi bug.. padahal tiap buka di google play store tidak ada update aplikasi... please bantu dong...,3,2024-12-15 21:13:18
KasirPintar,Terbaik,5,2024-12-15 14:35:41
KasirPintar,Simpel dan praktis,5,2024-12-15 12:04:17
KasirPintar,Sering eror aplikasinya,3,2024-12-15 08:08:27
KasirPintar,Ok,5,2024-12-14 22:47:45
KasirPintar,"Tidak bisa daftar, kode otp tidak terkirim sudah berapa kali di coba tapi tetap sama tidak ada kode otp yang masuk",1,2024-12-14 22:15:40
KasirPintar,"Mau daftar login aja susah bgt,,, kode otpnya gak masuk masuk... Hadeeeeh",1,2024-12-14 22:00:37
KasirPintar,Bagus bagus aja,5,2024-12-14 20:42:42
KasirPintar,Belajar,4,2024-12-14 14:24:04
KasirPintar,"Baru daftar bikin akun, ngisi data toko malah tombol ""Simpan"" nya ngumpet di bawah, di scroll ke atas malah gak bisa. Ngebug nih aplikasi",2,2024-12-14 14:13:27
KasirPintar,Mau daftar kode OTP gak dikirim kirim!!,3,2024-12-14 13:31:54
KasirPintar,Bagus,5,2024-12-14 09:43:58
KasirPintar,Sangat membantu dan bermanfaat,5,2024-12-13 21:07:00
KasirPintar,"aplikasi.a sangat membantu untuk usaha kecil, tp kurang fitur pencatatan pengeluaran. Tolong tambahkan fitur pencatatan pengeluaran min",5,2024-12-13 16:28:35
KasirPintar,Bagus sangat membantu sekali dalam laporan dan transaksi sangat mudah,5,2024-12-12 20:37:38
KasirPintar,Ok,5,2024-12-12 16:16:27
KasirPintar,sangat mudah dan sangat membantu..walau pake aplikasi free,5,2024-12-12 13:59:07
KasirPintar,Memuaskan,5,2024-12-11 19:59:09
KasirPintar,Sangat amat membantu,5,2024-12-11 19:17:18
KasirPintar,Aplikasi ini sangat rekomended,5,2024-12-11 09:33:25
KasirPintar,Mantap,5,2024-12-11 07:17:49
KasirPintar,oke,4,2024-12-11 02:01:02
KasirPintar,bagus mudah dan lengkap. kekurangan yg sy temui makin bertambah ! 1. kadang foto produk ketukar sendiri dg foto produk yg lain !!! 2. Sisa stok sering tidak sesuai 3. Dan catatan kasbon seharusnya transaksi terbaru ada di atas bukan di bawah jdi susah carinya hrus scrol jauh ke bawah.! Mohon segera diatasi ya. Dn smoga menjadi yg terbaik.,4,2024-12-10 20:35:47
KasirPintar,Aplikasi tolol. Mau masuk lagi tdk bs karena tdk ada transaksi. Kebijakan tolol ini,1,2024-12-10 20:27:05
KasirPintar,Oke,5,2024-12-10 19:59:40
KasirPintar,"Bagus, sangat lancar digunakan",5,2024-12-10 19:17:39
KasirPintar,"Sangat membantu pengelolaan toko saya, semoga nanti bisa pake yg PRO",5,2024-12-10 07:39:47
KasirPintar,pakai aplikasi ini sanggat membantu sekali,5,2024-12-10 00:57:03
KasirPintar,Bagus banget apl. Nya sangat membantu dan memudahkan pembukuan,5,2024-12-09 20:33:50
KasirPintar,sangat membantu,5,2024-12-09 18:49:41
KasirPintar,Sangat membantu,5,2024-12-09 18:26:43
KasirPintar,Memudahkan dalam transaksi,5,2024-12-09 14:38:44
KasirPintar,Sangat mudah di pahami👍,5,2024-12-09 14:18:20
KasirPintar,Trimakasih kasir pintar i love 😍😍,5,2024-12-09 02:12:01
KasirPintar,Sangat bermanfaat sekali,5,2024-12-08 23:52:59
KasirPintar,Terimakasih sudah membantu UMKM,5,2024-12-08 21:35:12
KasirPintar,Good,4,2024-12-08 13:16:11
KasirPintar,Bagus,5,2024-12-07 19:37:31
KasirPintar,Membantu banget buat transaksi warung,5,2024-12-07 18:42:27
KasirPintar,Sangat membantu pekerjaan kasir,5,2024-12-07 10:10:28
KasirPintar,Semoga sgera lancar belajarnya aplikasi ini,5,2024-12-06 20:50:54
KasirPintar,Sangat memudahkan adanya amplifikasi ini,5,2024-12-06 06:27:47
KasirPintar,Keren,5,2024-12-05 20:49:16
KasirPintar,Mantap,5,2024-12-05 19:13:07
KasirPintar,Ajib,5,2024-12-05 01:26:14
KasirPintar,"Sangat membantu utk usaha,simpel n praktis",5,2024-12-04 22:02:54
KasirPintar,selalu keluar2 sendiri dr aplikasi. pas mau pilih printer utk nota selalu tdk bisa. tbtb hpnya jadi mati. mana ga bisa hapus akun secara mandiri pula. sudah kirim email buat dihapus akunnya semoga cepet direspon deh.,1,2024-12-04 15:11:02
KasirPintar,Saya baru mencoba apk ini untuk edit stok knp g bisa ya? Kemudian klo pindah ke pro apakah harus input barang dari awal lagi?,3,2024-12-04 12:22:59
KasirPintar,mantap..semoga bisa membantu umkm,5,2024-12-04 10:28:16
KasirPintar,Sangat sangat membantu sekali 👍👍👍👍👍,5,2024-12-04 10:04:46
KasirPintar,Mudah digunakan untuk pemula dan aplikasinya sederhana cocok untuk umkm,5,2024-12-04 08:06:57
KasirPintar,sangat membantu,4,2024-12-04 07:23:43
KasirPintar,So far so good,5,2024-12-03 12:33:17
KasirPintar,Aplikasi yg membagongkan susah di akses,1,2024-12-03 12:07:09
KasirPintar,Good Job,5,2024-12-03 11:58:02
KasirPintar,Sangat membantu untuk pengusaha kecil,5,2024-12-03 11:38:58
KasirPintar,Terbaik,5,2024-12-03 00:29:50
KasirPintar,Good app,5,2024-12-02 23:23:18
KasirPintar,Sangat membantu,5,2024-12-02 13:54:49
KasirPintar,Bgus,5,2024-12-02 12:33:55
KasirPintar,Aplikasi ini sangat membantu memudahkan sekali,5,2024-12-01 19:19:30
KasirPintar,Blom bisa banyak komen Cz bafu hr pertama untuk cb menggunakan,4,2024-12-01 18:45:30
KasirPintar,Mudhh digunakan,4,2024-12-01 18:12:58
KasirPintar,Terbaik,5,2024-12-01 17:41:19
KasirPintar,"sangat membantu sekali, mantab terimakasih",5,2024-12-01 11:52:12
KasirPintar,Masih coba yg free...baguslah..untuk belajar.,5,2024-12-01 11:01:29
KasirPintar,"MasyaAllah, Mantaap",5,2024-11-30 22:56:16
KasirPintar,Ok,5,2024-11-30 19:22:07
KasirPintar,Ok,5,2024-11-30 14:36:01
KasirPintar,Aplikasi ini bayar kah?,5,2024-11-30 06:29:34
KasirPintar,"Lengkap bisa scan barcode, gratis. Yg pro juga ready sesuai kebutuhan. Sukses yaa",5,2024-11-29 22:59:22
KasirPintar,Nice,5,2024-11-29 20:21:50
KasirPintar,Sangat Membantu Memudahkan Terimakasih,5,2024-11-29 16:14:39
KasirPintar,Sangat membantu bisnis saya... Meski warung kecil2an jadi kelihatan kaya cafe kalau pakai aplikasi ini,5,2024-11-29 15:44:58
KasirPintar,Sangat membantu sekali...,5,2024-11-29 14:42:48
KasirPintar,Sangat membantu pembukuan saya,5,2024-11-28 20:13:55
KasirPintar,Sangat membantu,4,2024-11-28 18:06:04
KasirPintar,Bagus n membantu sya dlm usaha,4,2024-11-28 10:27:54
KasirPintar,baguss bnget cm belum paham,5,2024-11-28 01:29:42
KasirPintar,"Baru pakai sudah bug, gak bisa nyetak strukc dan bikin printer struck saya jadi rusak, pakai aplikasi lain bisa",3,2024-11-27 21:15:07
KasirPintar,Sangat membantu,5,2024-11-27 21:10:21
KasirPintar,Bagus tpi saya masih bingung,5,2024-11-27 20:46:05
KasirPintar,Mudah d gunakan,5,2024-11-27 19:36:01
KasirPintar,Bagus,5,2024-11-26 23:09:44
KasirPintar,Bagus untuk standar gratisan mah ya gratis sesuai ya oke kok sangat lancar pengunaanudah,5,2024-11-26 21:54:38
KasirPintar,Goodddd,3,2024-11-26 21:14:46
KasirPintar,mantap,5,2024-11-26 18:11:57
KasirPintar,Aplikasa bagus sangat membantu dan mudah mengoperasikan hasil mantap,5,2024-11-26 05:52:21
KasirPintar,Sangat membantu,5,2024-11-24 18:29:11
KasirPintar,"Bagus sekali,amat sangat membantu.",5,2024-11-24 14:55:22
KasirPintar,Insya alloh membantu,4,2024-11-24 11:13:59
KasirPintar,Masih dipelajari dan dicoba semoga bermanfaat buat usaha saya.,5,2024-11-24 10:43:30
KasirPintar,"Sangat membantu mengatur barang keluar masuk, dan tau keuntungannya.",5,2024-11-24 08:12:41
KasirPintar,Bagus,5,2024-11-23 19:57:53
KasirPintar,Aplikasi kasir terbaik dan termurah,5,2024-11-22 19:35:53
KasirPintar,Lengkap dan mudah di pakai,5,2024-11-22 14:03:48
KasirPintar,terimakasih kasir pintae,5,2024-11-21 21:43:12
KasirPintar,Tidak bisa verifikasi no hp,3,2024-11-21 13:01:41
KasirPintar,Tanggal ga bisa di edit,4,2024-11-21 01:04:25
KasirPintar,"Masukin barang ga keluar, eror mulu.",1,2024-11-20 23:11:36
KasirPintar,Sangat membantu,5,2024-11-20 22:29:58
KasirPintar,sangat Mudah di gunakan,5,2024-11-20 14:52:40
KasirPintar,"bagus,mudah.",5,2024-11-20 14:52:04
KasirPintar,Membantu sekali,5,2024-11-20 12:34:39
KasirPintar,Sangant mebantu sekali,5,2024-11-19 13:06:12
KasirPintar,Bagus dan mudah,5,2024-11-19 07:44:40
KasirPintar,Ok,5,2024-11-19 01:24:29
KasirPintar,Cakepp,4,2024-11-18 22:34:55
KasirPintar,good,5,2024-11-18 21:28:23
KasirPintar,Baru pertama pake bagus banget dan membantu. Terimakasih,5,2024-11-18 19:12:43
KasirPintar,Mantap,5,2024-11-18 16:59:07
KasirPintar,Sangat membantu,5,2024-11-18 08:04:10
KasirPintar,Baru nyoba yg gratisan Alhamdulillah terbantu tuk laporan penjualan. Semoga suatu saat bisa langganan yg pro,5,2024-11-17 22:49:01
KasirPintar,Sangat Membantu banget,5,2024-11-17 20:48:18
KasirPintar,cukup membantu dalam bertransaksi perniagaan,5,2024-11-17 07:39:14
KasirPintar,"Bagus banget, sangat membantu",5,2024-11-17 05:15:40
KasirPintar,Sangat membantu umkm,5,2024-11-16 17:45:22
KasirPintar,"Mudah untuk dipelajari, dan mempermudah proses transaksi",5,2024-11-16 16:28:29
KasirPintar,Semoga terus bisa memberikan yang terbaik bagi kemajuan usaha kelas mikro,5,2024-11-16 13:12:51
KasirPintar,Bagus,5,2024-11-16 11:23:06
KasirPintar,"Bagus skali sangat membantu, tp dari kmrin dan skr knp bug terus gak bisa print",5,2024-11-16 08:25:11
KasirPintar,Mantap sangat membantu untuk di menajemen usaha saya..,5,2024-11-16 01:13:03
KasirPintar,Good aplikasi,5,2024-11-15 12:58:25
KasirPintar,Sangat membantu sekali.,5,2024-11-14 23:26:35
KasirPintar,Oke,5,2024-11-14 23:07:16
KasirPintar,Sangat membantu transaksi dan stock di warung kami terima kasih,5,2024-11-14 20:52:28
KasirPintar,Pas,5,2024-11-14 20:09:59
KasirPintar,Sangat membantu,5,2024-11-14 18:29:48
KasirPintar,"Simpel, mudah dan informatif",5,2024-11-14 18:24:44
KasirPintar,Mudah,5,2024-11-14 14:04:18
KasirPintar,Kak dulu sudah pernah punya akun kaspin tapi mau login lupa pasword,5,2024-11-14 10:35:20
KasirPintar,Mantap,5,2024-11-14 00:24:04
KasirPintar,Baik sangat membantu,5,2024-11-13 23:27:40
KasirPintar,Mantap,5,2024-11-13 19:05:33
KasirPintar,Sangat membatu untuk pemula seperti saya Terimakasih Kasir pintar,5,2024-11-13 17:45:02
KasirPintar,Semoga bisa di gunakan secara gratis.,5,2024-11-13 09:43:49
KasirPintar,Aplikasi ini sangat membantu sekali .jangan ragu untuk pakai .. gratis lagi.,5,2024-11-13 08:05:05
KasirPintar,Trimakasih sudah membantu usaha saya,5,2024-11-13 06:58:12
KasirPintar,Terbaik,5,2024-11-13 03:14:49
KasirPintar,"Setelah di update, kirim struknya harus buka link, agak ribet sih buat pelanggan, kayanya lebih bagus sebelum di update, bisa kirim review struk langsung deh",4,2024-11-12 21:32:02
KasirPintar,Good,5,2024-11-12 19:42:17
KasirPintar,semenjak menggunakan kasir pintar pembukuan toko saya jadi terbantu,5,2024-11-12 13:52:03
KasirPintar,Bagus,5,2024-11-12 12:51:37
KasirPintar,Ok,5,2024-11-12 09:08:30
KasirPintar,"Mudah digunakan,sangat bermanfaat",5,2024-11-12 08:20:14
KasirPintar,Bagus,3,2024-11-12 08:02:41
KasirPintar,Aplikasi yang sangat membantu,5,2024-11-11 18:17:28
KasirPintar,Aplikasi yang bisa membantu memanagement keuangan,5,2024-11-11 17:59:59
KasirPintar,Cukup memuaskan,5,2024-11-11 17:23:42
KasirPintar,Praktis,4,2024-11-10 20:57:02
KasirPintar,Mantap sangat membantu 👍👍🤝🤝🤝,5,2024-11-10 20:55:22
KasirPintar,Mantap,5,2024-11-10 19:08:12
KasirPintar,lumayan membantu buat pemula seperti saya,5,2024-11-10 16:50:58
KasirPintar,Blm paham masih mempelajari gimana gimana nya tapi bagus membantu,4,2024-11-10 14:43:22
KasirPintar,Memudahkan bangeettt Terima kasih kasir pintar 🙏⭐⭐⭐⭐⭐,5,2024-11-10 13:45:42
KasirPintar,"Sangat,",5,2024-11-10 02:37:52
KasirPintar,Mantapp,5,2024-11-09 23:09:06
KasirPintar,Aplikasi ok,4,2024-11-09 22:21:50
KasirPintar,Saya pernah pakai aplikasi kasir pintar.. tapi karena udh lama tidak dipake saya tidak bisa login lagi.. apa ada solusi? Karena kalo harus daftar baru saya hanya punya 1 nomor hp...,4,2024-11-09 22:03:54
KasirPintar,Jos,5,2024-11-09 10:37:27
KasirPintar,Bagus banget aplikasinya membantu buat usaha UMKM,5,2024-11-09 10:16:33
KasirPintar,Bagusss bgttt,5,2024-11-09 00:03:08
KasirPintar,bagus,5,2024-11-08 23:25:21
KasirPintar,Sippp banget,5,2024-11-08 16:52:00
KasirPintar,aplikasi sangat membantu,5,2024-11-08 16:46:09
KasirPintar,Aplikasi bagus. sangat membantu untuk bisnis. di dukung dengan fitur manajemen stok dan pemasaran yg lengkap. recomended lah,5,2024-11-08 13:36:46
KasirPintar,Terimamasih kasir pintar aplikasi nya sangat membantu dalam bertransaksi di toko semoga semakin di permudah dalam pengguna an nya,5,2024-11-08 13:01:43
KasirPintar,Lumayan untuk bantu rekap penjualan rumahan,5,2024-11-08 12:15:05
KasirPintar,"mantap apk nya, sayangnya tidak bisa upgrade ke mode pro",5,2024-11-08 00:55:15
KasirPintar,"Masih mencoba, alhamdulillah dikasih free mempermudah ibu saya jualan",5,2024-11-07 14:10:07
KasirPintar,Semangat membantu,5,2024-11-06 13:09:18
KasirPintar,Aplikasinya sangat membantu,5,2024-11-06 01:23:20
KasirPintar,sangat bermanfaat dan qa ribet cara pakainya,5,2024-11-05 23:47:31
KasirPintar,"Baru mau pake, belum tau kelancarannya",4,2024-11-05 15:10:09
KasirPintar,Sangat membantu ukmkm,5,2024-11-05 14:08:09
KasirPintar,"Aplikasi yang bagus, cocok untuk semua jenis usaha, Warung makan,minimarket dll",5,2024-11-05 10:13:37
KasirPintar,"Berguna banget, gratis, sesuai kebutuhan wirausaha.",5,2024-11-04 18:38:03
KasirPintar,Mantap,5,2024-11-04 01:24:10
KasirPintar,Aplikasi kasir sangat membantu penghitungan penjualan,4,2024-11-03 21:52:01
KasirPintar,Fiturnya bagus,5,2024-11-03 20:43:13
KasirPintar,Terima kasih sudah membantu para umkm kecil,5,2024-11-03 19:49:06
KasirPintar,Biar bintang yang berbicara,5,2024-11-03 18:26:05
KasirPintar,mantap,5,2024-11-03 17:15:50
KasirPintar,Mantap aplikasi nya min,5,2024-11-03 11:27:06
KasirPintar,Membantu UMKM pemula. Mantap,5,2024-11-03 01:14:28
KasirPintar,Sangat membantu.,5,2024-11-02 12:48:17
KasirPintar,"Alhamdulilah sangat2 membantu,cara pake juga mudah😍",5,2024-11-02 10:03:07
KasirPintar,Sangat membantu,5,2024-11-02 08:21:30
KasirPintar,Mantap & Luar Biasa...Semoga Semakin Berkembang dan Tambah Sukses Untuk Team...,5,2024-11-01 23:36:56
KasirPintar,Sangat membantu..semoga semakin lancar dan bisa berlangganan yg pro..thx u,5,2024-11-01 22:56:10
KasirPintar,Applikasi kasir yang lengkap dan mudah digunakan,5,2024-11-01 18:08:07
KasirPintar,"Saya sangat terbantu sekali dengan apk ini, cuman kenapa setelah apk ini saya pindah ke hp lain jadi gak bisa buat scan ya ? Padahal pake hp sebelumnya bisa scan, jadi sekarang kalo transaksi ngisi manual, mohon bantuannya biar bisa scan lagi pak bos",5,2024-11-01 10:58:11
KasirPintar,Ngebantu bngett buat menejemen toko ku,5,2024-11-01 08:21:11
KasirPintar,Mantap,5,2024-10-31 20:38:19
KasirPintar,Masih belajar...tapi sejauh ini cukup bagus,5,2024-10-31 19:19:18
KasirPintar,Mantap,5,2024-10-31 17:52:26
KasirPintar,Sangat membantu,5,2024-10-31 15:46:05
KasirPintar,"Lengkap dan mudah penggunaan nya. Ada juga yg gratis, mantap 👍",5,2024-10-31 13:41:55
KasirPintar,Masih mencoba fitur yg ada di aplikasi ini..,5,2024-10-30 23:03:28
KasirPintar,Baguss sukaaa bangettt sama fiturnya,5,2024-10-30 19:16:50
KasirPintar,sangat membantu,5,2024-10-30 19:14:09
KasirPintar,Bagus,5,2024-10-30 11:04:51
KasirPintar,Welldone,5,2024-10-29 21:03:46
KasirPintar,semoga gratis terus yang basic nya,5,2024-10-29 18:53:15
KasirPintar,Sangat terbantu,5,2024-10-29 08:43:16
KasirPintar,Oke,5,2024-10-28 22:35:52
KasirPintar,Bagus sangat membantu,5,2024-10-28 21:13:30
KasirPintar,Sangat membantu sekali mksh kasir pintar,5,2024-10-28 16:57:45
KasirPintar,Terimakasih,5,2024-10-28 15:34:02
KasirPintar,Sip pol,5,2024-10-28 13:45:48
KasirPintar,Sangat mudah digunakan dan dapat membantu,5,2024-10-28 12:36:19
KasirPintar,bagus,5,2024-10-28 00:33:11
KasirPintar,Apa mantap,5,2024-10-27 17:00:10
KasirPintar,Bagus,5,2024-10-27 08:00:30
KasirPintar,Mantap,5,2024-10-27 00:46:07
KasirPintar,Baik,5,2024-10-26 18:47:38
KasirPintar,Masih baru...so far so good utk pemula tanpa berbayar nya,5,2024-10-26 14:24:17
KasirPintar,Sementara masih oke,5,2024-10-25 22:36:43
KasirPintar,Sangat membantu terima kasih,5,2024-10-25 16:46:04
KasirPintar,Ok,5,2024-10-25 12:17:13
KasirPintar,"G bisa dipake,mau verifikasi kode otp g dapet""",1,2024-10-25 08:15:29
KasirPintar,"Bagus, sangat bermanfaat",5,2024-10-25 05:00:47
KasirPintar,👍,5,2024-10-25 00:29:36
KasirPintar,Mantap...,5,2024-10-24 21:36:34
KasirPintar,Cs cukup responsif,5,2024-10-24 20:23:24
KasirPintar,Bagussssssssd bangett,5,2024-10-24 16:37:29
KasirPintar,Sangat membantu transaksi,5,2024-10-24 13:15:58
KasirPintar,Bagussss,5,2024-10-24 13:07:07
KasirPintar,Sangat membantu,5,2024-10-24 11:17:47
KasirPintar,"Sangat membantu... yg free nya pun ok,cukuplah utk kegiatan dagang sehari2. Mudah2an kalau laris dan keuntungannya meningkat dan mencukupi baru pakai yg berbayar,insyaAllah...",5,2024-10-24 09:28:39
KasirPintar,Sangat membantu banget appliaksi kasir pintar ini meringankan tangan yg bikin kriting...terima kasih kasir pintar,5,2024-10-24 09:12:58
KasirPintar,bagus,5,2024-10-24 03:50:22
KasirPintar,Paling jos,5,2024-10-23 20:07:03
KasirPintar,mantap,5,2024-10-23 13:53:19
KasirPintar,"Aplikasi ribet mau bayar aja susah padahal SDH langganan,diarah kan selalu ke yg premium cape deh",1,2024-10-23 12:13:21
KasirPintar,Bagus dan bermanfaat untuk usaha,5,2024-10-23 12:11:26
KasirPintar,Bingung yg berbicara,5,2024-10-23 11:29:54
KasirPintar,ok,4,2024-10-23 10:58:48
KasirPintar,Bisa main kasir²an,5,2024-10-23 10:51:07
KasirPintar,Ok,5,2024-10-23 09:33:03
KasirPintar,Sangat membantu untuk usaha bengkel saya,5,2024-10-23 07:23:06
KasirPintar,Aplikasi bagus sangat membantu,5,2024-10-22 22:10:48
KasirPintar,Masi uji coba,4,2024-10-22 15:28:49
KasirPintar,Aplikasi rusak. Lagi transaksi barang tiba tiba histori yang ingin di CO hilang semua. Nyesel langganan,1,2024-10-22 11:10:52
KasirPintar,Mantappp,5,2024-10-22 10:57:43
KasirPintar,Sangat cocok,5,2024-10-21 17:52:12
KasirPintar,"Aplikasi buruk komplain respon lama, data karyawan sering tidak sinkron dgn owner, giliran berlangganan kudu cepet cepet bayar",1,2024-10-21 17:03:07
KasirPintar,"mantab, aplikasi gratis tetapi sangat membantu",5,2024-10-21 14:16:56
KasirPintar,Sangat bermanfaat,5,2024-10-21 00:04:32
KasirPintar,sangat membantu proses penjualan,5,2024-10-20 20:01:11
KasirPintar,Ok banget,5,2024-10-20 18:14:23
KasirPintar,Sangat membantu. Penggunaannya mudah,5,2024-10-20 12:53:05
KasirPintar,Sangat membantu pebisnis UMKM,5,2024-10-19 15:07:14
KasirPintar,Bagus sngat mmbantu,5,2024-10-18 21:24:54
KasirPintar,"Sangat membantu penjualan saya. ""Trims KASIR PINTAR""",5,2024-10-18 20:57:18
KasirPintar,lumayan,5,2024-10-18 20:08:50
KasirPintar,Siip,5,2024-10-18 10:02:19
KasirPintar,Sangat mudah untuk digunakan fitur lengkap,5,2024-10-18 03:14:50
KasirPintar,Sangat membantu,5,2024-10-18 02:20:42
KasirPintar,Baru nyoba2 smoga berhasil,5,2024-10-17 23:22:19
KasirPintar,bgus,5,2024-10-17 22:29:37
KasirPintar,"Masih newbie,msh dalam tahap coba.overall ok",4,2024-10-17 16:57:01
KasirPintar,Bagus,5,2024-10-17 16:07:13
KasirPintar,Bagus,5,2024-10-17 12:05:47
KasirPintar,"Baru nyoba,semoga bagus",4,2024-10-17 00:04:56
KasirPintar,Mantap aplnya,5,2024-10-16 22:40:50
KasirPintar,Bagus dan sangat membantu,5,2024-10-16 08:59:54
KasirPintar,Masih dicoba,4,2024-10-16 08:28:39
KasirPintar,Mantap aplikasinya,5,2024-10-15 16:11:17
KasirPintar,Sangat membantu laporan usaha...,5,2024-10-15 12:36:26
KasirPintar,"Jangan pakai aplikasi ini, gak bagus.. serba ribet",1,2024-10-14 19:39:38
KasirPintar,Sangat membantu,5,2024-10-14 19:10:00
KasirPintar,Aplikasi yg Sangat mudah dipahami,5,2024-10-14 19:09:22
KasirPintar,mantap,4,2024-10-13 22:10:59
KasirPintar,"Mantap , mempermudah pekerjaaan",5,2024-10-13 16:20:52
KasirPintar,keren,5,2024-10-13 09:31:01
KasirPintar,Sangat Membantu...👍,5,2024-10-13 08:48:32
KasirPintar,Saat ini membantu,5,2024-10-13 08:13:18
KasirPintar,Saya sudah daftar 3 tahun lalu. Lama tidak di aktifkan. Dan saya sekarag ingin login lagi. Keterangannya akun di non aktifkan,5,2024-10-13 01:10:14
KasirPintar,Boleh juga,5,2024-10-12 20:22:30
KasirPintar,Cara untuk mengaktifkan akun yg lama gimana caranya ?,4,2024-10-12 18:56:07
KasirPintar,mantap,5,2024-10-12 12:52:25
KasirPintar,Keren,5,2024-10-12 10:28:17
KasirPintar,Sangat bagus dan sangat membantu cocok untuk semua usaha,5,2024-10-12 03:29:13
KasirPintar,Bagus,5,2024-10-12 01:28:18
KasirPintar,Sangat berguna,5,2024-10-11 22:51:46
KasirPintar,Terimakasih,5,2024-10-11 17:27:03
KasirPintar,sangat membantu dan bisa cetak struk pakai barcode,5,2024-10-11 16:14:08
KasirPintar,Sangat kerennnnnn,5,2024-10-11 15:33:19
KasirPintar,"Sangat Bagus, versi gratisnya udah sangat cukup membantu dan bisa dimaksimalkan untuk usaha kecil, topp",4,2024-10-11 08:11:50
KasirPintar,Aplikasi yg ok banget 👍,5,2024-10-11 01:06:07
KasirPintar,Belum bisa nyambung ke printer c19 saya,4,2024-10-10 20:57:49
KasirPintar,bagus sangat membantu,4,2024-10-10 18:03:47
KasirPintar,"Kenapa kadang suka logout sendiri sih? Padahal saya tidak pernah logout, sangat mengganggu apalagi saat sedang ada transaksi tiba2 logout. Mohon untuk di perbaiki.",4,2024-10-10 13:06:44
KasirPintar,Sangat membantu saya,5,2024-10-10 10:51:45
KasirPintar,Aplikasi ini sangat mudah.. dan membantu untuk melancarkan transaksi usaha..,4,2024-10-10 06:31:41
KasirPintar,Mantap,5,2024-10-09 13:45:14
KasirPintar,Mantap apliksinya,4,2024-10-09 07:35:35
KasirPintar,Good,5,2024-10-09 00:10:54
KasirPintar,Baru nyoba smoga lancar,4,2024-10-08 23:35:58
KasirPintar,LUAR BIASA SANGAT MEMBANTU USAHA SAYA. FITURNYA LUMAYAN BANYAK UNTUK YG FREE,5,2024-10-08 23:15:04
KasirPintar,Sangat bagus,5,2024-10-08 21:59:50
KasirPintar,Aplikasi kasir yg bagus,5,2024-10-08 21:05:43
KasirPintar,Sangat menbantu,5,2024-10-08 13:57:25
KasirPintar,Penggunaan mudah,5,2024-10-07 22:46:01
KasirPintar,Sangat membantu dan mudah pengoperasional nya,5,2024-10-07 21:33:41
KasirPintar,Okee,5,2024-10-07 16:38:58
KasirPintar,"Saya sangat terbantu dg apk ini,",5,2024-10-07 15:03:24
KasirPintar,sangat membantu.,5,2024-10-07 14:37:33
KasirPintar,"Mantap, lancar jaya",5,2024-10-07 14:37:28
KasirPintar,App kereeen,5,2024-10-07 13:51:21
KasirPintar,Oke membantu,5,2024-10-07 11:50:39
KasirPintar,Membantu sekali warung kami,5,2024-10-07 09:36:05
KasirPintar,Sangat bermanfaat,5,2024-10-07 08:21:12
KasirPintar,Baru coba.kelihatannya aplikasi bagus nih,5,2024-10-07 00:37:51
KasirPintar,Keren,5,2024-10-06 19:48:23
KasirPintar,Josss aplikasi makasih,5,2024-10-06 18:27:46
KasirPintar,kasir pintar sangat membantu,5,2024-10-06 05:55:36
KasirPintar,"Sangat membatu dan mempermudah usaha, jaya selalu Kasir Pintar",5,2024-10-05 19:04:14
KasirPintar,Keren...sangat membantu,5,2024-10-05 00:18:40
KasirPintar,Sagat memudahkan usaha kami,5,2024-10-04 21:32:16
KasirPintar,"baru coba "" ok, semoga bermanfaat trimksh",5,2024-10-04 14:31:40
KasirPintar,Bagus,4,2024-10-04 13:32:55
KasirPintar,Ok,5,2024-10-04 09:57:45
KasirPintar,"Udah bagus dan simple, tapi alamgkah baiknya di kasih fitur transaksi seperti di yg pro nya",4,2024-10-04 01:04:54
KasirPintar,Jos buanget..,5,2024-10-04 00:20:14
KasirPintar,Terimakasih,5,2024-10-03 20:57:06
KasirPintar,"Sangat membantu bagi pemula dan pelupa seperti saya, terimakasih kasir pintar,sukses selalu 🙏",5,2024-10-03 19:32:07
KasirPintar,Mantap,5,2024-10-03 15:06:02
KasirPintar,sangat membantu usaha saya dalam pencatatan keuangan toko,5,2024-10-03 09:36:13
KasirPintar,Aplikasi yang sangat membantu untuk usaha fnb,5,2024-10-03 06:54:40
KasirPintar,Sangat membantu sebagai pemula seperti saya,5,2024-10-03 05:52:52
KasirPintar,Bagus,5,2024-10-02 22:41:43
KasirPintar,terbaik👍👍👍,5,2024-10-02 17:10:55
KasirPintar,Lumayan membantu toko kecil saya,5,2024-10-02 15:32:01
KasirPintar,"Aplikasinya keren euy..walaunyg free,, apalgi kalau yg pro",5,2024-10-02 15:20:29
KasirPintar,"Aplikasi free terbaik. Bener2 terbaik, udah coba yg lain tp ini yg the best.",5,2024-10-02 08:21:57
KasirPintar,"terima kasih, kasir pintar membuat pekerjaan saya jadi lebih mudah",5,2024-10-01 22:25:35
KasirPintar,Sangat mudah digunakan 👍👍,5,2024-10-01 17:25:08
KasirPintar,App sangt bagus...tdk mumet ngitung2..langsung otomatis keluar jmlh transaksi. Jooooss pokoknya,5,2024-10-01 15:16:55
KasirPintar,Jos,5,2024-10-01 14:38:27
KasirPintar,Aplikasi sangat bagus dan membantu sekali,5,2024-10-01 11:49:32
KasirPintar,Sangat sangat Puas dengan aplikasi kasir pintar ini,5,2024-10-01 09:12:42
KasirPintar,Mntap jiwa,5,2024-09-30 21:37:56
KasirPintar,Lengka dan mantul,5,2024-09-30 21:09:21
KasirPintar,sangat cocok,5,2024-09-30 14:35:35
KasirPintar,Aplikasi yg sangat mudah di gunakan dn gak ribet,5,2024-09-30 13:00:28
KasirPintar,Apk yang mantap,5,2024-09-29 18:21:28
KasirPintar,Cara aktifkan akun yang sudah lebih dari 1 tahun,5,2024-09-29 18:14:58
KasirPintar,Sangat bagus,5,2024-09-29 00:59:04
KasirPintar,Sangat membantu,5,2024-09-28 15:13:25
KasirPintar,super app. thanks.,5,2024-09-28 13:14:57
KasirPintar,"Lengkap, mudah",5,2024-09-28 10:41:54
KasirPintar,mantap,5,2024-09-27 22:14:20
KasirPintar,Good,5,2024-09-27 20:36:34
KasirPintar,Sangat bagus dan sangat membantu sekali,5,2024-09-27 20:35:37
KasirPintar,Bagus sekali,5,2024-09-27 11:05:39
KasirPintar,Aplikasi kasir pintar is good,5,2024-09-26 11:47:22
KasirPintar,"sangat membantu para pelaku UMKM, terima kasih, sukses selalu",5,2024-09-26 11:46:35
KasirPintar,Luar biasa aplikasi ini👍👍👍mantappp😘😘😘,5,2024-09-25 20:57:30
KasirPintar,Memudahkan untuk mengelola penjualan,5,2024-09-25 19:34:19
KasirPintar,Oke,5,2024-09-25 17:20:06
KasirPintar,Terbaik,5,2024-09-25 16:13:15
KasirPintar,Mantap,5,2024-09-25 12:52:41
KasirPintar,Sangat membantu,5,2024-09-25 09:31:48
KasirPintar,Bagus,5,2024-09-25 09:17:30
KasirPintar,Baik sekali dan sangat membantu,5,2024-09-25 01:53:16
KasirPintar,Ok,5,2024-09-23 22:50:04
KasirPintar,Baru mau mencoba,5,2024-09-23 16:17:03
KasirPintar,"gagal terus otp verifikasi, g bisa cetak struk",5,2024-09-23 08:57:15
KasirPintar,mantap,5,2024-09-22 18:26:33
KasirPintar,BAGUS,5,2024-09-22 15:15:35
KasirPintar,Tidak bisa buat scan barcode produk,3,2024-09-22 14:14:56
KasirPintar,Sangat membantu dalam usaha,5,2024-09-22 12:23:35
KasirPintar,Keren apks nya,5,2024-09-21 21:31:21
KasirPintar,Mantap poko nya,5,2024-09-21 12:21:58
KasirPintar,Mempermudah segalanya,5,2024-09-20 21:37:43
KasirPintar,Mudah digunakan,4,2024-09-20 17:14:18
KasirPintar,Kureng,1,2024-09-20 04:02:01
KasirPintar,Ada Biaya per tahun nya gk? Ada pinter nya gk? Kalau ada bisa beli dimana printer nya?,4,2024-09-19 22:41:59
KasirPintar,Bagus bbgt tanpa ribet asli,5,2024-09-19 11:04:54
KasirPintar,Aplikasi ini sangat membantu,5,2024-09-18 23:12:38
KasirPintar,Mantap,5,2024-09-18 15:13:16
KasirPintar,Mau buka kembali aplikasinya . Minta tolong di bantu yaa kaa,5,2024-09-18 10:35:33
KasirPintar,Sangat membantu terima kasih,5,2024-09-17 23:53:45
KasirPintar,Sangat membantu usaha Saya,5,2024-09-17 18:24:11
KasirPintar,"Aplikasinya mudah dan lengkap, sangat membantu",5,2024-09-17 11:27:31
KasirPintar,Sangat mudah dan sangat membantu penjualan.tks,5,2024-09-16 11:19:27
KasirPintar,Sangat membantu para umkm,5,2024-09-16 09:32:32
KasirPintar,sangat membantu 👍🏻👍🏻,5,2024-09-15 23:42:57
KasirPintar,Sangat membantu,5,2024-09-15 00:29:36
KasirPintar,Bagus,5,2024-09-14 19:57:53
KasirPintar,Good bless,5,2024-09-14 10:54:15
KasirPintar,"Cukup membantu,semoga sukses selalu",5,2024-09-13 22:35:39
KasirPintar,Bagus banget puolll puolll,5,2024-09-13 18:59:53
KasirPintar,Mantap,5,2024-09-13 17:51:38
KasirPintar,Sangat membantu pekerjaan saya,5,2024-09-13 11:52:14
KasirPintar,Sejauh ini not bad,5,2024-09-13 11:51:24
KasirPintar,membantu ini mah,5,2024-09-12 21:01:28
KasirPintar,Mantap,5,2024-09-12 15:54:55
KasirPintar,Mantap dan sangat membantu,5,2024-09-12 03:45:41
KasirPintar,Mantapp..,5,2024-09-12 00:35:22
KasirPintar,"Udah lama pake aplikasi ini... cuma di tablet saya yg satunya kenapa hnya tersedia kasirbpintar yg pro,, yg free tidak ada di plystore. Mohon kejelasannya min",4,2024-09-11 22:53:58
KasirPintar,Sangat membantu untuk yang punya usaha warung/toko dsb,5,2024-09-11 22:20:55
KasirPintar,Dua dlu kalo oke kasih 7,4,2024-09-11 21:22:14
KasirPintar,Mantap berguna sekali josss,5,2024-09-11 19:53:58
KasirPintar,Sangat membatu,5,2024-09-11 16:30:22
KasirPintar,bagus si tapi foto produknya sering ganti ganti sendiri huff,3,2024-09-11 09:45:41
KasirPintar,Sangat membantu,5,2024-09-11 01:49:30
KasirPintar,Bagus banget buat pemula,5,2024-09-10 21:46:16
KasirPintar,Sangat membantu usaha umkm saya.. masih pakai free dl ..,5,2024-09-10 17:32:35
KasirPintar,Membantu sekali aplikasinya untuk usaha kecil saya. Mantab,5,2024-09-10 16:30:49
KasirPintar,Buat praktik okn,5,2024-09-10 13:53:13
KasirPintar,Keren,5,2024-09-10 12:42:36
KasirPintar,Aplikasi mudah digunakan,5,2024-09-10 10:54:27
KasirPintar,"Baru nyoba, semoga lancar dan amanah🙏",4,2024-09-10 08:53:59
KasirPintar,Mantaaap,5,2024-09-10 06:48:48
KasirPintar,Good,5,2024-09-10 01:23:24
KasirPintar,👍👍👍,5,2024-09-09 16:25:31
KasirPintar,Keren,5,2024-09-09 11:02:51
KasirPintar,Mantap aplikasinya,5,2024-09-09 09:47:07
KasirPintar,Baru coba semoga cocok,5,2024-09-09 00:54:27
KasirPintar,sayangnya tidak ada fitur yg mempermudah toko sayur dan buah,4,2024-09-09 00:22:28
KasirPintar,Sangat membantu,5,2024-09-08 22:21:12
KasirPintar,sangat memudahkan untuk membantu usaha saya,5,2024-09-08 20:46:25
KasirPintar,Sangat membantu 😊🙏,5,2024-09-08 14:43:29
KasirPintar,Verifikasi nomer telpon otp nya kenapa gagal ya?,5,2024-09-08 08:43:13
KasirPintar,Ok,5,2024-09-07 23:56:50
KasirPintar,Mantappp,5,2024-09-07 18:36:54
KasirPintar,Sangat mantap ini aplikasi,5,2024-09-07 17:50:53
KasirPintar,Sippp,5,2024-09-07 15:47:49
KasirPintar,Good job,5,2024-09-06 21:58:06
KasirPintar,Good app,5,2024-09-06 21:22:27
KasirPintar,Bagus,5,2024-09-06 09:48:50
KasirPintar,Ok,5,2024-09-06 08:24:01
KasirPintar,Bagus dan Membantu,5,2024-09-05 20:01:23
KasirPintar,"Dijamin puas sama fitur nya, fitur yang free aja puas apalagi up ke Pro, mungkin lebih puas lagi!!! Terimakasih Kasir Pintar 🙏🙏🙏",5,2024-09-05 19:46:42
KasirPintar,Sangat sangat membantu,4,2024-09-05 15:30:31
KasirPintar,"Aku mau coba lagi ka,,tapi akunku ke blok,caranya aktifiin akun lagi gmna ka??? Mohon bantuannya ka 😊😁",4,2024-09-05 13:49:08
KasirPintar,Sangat membantu,4,2024-09-05 12:20:09
KasirPintar,mudah dan simpel digunakan,5,2024-09-05 10:53:38
KasirPintar,Mntap,4,2024-09-05 07:56:43
KasirPintar,Berguna sangat membantu detail penjualan,5,2024-09-05 06:46:36
KasirPintar,"Bagus dan simpel, minim eror",5,2024-09-04 21:07:36
KasirPintar,Mantap 🙏🏻👌,5,2024-09-04 19:35:02
KasirPintar,Kok akun aku di nonaktip kan cara buka nonaktip gmna,1,2024-09-04 19:15:31
KasirPintar,Sangat bagus dan membantu sekali,5,2024-09-04 08:22:59
KasirPintar,muda &simple,5,2024-09-04 07:13:22
KasirPintar,Mntap,4,2024-09-04 03:23:52
KasirPintar,mudah dan pintar,5,2024-09-03 23:32:53
KasirPintar,Baguss,5,2024-09-03 08:38:09
KasirPintar,bagus,5,2024-09-03 08:25:24
KasirPintar,Ok,5,2024-09-03 02:19:04
KasirPintar,Aplikasi cerdas dan luar biasa,5,2024-09-02 21:11:57
KasirPintar,Mantap banget,5,2024-09-02 20:40:06
KasirPintar,Bagus sekali ngebantu,5,2024-09-02 14:00:23
KasirPintar,Sangat membantu sekali,5,2024-09-02 09:52:46
KasirPintar,Sangat membantu dan mudah dioprasikan,5,2024-09-01 23:32:01
KasirPintar,Siip,4,2024-09-01 21:03:18
KasirPintar,TOP APP,5,2024-09-01 16:38:53
KasirPintar,sangat membantu,5,2024-08-31 23:57:19
KasirPintar,"Sangat membantu sekali aplikasinya, tp blm coba yg pro. Terima kasih kasir pintar sudah memberi solusi pembukuan toko saya.",5,2024-08-31 12:40:34
KasirPintar,"Saran ppob pembayaran pbb kabupaten bekasi belum ada dan pembayaran tv kabel dan internet dr frismedia dan my republik, mudahan ada update",4,2024-08-31 08:53:04
KasirPintar,Sangat mnbantu,5,2024-08-30 20:11:54
KasirPintar,Sangat membantu sekali,5,2024-08-30 11:38:15
KasirPintar,Apk na mantap sangat membantu,5,2024-08-30 08:44:02
KasirPintar,Josss,5,2024-08-30 03:38:25
KasirPintar,Aplikasinya bagus saya suka,5,2024-08-29 22:11:59
KasirPintar,Sangat membantu 🙏,5,2024-08-29 18:46:19
KasirPintar,Good,5,2024-08-29 17:27:10
KasirPintar,Bagus,5,2024-08-29 12:36:33
KasirPintar,"Sangat Membantu,Tks",4,2024-08-29 11:33:54
KasirPintar,"Bagus,sangat membantu saya di toko",5,2024-08-29 08:51:54
KasirPintar,Good,5,2024-08-28 15:40:32
KasirPintar,Jos mantap,5,2024-08-28 13:45:49
KasirPintar,Lagi asik nota suka keluar sendiri,4,2024-08-27 21:03:51
KasirPintar,Bagus sangat membantu,4,2024-08-27 01:38:01
KasirPintar,Aplikasi ini benar benar membantu khususnya untuk para pengusaha yang baru memulai bisnis,5,2024-08-26 23:22:10
KasirPintar,Sangat membantu dalam penjualan saya,5,2024-08-26 21:10:41
KasirPintar,Suka duka itu lah pembelajaran saya,5,2024-08-26 14:41:20
KasirPintar,"Maaf, kalau bisa beranda depan langsung pada menu ""transaksi penjualan"" saja biar lebih cepat aksesnya ketika buka aplikasi.",4,2024-08-26 09:44:34
KasirPintar,"Untuk versi free cuman untuk cetak struk dan lihat laporan penjualan, sisanya seperti informasi stock dkk selalu error dengan sendiri. Masa stok sisa sisa 10 di cek di log manajemennya ada 200 🤣. Yah kalau mau versi stabil pro lebih baik.",2,2024-08-26 09:25:12
KasirPintar,"Alhamdulillah,mudah buat nota di aplikasi pintar free",5,2024-08-26 08:20:35
KasirPintar,Selalu jadi yg terbaik,5,2024-08-26 00:49:25
KasirPintar,Aplikasi mantap dan sangat membantu,5,2024-08-25 15:34:07
KasirPintar,oke banget.. mudah2an kedepannya terus bagus dan membantu,5,2024-08-25 11:04:34
KasirPintar,sangat berguna,5,2024-08-25 10:47:04
KasirPintar,Aplikasi keren,5,2024-08-24 23:00:30
KasirPintar,Aplikasi cukup membantu bagi saya pemula dan mudah di mengerti,5,2024-08-24 16:22:44
KasirPintar,Memudahkan saya menghitung penghasilan setiap bulan 🙏,5,2024-08-24 13:41:11
KasirPintar,Sangat baik sekali dan mudah di pahami,5,2024-08-24 12:07:50
KasirPintar,mantap aplikasinya,5,2024-08-24 09:44:16
KasirPintar,"Mudah digunakan untuk yg pemula seperti saya, membatu pencatatan bagi yg pelupa, menu apl lumayan lengkap..... Top markotop dah",5,2024-08-24 09:14:32
KasirPintar,SANGAT BERGUNA,5,2024-08-24 01:34:03
KasirPintar,"Sangat terbantu dengan adanya kasir pintar free walaupun masih ada yang kurang, semoga kasir pintar free selamanya 🤲🤲🤲",5,2024-08-24 01:24:21
KasirPintar,"sangat membantu banget,good jobs",5,2024-08-23 20:54:48
KasirPintar,Sangat membantu,5,2024-08-23 19:18:45
KasirPintar,Sangat membantu,4,2024-08-23 14:28:56
KasirPintar,Sangat bermanfaat sekali untuk umkm,5,2024-08-23 13:53:50
KasirPintar,Top sangat membantu,5,2024-08-23 09:07:30
KasirPintar,Bagus,5,2024-08-22 22:10:51
KasirPintar,Terbaik,5,2024-08-22 21:37:44
KasirPintar,Sangatpuaaaaaassssss,5,2024-08-22 21:22:54
KasirPintar,👍,5,2024-08-22 10:29:30
KasirPintar,Bagus membantu umkm,5,2024-08-21 19:48:52
KasirPintar,Sangat membantu,5,2024-08-21 16:22:10
KasirPintar,Mudah mengap.ikasikan,5,2024-08-21 13:41:56
KasirPintar,Bagaimana meng aktif kan lagi akun yang di non aktifkan?,3,2024-08-21 10:51:42
KasirPintar,Kenapa sekarang ada tulisan lek nya di setiap penjualan,5,2024-08-21 10:23:50
KasirPintar,Aplikasi sangat membantu,5,2024-08-21 00:23:31
KasirPintar,Nyaman dan aman untuk data dagangan sya,5,2024-08-20 22:23:49
KasirPintar,Kenapa sekarang ada tulisan Mah nya yah?,4,2024-08-20 16:04:06
KasirPintar,Sangat membantu,5,2024-08-19 10:10:02
KasirPintar,Sangat membantu,5,2024-08-18 19:44:26
KasirPintar,Aplikasinya sangat cocok untuk usaha kami. Terima kasih kasir pintar,5,2024-08-18 12:34:07
KasirPintar,Sangat membantu sekali kak,5,2024-08-18 06:00:14
KasirPintar,Tadinya sdh senang dpt aplilasi kasir gratis krn br buka toko Br sebulan eh auto log out n hrs bayar😭 Apalag daya modalku msh sedikit Jd trpaksa hapus n cari app lain Makasih ya sdh mnbantu sbln ini,2,2024-08-17 15:43:59
KasirPintar,"Tidak bisa daftar,, kode OTP sudah berapa kali minta tapi tidak ada dikirim kirim.",1,2024-08-17 10:26:01
KasirPintar,Gampang di gunakan sementara ngunain versi yg free dulu nanti kalo udh nyaman beralik ke versi pro,5,2024-08-17 03:40:37
KasirPintar,Bagus,5,2024-08-16 19:59:22
KasirPintar,Membantu Sekali,5,2024-08-16 12:38:51
KasirPintar,Memudahkan transaksi penjualan,5,2024-08-16 11:54:22
KasirPintar,sangat membantu 👍,4,2024-08-16 08:44:19
KasirPintar,So far so good ✅,5,2024-08-16 07:25:07
KasirPintar,Keren,5,2024-08-15 23:21:17
KasirPintar,Bagus gratis lagi,5,2024-08-15 19:13:17
KasirPintar,Bagus bangeeettttttt,5,2024-08-15 16:36:48
KasirPintar,Sangat Membantu menjalankan UMKM,5,2024-08-15 11:12:14
KasirPintar,"Cukup ok, masih cari setting ganti nama toko",5,2024-08-14 21:23:54
KasirPintar,Mantab,5,2024-08-14 19:22:06
KasirPintar,Sangat membantu,5,2024-08-14 18:52:04
KasirPintar,Jos,5,2024-08-14 10:12:44
KasirPintar,Sangat membantu dalam usaha kecil seperti saya,5,2024-08-14 08:14:16
KasirPintar,Sangat bagus dan membantu,5,2024-08-14 07:11:01
KasirPintar,Sangat membantu,5,2024-08-14 06:02:53
KasirPintar,mantap lah,5,2024-08-13 23:47:20
KasirPintar,Mudah dan membantu,5,2024-08-13 22:49:47
KasirPintar,"mudah di gunakan, lengkap",5,2024-08-13 21:22:13
KasirPintar,Mantaaappp...,5,2024-08-13 21:14:09
KasirPintar,goodjob,5,2024-08-13 21:07:35
KasirPintar,Mantapppp bangettt,5,2024-08-13 20:16:20
KasirPintar,Sangat membantu,5,2024-08-13 19:07:47
KasirPintar,Bagus,5,2024-08-13 15:24:42
KasirPintar,membantu bgt,5,2024-08-12 22:22:43
KasirPintar,Bagusss,5,2024-08-12 21:17:02
KasirPintar,best lahh,5,2024-08-12 21:04:32
KasirPintar,Masih dipelajari,5,2024-08-12 18:04:14
KasirPintar,Ok,4,2024-08-12 17:02:51
KasirPintar,Sangat membantu,5,2024-08-12 15:39:43
KasirPintar,baik,5,2024-08-12 12:22:50
KasirPintar,mantap,5,2024-08-12 07:47:23
KasirPintar,Baik dan mudah,5,2024-08-11 20:25:07
KasirPintar,Apikasi ini sangat membantu sekali untuk kasir di konter hp ataupun yang lain nya,5,2024-08-11 18:12:45
KasirPintar,Bagus,5,2024-08-11 11:44:21
KasirPintar,Utamanya sih buat umkm pemula itu gratisnya dulu...,5,2024-08-11 08:54:55
KasirPintar,aplikasinya sangat mudah digunakan,5,2024-08-10 16:05:51
KasirPintar,Banyak bug dan error. Tidak bisa input data barang baru padahal itu dasar banget. Selalu force quit. Sudah coba device lain karena takut hapenya kentang. Eh ternyata tetap tidak bisa. Masih perlu banyak perbaikan lagi. Kasih bintang satu untuk saat ini.,1,2024-08-10 06:25:00
KasirPintar,Aplikasi nya bagus,5,2024-08-09 23:59:15
KasirPintar,Sangat membantu untuk operational kasir,5,2024-08-09 22:40:09
KasirPintar,Bagus,5,2024-08-09 21:09:05
KasirPintar,Mantapppp,5,2024-08-09 17:50:49
KasirPintar,"Aplikasi kasir pintar nya eror terus, aneh udah checkout barang modal saldonya malah jadi nambah ga sesuai hitungan, anehhh setiap ngurangin stok malah nambah lagi saldonya!!! gimana sih",1,2024-08-09 16:12:52
KasirPintar,Sangat mmbantu dan mringankan pekerjaan,5,2024-08-09 13:47:10
KasirPintar,Bagusssss,5,2024-08-09 13:18:16
KasirPintar,"Terima kasih, aplikasi pintar nya mudah u/ digunakan. Apakah ada nama barang yg SDH JD biar sy gak nginput LG dan untuk apotek jg nama2 obatnya?",5,2024-08-09 12:53:33
KasirPintar,Sangat membantu,5,2024-08-09 09:32:31
KasirPintar,Good,5,2024-08-09 03:11:04
KasirPintar,Good,5,2024-08-09 00:37:34
KasirPintar,"Keren banget apk ini, aku cari cari di semua apk di playstore yg gampang update nya,gampang remote nya cuma ini yg menurut aku gampang, makasihh🙏🙏☺️",5,2024-08-08 22:12:46
KasirPintar,Terima kasih,4,2024-08-08 19:19:09
KasirPintar,Ok juga,5,2024-08-08 18:35:08
KasirPintar,Di coba dulu kalo bagus saya pakai,4,2024-08-08 18:16:20
KasirPintar,Bagus mudah di aplikasikan semoga sukses,5,2024-08-08 13:42:58
KasirPintar,Madep,5,2024-08-08 00:35:37
KasirPintar,Aplikasi simple dan semoga bisa free ..dapat membatu kemajuan umkm anak negeri,5,2024-08-07 15:09:49
KasirPintar,Kenapa harus berlangganan perbulan? Coba ada sistem sekali beli berlaku Life time pasti lebih bagus lagi.,3,2024-08-07 11:43:29
KasirPintar,Lagi di coba dulu,5,2024-08-07 11:27:15
KasirPintar,Good,5,2024-08-07 00:31:53
KasirPintar,Aplikasi nya simple. Masih dikaji cara penggunaannya .udah lumayan walau pakai mode gratis,5,2024-08-06 02:05:17
KasirPintar,Alhamdulillah sangat membantu sekali 🤲😇,5,2024-08-05 16:09:51
KasirPintar,Sangat bermanfaat untuk toko,5,2024-08-05 13:42:49
KasirPintar,Mntap,5,2024-08-05 10:45:33
KasirPintar,"Masih terjadi bug pada gambar produk, kadang gambarnya hilang.. mohon ditingkatkan lagi",5,2024-08-04 19:03:10
KasirPintar,Alhamdulillah terbantu Terimakasih Kasir Pintar,5,2024-08-04 02:13:06
KasirPintar,Membatun bangett,5,2024-08-03 22:57:55
KasirPintar,Tahap belajar,4,2024-08-03 22:44:21
KasirPintar,Aplikasi nya bagus sangat membantu catatan usaha bagi pemula,5,2024-08-03 06:51:24
KasirPintar,Sangat terbantu kan..semoga sukses yah,5,2024-08-03 00:27:27
KasirPintar,Membantu,5,2024-08-02 23:04:41
KasirPintar,Mantap dan bagus,5,2024-08-02 23:04:03
KasirPintar,Praktis 👍,5,2024-08-02 18:18:40
KasirPintar,Mudah di pergunakan dan sangat membantu,4,2024-08-02 17:42:28
KasirPintar,Membantu,5,2024-08-02 16:18:58
KasirPintar,"Bagus, sangat membantu",5,2024-08-02 12:55:19
KasirPintar,Mudah dipahami,5,2024-08-02 00:16:31
KasirPintar,Aplikasi wellgood,5,2024-08-01 10:36:52
KasirPintar,Keren,5,2024-08-01 07:28:20
KasirPintar,"Bagusan versi terdahulu, bbrp thn lalu",1,2024-08-01 04:53:38
KasirPintar,Maaf baru coba jadi 4 dulu deh☺️,4,2024-08-01 03:00:59
KasirPintar,"Aplikasi keren, semoga terus berkembang",5,2024-07-31 12:47:29
KasirPintar,Wow,5,2024-07-31 11:55:25
KasirPintar,Sippp,4,2024-07-31 08:50:40
KasirPintar,Mudah di fahami,5,2024-07-31 01:42:04
KasirPintar,Alhamdulillah membantu,4,2024-07-31 00:06:43
KasirPintar,Terimakasih sudah menyediakan aplikasi yang sangat baik,5,2024-07-30 19:57:24
KasirPintar,Mantap,5,2024-07-30 17:24:05
KasirPintar,"Sangat membantu usaha saya,terimakasih👍🙏🏻",2,2024-07-30 09:01:07
KasirPintar,Bagus tapi lebih bagus lagi kalau gratis semua,5,2024-07-30 01:54:41
KasirPintar,Sangat membantu,5,2024-07-30 00:24:18
KasirPintar,Mantap,5,2024-07-29 22:09:00
KasirPintar,Sangat membantu sekali dalam usaha kecil kaya saya.makasih pengembang aplikasi dan pihak yg jadi bagian dalam pengembangan aplikasi ini,5,2024-07-29 19:50:20
KasirPintar,Bintang 4 dulu baru dcoba,4,2024-07-29 15:42:22
KasirPintar,Mohon untuk diskon jangan hanya persennya saja tp di. Tambah menggunakan nominal seperti dulu agar mempermudah saat transaksi dan untuk jumlah dan harga di beri jarak spasih mohon untuk di perbaharui,5,2024-07-29 02:13:51
KasirPintar,"Mudah2an pengoperasian nya, saya gak menyesal beli ini",5,2024-07-27 23:34:44
KasirPintar,Sangat membantu,5,2024-07-27 23:25:33
KasirPintar,Terimakasih sudah membantu menyimpan daftar harga,5,2024-07-27 13:37:38
KasirPintar,So far so good,5,2024-07-27 06:51:25
KasirPintar,Mantap aplikasinya,5,2024-07-27 02:11:48
KasirPintar,Ok,5,2024-07-27 01:32:10
KasirPintar,good,5,2024-07-26 18:09:16
KasirPintar,Sangat membantu! Maf masih menggunakan yg gratis 😁😁,5,2024-07-26 11:43:41
KasirPintar,Bagus,5,2024-07-26 09:15:02
KasirPintar,Sangat membantu,5,2024-07-26 08:49:02
KasirPintar,Baru coba masih bingung deh,5,2024-07-26 08:27:05
KasirPintar,Baguss membantuu bngt,5,2024-07-26 00:28:32
KasirPintar,Jos,5,2024-07-25 21:29:30
KasirPintar,aplikasi bagus untuk umkm,5,2024-07-25 17:44:36
KasirPintar,Mantap,5,2024-07-25 13:41:47
KasirPintar,"Terimakasih kk,apk nya bagus dan sangat membantu dalam usaha saya",5,2024-07-25 02:43:01
KasirPintar,"Aplikasi ini sangat membantu dan berguna bagi usaha mikro, shgg tertib administrasi",5,2024-07-24 13:16:06
KasirPintar,Mantul,4,2024-07-24 12:30:02
KasirPintar,Ok,5,2024-07-23 23:25:21
KasirPintar,"Mudah dipahami, mudah juga dibuatnya. Bermanfaat, bismillah laris manis pake aplikasi ini",5,2024-07-23 22:39:12
KasirPintar,bgus,3,2024-07-23 22:14:11
KasirPintar,Aplikasi in sangat membantu utk usaha saya,5,2024-07-23 21:24:57
KasirPintar,Mantab,5,2024-07-23 16:58:13
KasirPintar,"Bagus, sesuai kebutuhan",5,2024-07-23 11:20:09
KasirPintar,Ok siip,5,2024-07-23 09:24:04
KasirPintar,gooooodddd,4,2024-07-22 20:04:41
KasirPintar,Sangat bagus aplikasinya lengkap lagi.,5,2024-07-22 09:55:25
KasirPintar,Terimakasih telah membatu usaha saya Tuhan Yesus Memberkati,5,2024-07-21 21:28:50
KasirPintar,Kereeennn,5,2024-07-21 01:11:03
KasirPintar,Kerennnnn,5,2024-07-21 00:05:37
KasirPintar,Luar biasa sangat membantu...makasih KasPin,5,2024-07-20 20:53:45
KasirPintar,Good best,5,2024-07-20 20:47:29
KasirPintar,"Kami cukup puas dengan aplikasi ini & membantu sekali untuk transaksi kami,,,, terima kasih",5,2024-07-20 18:42:20
KasirPintar,Sangat membantu bisnis sy. Terima kasih,5,2024-07-20 12:07:06
KasirPintar,Sangat bermanfaat.,5,2024-07-20 09:08:49
KasirPintar,"APK bagus,ga lemot,cuma harus terhubung ke internet...",5,2024-07-20 09:03:34
KasirPintar,Sangat bagus di pake setiap hari,5,2024-07-20 06:39:24
KasirPintar,sangat membantu usaha saya,5,2024-07-19 23:39:39
KasirPintar,Kak cara mengaktifkan akun yg sudah non aktif bagaimana ya ?,4,2024-07-19 23:37:27
KasirPintar,Keren,5,2024-07-19 23:05:50
KasirPintar,Sangat bagus dan membantu sekali,5,2024-07-19 22:34:58
KasirPintar,"Aplikasi Kasir Pintar benar-benar membantu UMKM Indonesia, semoga semakin berkembang dan menjadi terbaik",5,2024-07-19 22:11:09
KasirPintar,Aplikasi yg bagus menarik dan membantu UMKM,4,2024-07-19 14:19:58
KasirPintar,Saya baru mulai untuk menggunakan,5,2024-07-19 00:58:51
KasirPintar,👍,5,2024-07-18 15:33:41
KasirPintar,"Sangat membantu dan mudah penggunaannya..., terima kasih",5,2024-07-18 02:01:56
KasirPintar,Membantu Penjualan,5,2024-07-17 23:45:24
KasirPintar,"Menu ke 60 an gakbisa muncul variannya huhu. Pdhl bagus, tp kurang lahya",4,2024-07-17 21:17:14
KasirPintar,Maaf min mau tny kok email ku tdk bsa trdftar,2,2024-07-17 20:50:59
KasirPintar,Cukup bagus,4,2024-07-17 17:33:35
KasirPintar,Alhamdulillah kasir pintar sangat membantu pencatatan transaksi & pencatatan keuangan,5,2024-07-17 09:17:45
KasirPintar,Bagus,5,2024-07-17 08:30:04
KasirPintar,sangat membantu dan memudahkan UMKM ❤️,5,2024-07-17 06:38:57
KasirPintar,Bagus,5,2024-07-16 21:37:13
KasirPintar,Sangat membantu dan mudah di operasikan,5,2024-07-16 20:30:24
KasirPintar,Bagus banget membantu dan berguna,5,2024-07-16 14:33:14
KasirPintar,apliksi bagus,5,2024-07-16 12:39:07
KasirPintar,Jooooooooosssssss,5,2024-07-16 10:37:45
KasirPintar,Ok,5,2024-07-16 10:04:59
KasirPintar,Aman ges,5,2024-07-15 21:17:06
KasirPintar,Sangat membantu,5,2024-07-15 11:46:41
KasirPintar,Okeh,5,2024-07-15 04:54:35
KasirPintar,Membantu UMKM,5,2024-07-14 17:01:27
KasirPintar,Cukup membantu,5,2024-07-14 12:15:48
KasirPintar,good job,5,2024-07-13 21:03:28
KasirPintar,Mudah dan simpel tapi lengkap,5,2024-07-13 00:44:15
KasirPintar,Keren,5,2024-07-12 20:06:34
KasirPintar,"bagus bgt, langsung ke Pro saja lebih enak",5,2024-07-12 14:55:59
KasirPintar,"Penggunaannya mudah, menu lumayan lengkap",5,2024-07-12 01:31:24
KasirPintar,baru download semoga membantu pekerjaan saya,4,2024-07-11 21:35:16
KasirPintar,Sangat membantu,5,2024-07-11 21:03:16
KasirPintar,membantu,5,2024-07-11 18:39:33
KasirPintar,Udah pakai aplikasi kasir pintar sejak tahun 2020,5,2024-07-11 18:33:42
KasirPintar,baguss membantu,5,2024-07-11 17:14:02
KasirPintar,Good keren oke,5,2024-07-11 07:42:01
KasirPintar,Sangat membantu dlm pengasiran,5,2024-07-10 21:32:58
KasirPintar,Jos,5,2024-07-10 18:44:29
KasirPintar,Masih percobaan awal..lumayanlah,4,2024-07-10 12:31:21
KasirPintar,Mudah di operasikan aplikasinya,5,2024-07-10 07:10:18
KasirPintar,Semoga kasir pintar lebih maju dan berkembang dengan fitur dan biaya lg lebih terjangkau,5,2024-07-10 06:48:38
KasirPintar,Sangat bagus,5,2024-07-09 23:38:49
KasirPintar,"Aplikasinya simple dan format struk jga simple bisa hemat kertas. Tolong untuk transaksi fitur scan barcode sediakan layar diatas produk, jadi kamera nyala terus. Jadi scan barang cukup scan, scan dan scan produk bertambah sendiri dilayar bagian bawah. Kalau tiap mau scan barang harus klik icon barcode jadi lama satu persatu",5,2024-07-09 23:20:01
KasirPintar,sangat membantu sekali,5,2024-07-09 20:30:12
KasirPintar,bagus banget gampang jg aplikasinya,5,2024-07-09 15:56:59
KasirPintar,Good,5,2024-07-09 12:13:29
KasirPintar,"Aplikasi sangat mudah digunakan dan fiturnya sangat lengkap, sesuai yang saya butuhkan 🙏",5,2024-07-09 04:10:13
KasirPintar,Aplikasi ini simpel banget!! Gampang buat edit dan custom,5,2024-07-09 03:15:41
KasirPintar,maasyaaAllah best bgt sih aplikasi ini.. bantu bgt untuk upgrade usahaku👌,5,2024-07-09 01:17:53
KasirPintar,dapat membantu mempermudah perniagaan kami,5,2024-07-09 00:39:42
KasirPintar,Sangat bagus digunakan,5,2024-07-08 22:50:53
KasirPintar,Bagus sangat membantu usaha kami,5,2024-07-08 22:36:13
KasirPintar,inshaAllah klo usaha lancar pake yg PRO,5,2024-07-08 20:38:46
KasirPintar,Sangat membantu saya untuk memulai usaha jadi lebih simple,5,2024-07-08 18:55:25
KasirPintar,"Tidak bisa masuk karena password ""password minimal 6 karakter dan menggunakan minimal 1 huruf besar dan 1 angka"" padahal udah diganti dan diperhatikan, tidak worth it",1,2024-07-08 18:32:33
KasirPintar,Bagus aplikasi sangat membantu.. apakah kasir pintar ini bisa ditransfer ke 2 hp.. atau hanya satu hp saja.. mohon penjelasannya..,5,2024-07-08 17:04:36
KasirPintar,Bagus,5,2024-07-08 13:34:00
KasirPintar,Untuk laporan bentuk exelnya mana,5,2024-07-08 13:20:15
KasirPintar,Masih coba,5,2024-07-07 13:57:03
KasirPintar,Mau langgann gmana caranya,5,2024-07-07 13:33:21
KasirPintar,Sangat bagus digunakan untuk berjualan 😍,4,2024-07-07 12:03:02
KasirPintar,Ok sangat membantu,5,2024-07-06 16:01:05
KasirPintar,Sangat membantu dan fiturnya banyak,5,2024-07-06 15:41:56
KasirPintar,Bagus,5,2024-07-06 15:18:50
KasirPintar,Oke,5,2024-07-05 22:50:38
KasirPintar,Oke,5,2024-07-05 16:21:40
KasirPintar,Kerennn,5,2024-07-05 15:28:26
KasirPintar,Sangat membantu.,4,2024-07-05 11:58:46
KasirPintar,Bagus hasilnya,5,2024-07-04 21:44:43
KasirPintar,Tolong apknya dbaguskan lg ya kaka Jos pokoknya,5,2024-07-04 21:30:06
KasirPintar,Sangat mudah dan bagus,4,2024-07-04 19:20:19
KasirPintar,Good,5,2024-07-04 17:24:26
KasirPintar,Bagus,5,2024-07-03 19:46:51
KasirPintar,Mudah pengoperasiannya serta praktis utk pemula,5,2024-07-03 16:40:10
KasirPintar,Sangat membantu usaha kami,5,2024-07-03 15:10:39
KasirPintar,Sangat membantu bisa jadi penyemangat dalam berjualan jadi tahu keuntungannya berapa dalam sehari sebulan dan setahun,5,2024-07-03 06:23:38
KasirPintar,"Bagus, mudah, cukup membantu",5,2024-07-02 23:58:00
KasirPintar,Sangat membantu sekali,5,2024-07-02 21:07:45
KasirPintar,Sangat membantu,5,2024-07-02 14:59:56
KasirPintar,Nice apk,5,2024-07-02 09:36:44
KasirPintar,good,5,2024-07-01 21:06:19
KasirPintar,Sangat membantu usaha saya,5,2024-07-01 09:23:11
KasirPintar,Mantap,5,2024-06-30 20:23:33
KasirPintar,Sangat Membantu 🥰,5,2024-06-30 19:50:49
KasirPintar,Aplikasi sangat bagus & membantu sekali,5,2024-06-30 15:03:25
KasirPintar,Ok,5,2024-06-30 09:32:05
KasirPintar,Akan di coba,5,2024-06-29 20:11:32
KasirPintar,Baguslah,4,2024-06-29 06:45:34
KasirPintar,Mantul,5,2024-06-28 21:50:41
KasirPintar,Bagus,5,2024-06-28 17:34:22
KasirPintar,Ok,5,2024-06-28 16:03:03
KasirPintar,👍👍,5,2024-06-28 13:29:53
KasirPintar,Good,5,2024-06-28 06:57:33
KasirPintar,Bagus banget!!!!!,5,2024-06-27 22:42:44
KasirPintar,Sangat membantusaya,5,2024-06-27 14:19:18
KasirPintar,Good,5,2024-06-27 13:07:12
KasirPintar,Bagaimana cara untuk mengaktifkan akun yg sdh di nonaktifkan oleh Kasir Pintar krn alasan tidak ada transaksi selama 1 tahun? Apakah harus buat akun baru lagi?,4,2024-06-27 12:27:55
KasirPintar,"Lagi transaksi malah loading terus gk mau jadi, harus tutup aplikasi buka lagi, transaksi baru lagi.. gitu aja terus, bb",3,2024-06-27 09:45:08
KasirPintar,Mantap,5,2024-06-27 00:10:53
KasirPintar,Gratis dan mudah digunakan,5,2024-06-26 22:53:00
KasirPintar,Aplikasi yg membantu,5,2024-06-26 00:31:53
KasirPintar,Bagus,5,2024-06-25 06:34:00
KasirPintar,good,5,2024-06-23 18:33:48
KasirPintar,sangat membantu,5,2024-06-23 17:31:29
KasirPintar,untuk nama produk tolong jangan di batasi,5,2024-06-23 14:56:09
KasirPintar,Mantaaappp,5,2024-06-23 11:48:19
KasirPintar,"masih coba-coba, apakah memang tidak ada fitur satuan dalam bentuk gram/kg? atau saya yg belum menemukan",4,2024-06-22 13:18:47
KasirPintar,Baik,5,2024-06-22 09:31:19
KasirPintar,Membantu meningkatkan kepercayaan,5,2024-06-21 22:52:23
KasirPintar,Mantap betul,5,2024-06-21 22:24:06
KasirPintar,baru mau coba semoga dpt membantu toko kecil kami,4,2024-06-21 15:38:57
KasirPintar,Mudah dan bagus,5,2024-06-21 15:30:24
KasirPintar,Ok,5,2024-06-21 14:17:44
KasirPintar,"Bagus sekali , app mudah dan praktis",4,2024-06-21 12:45:14
KasirPintar,sangat membantu,5,2024-06-20 17:30:42
KasirPintar,Mudah dan mantap,5,2024-06-20 00:31:21
KasirPintar,Sangat bagus,5,2024-06-19 19:54:49
KasirPintar,"sangat bermanfaat, terima kasih",5,2024-06-19 14:33:15
KasirPintar,Sangat membantu,5,2024-06-18 16:56:33
KasirPintar,Good App,5,2024-06-18 16:11:59
KasirPintar,"Simpel, mudah dipahami dan sangat membantu untuk mengontrol stok",5,2024-06-18 15:53:27
KasirPintar,Aplikasi sangat membantu,5,2024-06-18 11:26:33
KasirPintar,Baru nyoba,5,2024-06-17 18:43:57
KasirPintar,Aplikasi yang sangat membantu sekali,5,2024-06-16 18:09:47
KasirPintar,Sangat membantu,5,2024-06-16 16:39:09
KasirPintar,Ok banget,5,2024-06-16 08:50:17
KasirPintar,Makasih kasir pintar mudah digunakan dan membantu banget,4,2024-06-15 20:48:32
KasirPintar,Sejauh ini sih bagus aplikasi nya,5,2024-06-15 14:09:58
KasirPintar,Aplikasi sangat membantu kelancaran usaha saya,5,2024-06-15 11:26:22
KasirPintar,Trimakasih kasir pintar,5,2024-06-15 08:08:44
KasirPintar,Aplikasi ini sangat membantu usaha saya.,5,2024-06-14 20:12:43
KasirPintar,Sangat membantuu,5,2024-06-14 15:31:33
KasirPintar,Ok,5,2024-06-14 10:41:03
KasirPintar,Sangat membantu Untuk toko,5,2024-06-14 00:59:11
KasirPintar,Great,5,2024-06-13 21:58:36
KasirPintar,Sangat membantu usaha saya,5,2024-06-13 21:54:49
KasirPintar,Ok bagus,5,2024-06-13 21:52:26
KasirPintar,Mantap,5,2024-06-13 12:22:41
KasirPintar,"Sangat bermanfaat,tapi untuk print struknya nggk bisa kekoneksi bluetooth nya,gimana cara nya yah,btw aku pakai printer MX06",5,2024-06-13 10:09:00
KasirPintar,Bagaimana cara hapus daftar barang? Krn SDH GK jual BRG trsbut lagi,4,2024-06-13 01:08:47
KasirPintar,Okey,5,2024-06-12 20:35:25
KasirPintar,membantu sekali aplikasi kasir pintar free,5,2024-06-12 20:11:44
KasirPintar,"Sangat Membantu, Meski Banyak Keperluan yg belum free pemakaian nya",5,2024-06-12 11:43:34
KasirPintar,Ok,5,2024-06-12 03:02:10
KasirPintar,"Kak, menu konformasi pembayaran saat deposit ppob error. Aplikasi Langsung force close",5,2024-06-11 18:30:58
KasirPintar,Bagus. Cuma masih sering log out sendiri,5,2024-06-11 17:15:34
KasirPintar,Aplikasinya bagus dan sangat membantu untuk berbisnis pakaian ataupun yang lain 2...,5,2024-06-11 10:00:09
KasirPintar,Ok mantap,5,2024-06-11 00:23:59
KasirPintar,Mantap jiwa,5,2024-06-10 19:46:26
KasirPintar,Nice,5,2024-06-10 17:25:25
KasirPintar,Terima kasih semua bermanfaat dan berkah untuk kita semua,5,2024-06-09 12:06:24
KasirPintar,Benar2 membantu dalam penjualan,5,2024-06-09 07:28:34
KasirPintar,Sangat membantu,5,2024-06-08 21:23:38
KasirPintar,Top,5,2024-06-08 02:20:00
KasirPintar,aplikasi sangat membantu,5,2024-06-07 19:12:56
KasirPintar,Lagi mencoba usah kecilan. Semoga bisa membantu optimal,4,2024-06-07 16:03:54
KasirPintar,Bagus,5,2024-06-07 15:51:59
KasirPintar,Sangat bermanfaat. Pengin beli yg pro tapi masih berat di harga,5,2024-06-06 17:54:04
KasirPintar,"Pertama kali pake bagus banget nggx ribet, bikin cepet buat transaksi sama pelanggan yg nota bene kadang ingin cepat",5,2024-06-06 12:19:48
KasirPintar,Mantap,5,2024-06-06 04:07:38
KasirPintar,Manntap,4,2024-06-05 23:39:18
KasirPintar,Membantu,5,2024-06-05 22:00:48
KasirPintar,Terimakasih twrbaik,5,2024-06-05 19:30:18
KasirPintar,SANGAT MEMBANTU,5,2024-06-05 08:52:29
KasirPintar,Bagus buat membantu jualan,5,2024-06-04 19:32:09
KasirPintar,Aplikasinya bagus banget dan sangat mendukung divusaha saya,5,2024-06-04 15:12:58
KasirPintar,sangat membantu,5,2024-06-04 15:02:24
KasirPintar,mantap,5,2024-06-04 14:32:37
KasirPintar,Sangat membantu mudah dipelajari,5,2024-06-03 22:00:56
KasirPintar,Mantap,5,2024-06-03 11:50:40
KasirPintar,ini apa ya? saya ga merasa install tp dia otomatis install mulu. Udah di uninstall tetep auto install lagi. lol,2,2024-06-03 10:59:06
KasirPintar,Mantap lah,4,2024-06-02 22:48:35
KasirPintar,Simple dan mudah di gunakan,5,2024-06-02 22:28:58
KasirPintar,Ok,5,2024-06-02 11:28:43
KasirPintar,Suka bgt sama aplikasi ini sangat membantu,5,2024-06-02 11:20:57
KasirPintar,Sangat membantu sekali dalam kelancaran usaha,5,2024-06-01 21:13:31
KasirPintar,Sangat membantu,5,2024-06-01 18:29:10
KasirPintar,Jos banget mudah dipakai,5,2024-06-01 16:35:02
KasirPintar,Mudah dan gampang aplikasi ini,5,2024-06-01 12:38:04
KasirPintar,Mntap,4,2024-06-01 12:11:44
KasirPintar,Membantu banget,5,2024-06-01 11:49:53
KasirPintar,Ok,5,2024-06-01 11:10:06
KasirPintar,Bagi saya ini membantu,5,2024-06-01 07:18:20
KasirPintar,I like it,5,2024-05-31 21:23:39
KasirPintar,sangat bermanfaat,5,2024-05-31 13:35:41
KasirPintar,Sangat membantu,5,2024-05-31 03:35:24
KasirPintar,Baik sangat membatu,5,2024-05-30 20:43:36
KasirPintar,baik,5,2024-05-30 20:14:28
KasirPintar,"aplikasi sangat membantu memudahkan kita untuk pendataan barang, pendapatan dan pengeluaran terdata dengan baik",5,2024-05-29 22:20:16
KasirPintar,Mencoba,5,2024-05-29 20:31:19
KasirPintar,Good,5,2024-05-29 18:10:54
KasirPintar,Bagus. Membantu kelancaran usaha,5,2024-05-29 17:18:18
KasirPintar,baru mau mncoba sepertinya sangat mudah dan sangat membantu,4,2024-05-29 13:14:51
KasirPintar,Baru dicoba.. mudah2an cocok,5,2024-05-29 09:45:26
KasirPintar,"Sangat membantu bagi pemula Tp masih bingung di transaksi penjualan,hanya bisa masuk 2 barang,itu gmna saya blm paham",5,2024-05-28 22:38:57
KasirPintar,Bagus,5,2024-05-28 21:09:11
KasirPintar,Mantap,5,2024-05-28 18:17:39
KasirPintar,Bagus dan mudah d gunakan,5,2024-05-28 16:02:37
KasirPintar,"Banyak nomer gak penting masuk wa untuk spam chat dan telfon, menggangu !!!!",1,2024-05-28 14:38:24
KasirPintar,Mudah di gunakan,5,2024-05-28 13:09:53
KasirPintar,Luar biasa,5,2024-05-28 11:56:20
KasirPintar,Aplikasi mantap,5,2024-05-28 08:36:18
KasirPintar,Sangat Membantu,5,2024-05-27 20:16:46
KasirPintar,Mantap,5,2024-05-27 09:56:23
KasirPintar,Sangat membantu,5,2024-05-26 21:01:32
KasirPintar,Membantu lebih cepat bertransaksi,5,2024-05-26 10:29:29
KasirPintar,Sangat membantu UMKM,5,2024-05-25 19:27:31
KasirPintar,"Aplikasi tidak bisa digunakan, setiap masuk ada notif kata sandi harus 6 karakter",1,2024-05-25 09:47:48
KasirPintar,Membantu bangett buat jualan,5,2024-05-24 16:55:53
KasirPintar,Mudah,5,2024-05-24 15:34:19
KasirPintar,Sejauh ini oke bagus app-nya,4,2024-05-24 06:26:16
KasirPintar,Ok bet,5,2024-05-24 04:46:47
KasirPintar,Belum d coba,5,2024-05-23 21:16:08
KasirPintar,Top,5,2024-05-23 17:49:35
KasirPintar,Aplikasi ajg tiap kali buat akun selalu hilang dan harus buat akun baru lagi,1,2024-05-23 15:37:55
KasirPintar,Sejauh ini pakai berjalan lancar. semoga tidak ada kendala,5,2024-05-23 14:52:49
KasirPintar,Sangat membantu,4,2024-05-23 12:16:19
KasirPintar,Kenapa di scan barkotnya tidak bisa di gunakan?,3,2024-05-23 12:13:21
KasirPintar,Sangat membantu untk para pengusaha UMKM.. sukses selalu ya untuk kasir pintar. Terimkasih sudah menciptakan aplikasi ini.. sangat berguna..☺️,5,2024-05-23 11:37:02
KasirPintar,Mantab lah,5,2024-05-22 23:49:23
KasirPintar,Agak bingung awalnya tapi coba2 jado bisa,5,2024-05-21 22:25:18
KasirPintar,Sangat membantu usaha.. terbaik,5,2024-05-21 18:46:25
KasirPintar,Nice,4,2024-05-21 18:14:11
KasirPintar,Lumayan,5,2024-05-20 19:39:40
KasirPintar,Harus pro buat akses semua fitur,3,2024-05-20 17:49:53
KasirPintar,Di kasih barkode yg kotak belom supot tollong di perbaiki,3,2024-05-20 17:24:47
KasirPintar,Otp tidak masuk,1,2024-05-20 13:08:31
KasirPintar,"Keren,,,,ga capek hitung langsung prktis,,,mempermudah saya dlm berjualan",5,2024-05-19 17:03:15
KasirPintar,good job,5,2024-05-19 12:51:46
KasirPintar,Bagus banget,5,2024-05-18 17:52:23
KasirPintar,"Bagus, sangat membantu Untuk sarannya.... Fitur jumlah barang dalam pembelian sebaiknya di tambahkan input manualnya, sehingga orang yang mau beli dalam jumlah banyak tidak usah klik berkali-kali.... Misal orang beli sterofoam sebanyak 100 pcs, sehingga harus di klik sebanyak 100 kali, kalau di update kan lebih mudah tinggal input manual sebanyak 100 pcs jumlah pembeliaannya Terimakasih banyak Semoga ada respon",5,2024-05-18 15:43:31
KasirPintar,Sangat sangat membantu kami umkm top markotop,5,2024-05-18 07:45:58
KasirPintar,Mudah di gunakan,5,2024-05-17 22:52:10
KasirPintar,apk ny sangat membantu banget,5,2024-05-17 14:17:07
KasirPintar,Good job,5,2024-05-16 10:45:48
KasirPintar,Bagus berkualitas,5,2024-05-16 00:27:00
KasirPintar,Coba dulu,4,2024-05-15 15:24:34
KasirPintar,Aplikasi mesin kasir yg sangat membantu🙏...semoga semakin byk yg pakai...dan semakin terus diupdate...salam sukses selalu,5,2024-05-15 11:50:50
KasirPintar,"Bagus sangat membantu, sama mau tanya untuk uodate ke pro biayanya berapa ya?",5,2024-05-15 08:17:14
KasirPintar,Sangat membantu,5,2024-05-14 23:18:05
KasirPintar,Bagus sangat membantu,5,2024-05-14 13:39:16
KasirPintar,👍,5,2024-05-13 20:39:24
KasirPintar,Bagus,5,2024-05-13 18:35:40
KasirPintar,Bermanfaat,4,2024-05-13 17:37:38
KasirPintar,1th lalu pernah pake trus lama gak pake knp malah gak isa log in lagi.. pdhl email sama & password juga sama tapi ttep susah buat login lagi,1,2024-05-13 12:42:26
KasirPintar,Sejauh ini bagus dan sangat membantu UMKM,5,2024-05-12 21:11:51
KasirPintar,Ok banget,5,2024-05-12 21:06:52
KasirPintar,Bagus,5,2024-05-12 07:13:56
KasirPintar,mantap lah,5,2024-05-11 22:51:28
KasirPintar,"Aplikasi kasir pintar eror,, tolong diperbaiki, jika sudah bintang naik",3,2024-05-11 18:21:49
KasirPintar,sangat membantu umkm terus ditingkatkan admin.terimakasi,5,2024-05-11 18:17:09
KasirPintar,Masih di belajar belum ada yang dimengerti,4,2024-05-11 12:41:42
KasirPintar,Top,5,2024-05-11 03:16:52
KasirPintar,Bagus simple dan baik hati,5,2024-05-10 23:50:06
KasirPintar,Best aplikasi,5,2024-05-10 21:39:48
KasirPintar,Masuk,5,2024-05-10 12:36:27
KasirPintar,Bagus.. Sangat membantu,5,2024-05-10 10:03:41
KasirPintar,Sangat membantu UMKM seperti saya,5,2024-05-10 00:32:21
KasirPintar,Sangat membantu,5,2024-05-09 18:14:13
KasirPintar,Sangat bermanfaat aplikasi ini,5,2024-05-09 16:08:23
KasirPintar,Terimakasih sudah membantu pemula seperti saya,5,2024-05-09 15:13:40
KasirPintar,Mantap,5,2024-05-09 08:43:31
KasirPintar,Alhamdulillah aplikasi sangat membatu sekali,5,2024-05-08 21:37:29
KasirPintar,"Keren banget,sukses selalu",5,2024-05-08 21:14:30
KasirPintar,Sangat membantu,5,2024-05-08 16:45:32
KasirPintar,Luar biasa buat kami pemula menjadi terfasilitasi. Bagaimana cara meng edit no hp yg salah input?,5,2024-05-07 17:08:17
KasirPintar,"Kenapa punya sy tiba tiba di keluarin gk bisa masuk alasan nya gk di pake 1 tahun ,make aja baru beberapa bulan",1,2024-05-07 14:42:14
KasirPintar,"Udah berkali-kali coba apk lain, ttp balik lagi ke apk ini..",5,2024-05-07 09:38:59
KasirPintar,Sangat mudah digunakan,5,2024-05-07 00:49:27
KasirPintar,Bagus sih tp ketika ganti currency ngelag,3,2024-05-07 00:33:33
KasirPintar,Mantaf,5,2024-05-06 13:45:55
KasirPintar,Sangat membantu sekali👍👍👍,5,2024-05-06 01:38:34
KasirPintar,Sangat membantu sekali,5,2024-05-05 21:53:57
KasirPintar,Mantap,5,2024-05-05 21:36:35
KasirPintar,Bug ga bsa verifikasi,2,2024-05-05 20:11:54
KasirPintar,Keren,5,2024-05-05 17:00:36
KasirPintar,Sangat membantu,4,2024-05-05 14:35:15
KasirPintar,Konyollll,1,2024-05-05 01:18:05
KasirPintar,bugus sbnernya ...tapi apk sering terlogout sendiri ...pdhl saya tidak melakukan aktivitas masuk di perangkat lain manapun,4,2024-05-04 21:32:08
KasirPintar,Mantap sekali,5,2024-05-04 17:36:30
KasirPintar,Apakah ada cara terbaru untuk bisa daftar. Saya sudah coba daftar tapi selalu diminta untuk buat Password yang min 6 karakter 1 alpha dan 1 angka. Saya sudah kombinasi sampai 20 karakter 2 alpa dan 2 angka. Tetap tidak bisa. Mohon bantuannya🙏,2,2024-05-04 07:24:36
KasirPintar,Membantu dalam rekapan keuangan,5,2024-05-03 21:21:50
KasirPintar,Mantap satset satset,5,2024-05-03 20:38:12
KasirPintar,Terbaikkkkk,5,2024-05-03 17:42:06
KasirPintar,Keren,5,2024-05-03 14:41:15
KasirPintar,Coba yang gratis dulu klu awal2 buka. Nanti coba yg pro Trimkasih telah membantu 🙏,5,2024-05-03 13:06:04
KasirPintar,Bagus sekali,4,2024-05-03 11:56:03
KasirPintar,Good,5,2024-05-03 00:38:42
KasirPintar,bagus,4,2024-05-02 22:26:25
KasirPintar,Sangat bagus dan membantu pedagang kecil,5,2024-05-02 20:06:34
KasirPintar,"Keren, praktis, dan gratis pula",5,2024-05-02 16:41:43
KasirPintar,Sangatmembantu,5,2024-05-02 13:03:41
KasirPintar,"ngga bisa daftar akun, kode oto ngga masuk2 deh bingung...",1,2024-05-01 23:14:37
KasirPintar,"Saya baru ajh udh download apknya terus disuruh verifikasi lewat akun google jadi saya tunggu sampai beberapa kali saya ulang tetap ajh engga ada yang masuk, ini tolong diperbaiki lagi🙏",1,2024-05-01 21:23:12
KasirPintar,Aplikasi yang sangat membantu 🥰,5,2024-05-01 21:17:23
KasirPintar,"Aplikasi yg sangat membantu dan mudah penggunaan nya, terimakasih",5,2024-05-01 21:04:38
KasirPintar,Bagus mudah dimengerti,5,2024-05-01 18:43:14
KasirPintar,Alhamdulillah sdh bisa di instal.,5,2024-05-01 18:07:17
KasirPintar,developer buatin aplikasi lagi kasir bagian beranda dibuat agak simpel lagi,5,2024-04-30 23:26:48
KasirPintar,cakeppppp,5,2024-04-30 22:24:11
KasirPintar,Minta tolong untuk gambar produk jgn sering berubah atau menghilang..dan gambar produk yg sudah diedit terkadang menghilang pada saat gambar dihapus pada galery telpon.,3,2024-04-30 21:53:28
KasirPintar,Bagus sangat mudah,5,2024-04-30 21:53:12
KasirPintar,Mantullllll,5,2024-04-30 21:38:30
KasirPintar,Mantap djiwa mempesona,5,2024-04-30 19:24:52
KasirPintar,Di tab saya ga bisa mode landscape ya apa emg ga bisa??,5,2024-04-29 21:50:17
KasirPintar,Bagus,5,2024-04-29 15:55:24
KasirPintar,Cukup membantu,5,2024-04-29 11:30:42
KasirPintar,Bagus sekalk,5,2024-04-29 11:09:40
KasirPintar,Membantu proses usaha dagang saya...jooss,1,2024-04-29 09:33:40
KasirPintar,Mudah di gunakan,5,2024-04-29 01:32:08
KasirPintar,"sebenernya bagus aja si tapi pas mau verifikasi no hp lewat whatsapp gabisa terus meskipun udah nyoba pake nomer yang beda beda, entah whatsapp ku yg error atau kasirpintar yang error (tapi whatsappku udah terupdate), dan tidak ada pilihan ketika kita tidak menerima kode verifikasi.",3,2024-04-28 22:51:00
KasirPintar,Membantu sekali...,5,2024-04-28 08:15:34
KasirPintar,Coba,4,2024-04-27 22:30:51
KasirPintar,Aplikasi yg sangat membantu,5,2024-04-27 16:08:04
KasirPintar,Sangat membantu ketika lupa harga,5,2024-04-27 12:37:20
KasirPintar,Sangat sangat membantu,5,2024-04-27 12:10:45
KasirPintar,"Sangat membantu, trimakasih kasir pintar",5,2024-04-27 00:30:48
KasirPintar,APLIKASI nya simpel dan mudah di pahami,4,2024-04-26 12:58:12
KasirPintar,Masih coba,5,2024-04-26 03:25:02
KasirPintar,Bagus,5,2024-04-25 22:04:53
KasirPintar,Mantap 👍,5,2024-04-25 21:36:32
KasirPintar,Hebat,5,2024-04-25 20:53:06
KasirPintar,"Aplikasi keren yg prnh sy temui...lengkap dan mudah penggunaannya...tks ya kaspin,toko sy semakin rapi administrasinya skrg...",5,2024-04-25 16:24:06
KasirPintar,Sangat mudah di gunakan,5,2024-04-25 14:39:14
KasirPintar,Membantu sekali,5,2024-04-25 12:57:18
KasirPintar,Mantap,5,2024-04-25 07:24:44
KasirPintar,Sangat membantu umkm,5,2024-04-25 01:09:15
KasirPintar,Bagus banget recomended,5,2024-04-24 22:28:49
KasirPintar,Bagaimana cara reaktivasi akun yg 1 tahun lebih tidak di gunakan ??,5,2024-04-24 22:28:43
KasirPintar,"Sangat membantu utk memulai usaha saya..makasih,semoga semakin baik fitur2nya..",4,2024-04-24 00:22:02
KasirPintar,lebih di tingkatkan lagi min lodingnya semakin lemot,4,2024-04-24 00:20:55
KasirPintar,Apk sangat membantu dan mempermudah pada saat melakukan transaksi,5,2024-04-23 18:37:28
KasirPintar,sangat membantu sekali,5,2024-04-23 17:09:58
KasirPintar,"Yg versi gratis, setiap edit/return transaksi masih eror",5,2024-04-23 10:45:46
KasirPintar,susah,1,2024-04-23 02:19:50
KasirPintar,Mudah d gunakan semoga tetaplancar,5,2024-04-22 23:56:32
KasirPintar,oke,5,2024-04-22 18:59:36
KasirPintar,sering keluar aplikasi pada saat mengaturan printer & struj,5,2024-04-22 18:01:53
KasirPintar,Produk di transaksi penjualan kosong masih banyak bug,3,2024-04-22 12:08:05
KasirPintar,Jadi lebih cepet,5,2024-04-22 03:20:31
KasirPintar,Sngat membantu,5,2024-04-21 23:59:38
KasirPintar,Kerrrren,5,2024-04-21 20:14:31
KasirPintar,"Masih dicoba, semoga setiap upload gambar ny akan muncul ya. Terkadang gambar suka hilang",4,2024-04-21 19:34:17
KasirPintar,Simple,5,2024-04-20 20:15:14
KasirPintar,Sangat membantu,5,2024-04-20 15:40:36
KasirPintar,bagus,5,2024-04-20 15:26:40
KasirPintar,Mantap,5,2024-04-20 06:39:59
KasirPintar,Bintang 4 aja dulu,4,2024-04-19 20:40:39
KasirPintar,"email terdaftar di non aktifkan karena udah lama ga dipake apk nya, mau daftar ulang gabisa, mesti gmn yaa???",4,2024-04-19 19:36:44
KasirPintar,Ok,5,2024-04-19 07:56:26
KasirPintar,Aplikasi bermanfaat dan mudah digunakan,5,2024-04-18 19:48:33
KasirPintar,Utk item sederhana aplikasi ini sangat membantu.. sedikit saran utk yg free ini bisa ditambahkan biaya pengeluaran perhari ngga. Spya memudahkan perhitungan laba bersih hariannya,5,2024-04-18 17:01:48
KasirPintar,Goot,5,2024-04-18 11:38:51
KasirPintar,Tolong iklannya dihapus,4,2024-04-18 08:55:45
KasirPintar,Terimakasih...sangat bermanfaat dan membantu dalam pekerjaan saya sehari hari.....🙏🙏🙏,5,2024-04-17 00:09:50
KasirPintar,Cukup membantu,4,2024-04-16 23:36:20
KasirPintar,Aplikasi bermanfaat,5,2024-04-16 23:34:56
KasirPintar,Simple,5,2024-04-16 14:41:04
KasirPintar,"Sangat mudah, ringkas penggunaannya sangat membantu olshop",5,2024-04-16 10:20:54
KasirPintar,Sangat membantu dlm usaha umkm,4,2024-04-15 22:34:20
KasirPintar,Mantap,5,2024-04-15 20:19:41
KasirPintar,Ok,5,2024-04-15 11:54:40
KasirPintar,Manttp,5,2024-04-14 16:17:24
KasirPintar,Thanks. Top bgt aplikasinya,5,2024-04-14 12:26:30
KasirPintar,"Sangat membantu sales yg notabene keliling kota dan bnyak tuntutan laporan penjualan serta tidak perlu lagi menghafal hrga2 produk yg sangat banyak, tinggal buka apk ini lngsung bisa PO. Makasih min.. sangat membantu sekali klo boleh tau berapa sih hrganya klo upgrde ke pro.?? Dan bgmn nanti klo ganti hp apa masih bisa tetp pake yg pro..?",5,2024-04-13 21:12:46
KasirPintar,Good,5,2024-04-12 23:45:14
KasirPintar,Sangat bagus,5,2024-04-12 09:09:48
KasirPintar,Apk nya bagus,4,2024-04-12 08:38:19
KasirPintar,aplikasi terbaik,5,2024-04-11 22:53:35
KasirPintar,Mantap,5,2024-04-11 09:07:15
KasirPintar,Makasih,5,2024-04-11 04:17:16
KasirPintar,Jos,5,2024-04-10 22:10:55
KasirPintar,Sangat bagus,5,2024-04-09 16:25:34
KasirPintar,apakah logo bisa diganti dengan milik sendiri? berapa ukurannya?,4,2024-04-09 08:57:10
KasirPintar,Sangat bagus untuk UMKM. Terimakasih,5,2024-04-09 04:21:34
KasirPintar,Berguna banget,5,2024-04-08 10:17:20
KasirPintar,"Terimakasih banyak untuk aplikasi ini, sangat membantu pembukuan saya",5,2024-04-07 22:00:34
KasirPintar,Ok,5,2024-04-07 12:16:07
KasirPintar,Aplikasi yang bermanfaat dan mudah digunakan,5,2024-04-07 07:51:05
KasirPintar,Menyala,5,2024-04-05 23:56:40
KasirPintar,"Aplikasi dengan penerapan yang bagus, mudah di pahami dan layak di kasih jempol. Kasir mini cocok untuk usaha dll. sangat bagus sekali, saya rekomendasikan untuk kalian para pemula menggunakan aplikasi Kasir Pintar.",5,2024-04-05 16:48:02
KasirPintar,Sangat bermanfaat,5,2024-04-05 15:11:08
KasirPintar,Tingkatkan performa. Agar tampilan print out lebih jelas dan mudah dibaca.,5,2024-04-05 06:46:27
KasirPintar,Ko gk ada wa csnya yaa akun saya di nonaktifkan hadehhh,1,2024-04-05 05:51:19
KasirPintar,Good,5,2024-04-04 07:58:20
KasirPintar,Bagus,5,2024-04-03 01:34:07
KasirPintar,sangat membantu UMKM,5,2024-04-02 23:24:37
KasirPintar,Sejauh ini penggunaannya simple dan enak,5,2024-04-02 18:19:56
KasirPintar,Sangat membantu pedagang yang baru memulai usaha. Mantap sekali,5,2024-04-02 17:09:50
KasirPintar,Mantap,5,2024-04-02 11:06:24
KasirPintar,Good aplikasi,5,2024-04-02 11:02:16
KasirPintar,Sangat membantu sekali,5,2024-04-02 09:02:00
KasirPintar,Sangat membantu,5,2024-04-01 21:21:36
KasirPintar,Sangat membantu,5,2024-04-01 08:22:10
KasirPintar,"Bagus, gratis lagi. Terimakasih kasirpintar",5,2024-03-31 13:48:45
KasirPintar,"Aplikasi bagus, tapi masih ada beberapa fitur yg saya rasa kurang. Diantara pilihan membeli harga grosir di website tokonya. Kemudian juga untuk fitur keuntungan persenan kalo boleh di liatkan terus.",4,2024-03-30 18:40:39
KasirPintar,Sangat bagus,4,2024-03-30 14:01:31
KasirPintar,bagus Sangat membantu,5,2024-03-30 09:24:29
KasirPintar,Sangat membatu sekali,5,2024-03-29 00:13:23
KasirPintar,mantaab... makaaih,5,2024-03-28 12:05:09
KasirPintar,Sangat membantu dan bermanfaat buat pemula,5,2024-03-27 21:00:17
KasirPintar,"Fitur free nya sangat membantu bagi umkm pemula yg belum.bisa berlanggan versi pro. Kelemahanya, tidak ada pembeda variasi harga modal jika ad produk ecer dan grosir. Jadi harus buat 2 produk",5,2024-03-27 18:32:39
KasirPintar,Cukup membatu bagi kamu dari kampung ada,5,2024-03-27 17:04:05
KasirPintar,Management usaha lebih tertata,5,2024-03-27 15:03:19
KasirPintar,Mantap menunya lengkap. Sangat membantu. Terima kasi🙏,5,2024-03-27 10:31:55
KasirPintar,Mudah di pahami,5,2024-03-26 16:27:12
KasirPintar,pengoprasian mudah dan menu lengkap..keren sekali,5,2024-03-26 16:01:19
KasirPintar,Sangat membantu sekali terimakasih kasir pintar,5,2024-03-26 15:06:00
KasirPintar,Aplikasi sangat membantu bagus dan mudah di gunakan,5,2024-03-26 07:42:17
KasirPintar,Sangat membantu,5,2024-03-25 12:38:13
KasirPintar,mantab sangat membantu trimakasih,5,2024-03-24 22:36:23
KasirPintar,Bagus,5,2024-03-23 19:36:14
KasirPintar,mantap,5,2024-03-23 06:21:36
KasirPintar,Siap,5,2024-03-23 03:39:31
KasirPintar,Top markotop,5,2024-03-22 18:00:44
KasirPintar,Aplikasinya keren,5,2024-03-22 09:20:52
KasirPintar,Mantap,5,2024-03-22 06:35:09
KasirPintar,Sangat membantu untuk usaha pemula,5,2024-03-21 23:38:19
KasirPintar,Sangat membantu.. trimakasi,5,2024-03-21 18:30:34
KasirPintar,Membantu sekali,5,2024-03-21 14:16:45
KasirPintar,Memudahkan kita utk tdk menulis Bon Kertas,5,2024-03-21 14:00:27
KasirPintar,Terima kasih kasih pintar apk ini sangat membantu sya,5,2024-03-21 09:34:56
KasirPintar,Lumayan bagus untuk belajar penghitungan earung,5,2024-03-21 06:28:11
KasirPintar,Bagus banget,5,2024-03-21 00:08:59
KasirPintar,Bagus untuk catat stock atau untuk penjualan,5,2024-03-20 20:22:50
KasirPintar,Ok,5,2024-03-20 05:34:09
KasirPintar,Aplikasi ini sangat membantu sekali bagi yg mempunyai usaha,5,2024-03-19 16:07:55
KasirPintar,Aplikasi mudah di gunakan praktis dan simpel...support juga untuk printer thermal ku... terimakasih 🙏,5,2024-03-19 12:50:41
KasirPintar,Cukup membantu,5,2024-03-19 06:25:59
KasirPintar,"Masih formula, mudah²an bs lancar",4,2024-03-19 05:59:35
KasirPintar,Bagus,5,2024-03-19 04:27:57
KasirPintar,Apk nya sering forclose,1,2024-03-18 23:20:18
KasirPintar,sangat membantu usaha kami,5,2024-03-18 20:17:18
KasirPintar,"Sangat membantu, midah digunakan",5,2024-03-18 15:50:39
KasirPintar,"Akun saya di nonaktifkan karena tidak di pakai terlalu lama dan saya ingin memakai kembali, tetapi sudah di nonaktifkan, bagaimana caranya untuk bisa menggunakan kembali",2,2024-03-18 14:26:00
KasirPintar,simpel penggunaannya dan sejauh ini sangat membantu. Good job Kasir Pintar.,5,2024-03-18 09:17:51
KasirPintar,Mantap ya,4,2024-03-17 16:47:43
KasirPintar,Bermanfaat banget cuman di perbaiki pas penginputan loading lama. Terimakasih,5,2024-03-16 13:16:35
KasirPintar,lengkap fiturnya,5,2024-03-16 11:54:25
KasirPintar,Good,5,2024-03-16 05:52:39
KasirPintar,👌👌🫰,5,2024-03-15 18:18:54
KasirPintar,Mantap,5,2024-03-15 16:14:52
KasirPintar,"Aplikasi kasir pintar dan mudah, gratis dulu kalo memuaskan lanjut ke pro",5,2024-03-15 16:01:33
KasirPintar,Saya sangat puas dengan aplikasi kasir pintar free..poko nya the best,5,2024-03-15 13:35:52
KasirPintar,Ok,5,2024-03-15 10:27:14
KasirPintar,Menggunakan aplikasi ini Semoga bermanfaat...,5,2024-03-15 08:56:30
KasirPintar,Aplikasinya sangat mudah digunakan dan membantu saya untuk melakukan transaksi,5,2024-03-15 06:16:13
KasirPintar,Ok,5,2024-03-14 16:32:12
KasirPintar,Terima kasih,5,2024-03-14 11:02:37
KasirPintar,Bagus,4,2024-03-14 02:49:27
KasirPintar,Ok,5,2024-03-14 02:24:28
KasirPintar,Sangat membantu,5,2024-03-13 21:01:22
KasirPintar,Sangat membantu untuk bisnis yang baru buka,5,2024-03-13 20:53:04
KasirPintar,"Segini dulu yaa, kalo manjang dan fungsinya tetep membantu bakal aku naikin bintangnya:)",4,2024-03-13 16:47:02
KasirPintar,Smoga bisa lebih baik lagi,4,2024-03-13 13:35:43
KasirPintar,Masih percobaan tapi lumayan membantu semoga terus bermanfaat .,4,2024-03-12 17:02:02
KasirPintar,Mantap,5,2024-03-12 12:42:16
KasirPintar,Cocok utk usaha kecil yang free,5,2024-03-12 08:36:34
KasirPintar,Good,5,2024-03-12 07:01:49
KasirPintar,Baru belajar pakai.. Cukup mudah digunakan..,4,2024-03-12 06:43:48
KasirPintar,Mantab,5,2024-03-12 05:41:04
KasirPintar,Aplikasi sangat membantu,5,2024-03-12 05:35:47
KasirPintar,Jelek. Buat akun tidak bisa.,1,2024-03-12 04:51:35
KasirPintar,Gimana ini. Semua data barangnya kok tiba2 hilang semua,1,2024-03-11 11:29:23
KasirPintar,Aplikasinya bgus. Mudah digunakan untuk pemula. Tpi Akun saya dinonaktifkan karena tidak digunakan selama 1 tahun. Bagaimana mengaktifkan lagi nya y?,3,2024-03-11 07:18:01
KasirPintar,Bagus sekali aflikasinya sangat sangat bermanfaat,4,2024-03-10 18:55:48
KasirPintar,Good,5,2024-03-10 14:57:36
KasirPintar,"Aplikasi yg sangat bagus ,Terima kasih telah memberi kemudahan untuk toko saya",5,2024-03-10 11:11:30
KasirPintar,Sangat membantu sekali untuk usaha kami.,5,2024-03-09 19:56:38
KasirPintar,Sangat membantu usaha saya tq...,5,2024-03-09 00:25:49
KasirPintar,sangt membantu,4,2024-03-08 19:40:04
KasirPintar,Mantap,5,2024-03-08 00:18:51
KasirPintar,mantap,5,2024-03-07 21:28:06
KasirPintar,Bagus,5,2024-03-07 15:56:42
KasirPintar,Good,5,2024-03-06 19:14:49
KasirPintar,Good aplikasi,5,2024-03-06 13:45:20
KasirPintar,Bagaimana cara memgaktifkan kembali akun yang dinonaktifkan karna tidak transaksi 1Tahun..,5,2024-03-06 10:49:56
KasirPintar,Cukup membantu,5,2024-03-06 00:15:24
KasirPintar,Keren,5,2024-03-05 00:23:26
KasirPintar,Amplikasi ini Sangat membantu dlm usaha kecil seperti saya ini...,5,2024-03-04 21:42:43
KasirPintar,Sangaat membantu,5,2024-03-03 16:52:21
KasirPintar,Smoga lebih baik pakai apk ini,5,2024-03-03 14:40:46
KasirPintar,Mudah di gunakan,5,2024-03-03 03:05:45
KasirPintar,Sangat membantu untuk usaha kecil. Aplikasi mudah digunakan.,5,2024-03-02 22:11:56
KasirPintar,Usaha makin keliatan profesional... Gacooorrrrrrr.......,4,2024-03-02 19:59:34
KasirPintar,Mantap dan berguna,4,2024-03-02 14:19:29
KasirPintar,Bagus banget,5,2024-03-02 00:40:45
KasirPintar,Bagus,5,2024-03-01 18:51:33
KasirPintar,Sangat Membantu Sekali,5,2024-03-01 12:39:08
KasirPintar,Mantap,5,2024-03-01 00:38:22
KasirPintar,Siplah,5,2024-02-29 00:02:03
KasirPintar,Ok dan suka banget,5,2024-02-28 19:38:49
KasirPintar,Mantap,4,2024-02-27 18:58:21
KasirPintar,Bagus,5,2024-02-27 01:51:45
KasirPintar,Bagus dan mudah di gunakan,5,2024-02-26 20:27:10
KasirPintar,Mudah pemakaian nya,5,2024-02-26 20:21:19
KasirPintar,Aplikasinya sangat mendukung,5,2024-02-26 18:01:24
KasirPintar,Sangat membantu,5,2024-02-26 15:17:45
KasirPintar,Sangat membantu,5,2024-02-26 12:05:06
KasirPintar,Sangat membantu dlm operasional,4,2024-02-25 22:58:14
KasirPintar,Bad banget... data tiba2 hilang,1,2024-02-25 21:17:06
KasirPintar,Bagus,5,2024-02-25 20:38:19
KasirPintar,ok banget,5,2024-02-25 18:08:13
KasirPintar,sangat membantu untuk usaha saya. tapi di perbaiki lagi.kadang gambar barang ke acak sendiri,5,2024-02-25 00:37:33
KasirPintar,Sangat bagus dan mudah,5,2024-02-24 19:22:27
KasirPintar,Bagus,5,2024-02-24 19:05:08
KasirPintar,"Ok , mantab",5,2024-02-23 23:10:31
KasirPintar,Belum dicoba sementara bintang 4 dulu,4,2024-02-23 20:07:02
KasirPintar,Server eror mulu,1,2024-02-23 19:06:17
KasirPintar,Aplikasi kasir terbaik,5,2024-02-22 21:17:28
KasirPintar,Penggunaan aplikasi ny mudah,5,2024-02-22 17:46:56
KasirPintar,So far so good,5,2024-02-22 13:08:58
KasirPintar,"Fiturnya termasuk lengkap untuk yg gratis, mungkin akan pakai yg berbayar (pro) jika sudah buka toko di rumah",5,2024-02-22 12:37:53
KasirPintar,Simple dan praktis dlm aplikasinya. Sgt membantu utk umkm.,5,2024-02-22 09:44:29
KasirPintar,ok sangat membantu,5,2024-02-21 13:31:39
KasirPintar,Mending jngan download data kalian hilang,1,2024-02-21 10:55:52
KasirPintar,"Trima kasih kasir pintar,pembuatan struk menjaadi lebih muda",5,2024-02-20 19:07:40
KasirPintar,Lllllllo Lll kok l,5,2024-02-20 15:27:22
KasirPintar,sangat membantu sekali,5,2024-02-20 09:21:27
KasirPintar,Nice,5,2024-02-20 01:44:22
KasirPintar,Aplikasi nya bagus dan sangat membantu tapi sya msih kurang faham cara pemakaiannya gmna,5,2024-02-19 23:04:06
KasirPintar,Good like,5,2024-02-19 13:43:03
KasirPintar,"Sangat membantu, terima kasih developer teruslah berkembang",5,2024-02-18 22:21:11
KasirPintar,Sangat membantu aplikasinya bagus lengkap,5,2024-02-18 07:51:33
KasirPintar,Memudahkan transaksi,5,2024-02-17 20:11:14
KasirPintar,"Aplikasi pintar, mudah digunakan, dan sangat membantu usaha saya..",5,2024-02-16 13:51:12
KasirPintar,"Aplikasi sudah bagus, tapi mohon di perbaiki waktu penghapusan pesan yg sudah ke print ( supaya memakai kode ) agar karyawan tidak mudah untuk menghapus transaksi yg sudah ke print. Harus lewat kode dri persetujuan owner ( pakai kode )",3,2024-02-16 10:30:48
KasirPintar,Kereenn,5,2024-02-16 09:09:05
KasirPintar,"Sangat membantu, versi free sudah bagus tetapi jika versi pro pasti lebih baik 👍",5,2024-02-16 08:53:29
KasirPintar,Aplikasi sangat membantu manajemen toko,4,2024-02-16 03:12:46
KasirPintar,"Sangaat sangat membantu sekali. Aplikasi mudah d gunakan, yaa recomend bgt lah pkok x. Mksii miin",5,2024-02-16 02:34:26
KasirPintar,Sangat membantu,5,2024-02-15 17:14:30
KasirPintar,Bagus sangat membantu pencatatan keuangan usaha saya.,5,2024-02-14 22:07:58
KasirPintar,sangat membantu,4,2024-02-14 13:20:35
KasirPintar,"Aplikasi tidak berguna, data toko gak bisa di pencet simpan",1,2024-02-13 18:38:53
KasirPintar,Aplikasi yang agus,5,2024-02-13 12:21:14
KasirPintar,Bagus,5,2024-02-13 11:51:53
KasirPintar,Luar biasa sangat rekomendasi...yang biasa aja jadi luar biasa.,5,2024-02-13 11:04:22
KasirPintar,Mudah cara kerjanya,5,2024-02-13 08:39:42
KasirPintar,so far so helpful,5,2024-02-12 22:54:28
KasirPintar,"Aplikasi nya bagus,cuma saya kendala ketika customer bayar belum lunas ,gak ada DP BAYAR TOTAL",5,2024-02-12 10:47:19
KasirPintar,"Account saya sudah di nonactivkan karena sudah lama tidak melakukan transaksi, apakah saya bisa menggunakan email yang sama untuk d pakai lagi?",5,2024-02-11 21:01:48
KasirPintar,Lumayan membantu,5,2024-02-11 19:50:47
KasirPintar,Keren,5,2024-02-11 10:25:35
KasirPintar,Bagus dan sangat membantu,5,2024-02-10 19:38:16
KasirPintar,"data nomor hp dibocorin, setelah gw download ini mulai dah web2 pinjol aplikasi pinjol kirim2 SMS, sue bener",1,2024-02-10 17:14:41
KasirPintar,Mudah,5,2024-02-10 14:08:29
KasirPintar,Sayang tidak bisa online secara terpusat atau dikontrol dari pusat,5,2024-02-09 16:16:06
KasirPintar,Mantappp,5,2024-02-09 10:34:17
KasirPintar,ngebantu banget,4,2024-02-08 22:37:48
KasirPintar,Bagus sangat membantu,5,2024-02-08 12:04:26
KasirPintar,"Sgt membantu, mudahan kedepan nya ada pembayaran masuk dana, & sisa utang",5,2024-02-08 01:20:39
KasirPintar,"Tolong ditambahin untuk penjualan pulsa supaya saldo terpotong di siDompul, digipos dll. Trimk's",5,2024-02-07 23:37:31
KasirPintar,Mantap,5,2024-02-07 19:23:41
KasirPintar,Mantab,5,2024-02-07 14:00:55
KasirPintar,Cukup membantu,4,2024-02-07 09:14:53
KasirPintar,Sangat sangat bagus,5,2024-02-07 02:51:38
KasirPintar,good,5,2024-02-06 18:02:16
KasirPintar,Top,5,2024-02-06 16:48:37
KasirPintar,Mantap,5,2024-02-04 22:32:18
KasirPintar,Membantu sekali. Terima kasih banyak. Barakallah,5,2024-02-04 13:19:48
KasirPintar,Mudah dl operasional,5,2024-02-04 12:29:38
KasirPintar,bagus,5,2024-02-04 01:24:25
KasirPintar,Bagus,5,2024-02-03 23:10:37
KasirPintar,Sangat membantu bagi usaha kami Mudah di gunakan,5,2024-02-03 20:55:43
KasirPintar,"pake yg free, udh sangat membantu, makasih min",5,2024-02-03 19:54:50
KasirPintar,susah login dan daftar akun,5,2024-02-03 11:40:45
KasirPintar,Bagus,5,2024-02-02 10:47:07
KasirPintar,"Mo daftar ""email sudah terdaftar"" Giliran mo kirm verivikasi password katanya email belum terdaftar....ANEEEH",2,2024-02-01 22:26:10
KasirPintar,Alhamdulillah baru coba dan lancar² aja. Transaksi jadi lebih mudah. Makasih kasir pintar,5,2024-02-01 16:21:47
KasirPintar,Sangat bermanfaat,5,2024-02-01 07:41:48
KasirPintar,Bagus sangat membantu,5,2024-01-31 19:07:46
KasirPintar,luar biasa. sangat membantu,5,2024-01-31 07:06:42
KasirPintar,Lumayan buat yg mau buka usaha,5,2024-01-30 01:27:41
KasirPintar,Bagus aplikasinya walaupun msh bingung menggunakannya,5,2024-01-29 21:49:42
KasirPintar,Sederhana tapi lengkap banget.. easy to use,5,2024-01-29 17:25:50
KasirPintar,Bagus,5,2024-01-29 15:58:39
KasirPintar,"Stocknya suka berubah2, solusi stock opname juga ttp aja sama. Kasian karyawan mah klo gini kena salah paham trs. Hrus hitung stock toko tiap 3hari sekali. Emang fiturnya bagus2 tp klo stock suka ga cocok ya capek juga, perbaiki dong. Capek bgt hitung ribuan barang woi.",1,2024-01-29 14:13:29
KasirPintar,Bagus,3,2024-01-29 04:39:23
KasirPintar,Ok,5,2024-01-28 19:12:49
KasirPintar,Sangat bagus,5,2024-01-28 14:39:43
KasirPintar,"Sangat membantu usaha saya, dan sangat mudah bagi pemula seperti saya untuk pengoprasiaannya, apalagi uniknya, logonya bisa diganti dengan usaha sendiri",5,2024-01-27 22:49:43
KasirPintar,Sangat membantu,5,2024-01-27 18:11:19
KasirPintar,Sangat membantu mantap,5,2024-01-27 14:11:44
KasirPintar,"Cara mudah berjualan dan buka lapak, dgn laporan penjualan by sistem.",5,2024-01-27 12:34:54
KasirPintar,Sipppp,5,2024-01-27 09:28:34
KasirPintar,Mantap,5,2024-01-27 00:19:27
KasirPintar,saya kasih bintang 5 .. karena sangat simple bagus mudah di paham ii .. laporan juga detail .. bagi saya yg pernah terjun di dunia retail ..,5,2024-01-25 10:53:07
KasirPintar,Sangat membantu..,5,2024-01-24 19:56:02
KasirPintar,Sangat membantu,5,2024-01-23 15:51:31
KasirPintar,Mantab,5,2024-01-23 14:19:48
KasirPintar,Sangat membantu sekali...,5,2024-01-23 13:33:59
KasirPintar,good... bagus sekali,5,2024-01-22 18:37:41
KasirPintar,Bagus,4,2024-01-22 12:09:22
KasirPintar,Ok....bngt cara opersionalnya mudah,5,2024-01-22 00:05:37
KasirPintar,Mantap,5,2024-01-21 23:46:52
KasirPintar,"Bikin fitur untuk bisnis rental min, jadi harga nya berkelipatan menyesuaikan jumlah hari sewa",4,2024-01-21 16:07:19
KasirPintar,Bagus,5,2024-01-21 10:49:06
KasirPintar,Ok,5,2024-01-20 20:45:43
KasirPintar,"Untuk admin Saya Pengen pakai aplikasi ini, tp nomer saya tidak bisa digunakan .. tolong di reset donk min ..",5,2024-01-20 19:58:09
KasirPintar,Oke,5,2024-01-20 13:28:02
KasirPintar,Aplikasi yang sangat membantu proses penjualan,5,2024-01-19 20:12:10
KasirPintar,Praktis,5,2024-01-19 09:34:36
KasirPintar,Trima kasih,5,2024-01-19 01:04:07
KasirPintar,"Aplikasinya bagus, dan sangat membantu cuman masih ada bug di menu transaksi penjualan. Kenapa yang bisa ditransaksikan cuman ada 5 produk. Sedangkan saya sudah entry udah lebih dari 15 produk. Apakah karena aplikasi belum beralih ke pro?",5,2024-01-18 08:52:13
KasirPintar,"Yang kurang yaitu kita tidak bisa melihat jumlah satuan barang yang terjual di laporan, hanya ada jumlah transaksi, bukan jumlah barang",4,2024-01-17 21:28:22
KasirPintar,Kenapa akun saya tiba-tiba tidak terdaftar? Padahal saya telah meng-input ratusan data di kasir pintar? Mohon jawabannya,1,2024-01-17 05:22:54
KasirPintar,Mtaaap,4,2024-01-16 23:23:53
KasirPintar,Apl nya sangat mmbantu program kasir. Bagus dan lebih simpel,4,2024-01-16 15:38:20
KasirPintar,Terimakasih,5,2024-01-16 11:59:28
KasirPintar,Membantu,5,2024-01-16 08:44:21
KasirPintar,Pas penambahan barang kenapa g bisa di scan ya barcode nya. Sudah dicobain ke semua barang ttp g bisa scan.,4,2024-01-15 12:46:35
KasirPintar,Sangat membantu dalam pembukuan perdagangan,5,2024-01-14 22:47:52
KasirPintar,Bagus,5,2024-01-14 13:05:43
KasirPintar,Cooolsss appsss brooo,5,2024-01-13 22:52:43
KasirPintar,Sangat membantu,5,2024-01-13 19:44:26
KasirPintar,"Jangan sekali kali mencoba top up di aplikasi ini. riset dulu sebelum dipakai untuk top up jual pulsa dsb. Hal kecil saja masih error contoh, saya sudah capek capek memposting foto produk. Foto produk hilang di katalog. Saya hanya memakai buat mengingat harga dan kalkulatornya itu loh karena sering lupa. Saya akan terus pakai ini selama gratis karena belum ada jaminan uang top up kembali jika ada eror.",2,2024-01-13 16:51:32
KasirPintar,"Daftar aja susah, auto uninstall",1,2024-01-13 14:23:43
KasirPintar,Bisa diandalkan,5,2024-01-13 09:54:17
KasirPintar,Mantap,5,2024-01-13 08:13:27
KasirPintar,Bagus mantap...,5,2024-01-12 14:40:24
KasirPintar,Baru akan cobaa semoga okee,4,2024-01-12 10:01:33
KasirPintar,Bagus,4,2024-01-12 08:40:26
KasirPintar,Oke,5,2024-01-12 07:06:54
KasirPintar,Baru nyoba,4,2024-01-11 22:51:00
KasirPintar,Apk ga jelas,1,2024-01-11 15:58:56
KasirPintar,Sangat membantu buat saya. Sungguh APK the best,5,2024-01-11 14:25:51
KasirPintar,Mantap sekali dengan aplikasi ini semua bisa,5,2024-01-11 03:28:49
KasirPintar,Sudah pake aplikasi kasir pintar slma 3 tahun,5,2024-01-10 22:30:50
KasirPintar,Simple tapi sangat membantu,5,2024-01-10 14:34:51
KasirPintar,Good,5,2024-01-08 16:53:24
KasirPintar,Sangat ok....kalau bisa menu free ditambah buat kami usaha klontong,5,2024-01-08 04:16:33
KasirPintar,Good,5,2024-01-07 23:14:59
KasirPintar,Praktis,5,2024-01-07 08:57:55
KasirPintar,Sangat membantu,5,2024-01-07 01:14:00
KasirPintar,Bagus,5,2024-01-06 02:40:02
KasirPintar,Ok banget,4,2024-01-06 00:27:26
KasirPintar,Tes dulu,4,2024-01-06 00:18:36
KasirPintar,Aplikasi nya membantu banget buat usaha kita memudahkan juga cek stok barang,5,2024-01-06 00:13:56
KasirPintar,Masih baru belajar.tapi saya kira aplikasi ini cukup menarik,5,2024-01-04 22:31:05
KasirPintar,Ok bagus aplikasinya.,5,2024-01-04 18:52:38
KasirPintar,Bintang 4 dulu ya krn uangnya masih blm masuk,4,2024-01-04 15:54:14
KasirPintar,Lebih lengkap pake fitur pro inj gabisa edit alamat buat di notanya yaaa??,4,2024-01-04 06:45:59
KasirPintar,"Otp nya kenapa harus ke whatsapp sih, ga ada opsi lagi.",1,2024-01-03 22:00:27
KasirPintar,Mantap,5,2024-01-03 21:00:13
KasirPintar,"Mantap ,walaupun yg gratis tapi sangat cocok buat usaha sembako",5,2024-01-03 11:30:44
KasirPintar,Good,5,2024-01-03 01:01:48
KasirPintar,Mantap,5,2024-01-02 15:05:13
KasirPintar,sio,5,2024-01-01 22:57:03
KasirPintar,Data hutang saya hilang jadi bingung mau g mna,1,2024-01-01 22:26:39
KasirPintar,Mantap,5,2024-01-01 21:45:55
KasirPintar,"Bagus sekali, mungkin biaya langganan pronya bisa lebih murah lagi supaya umkm bisa berlangganan.",5,2024-01-01 08:07:02
KasirPintar,Tolong tambah sistem cetak barcode dong biar lebih mantap,5,2023-12-31 20:02:35
KasirPintar,"Bagus aplikasi mudah d mengerti, tapi sayang aplikasinya terlalu untuk pedagang kecil",4,2023-12-31 17:59:51
KasirPintar,Bagus Masya Allah,5,2023-12-31 15:21:08
KasirPintar,Baik,4,2023-12-31 11:31:05
KasirPintar,Mantab untuk membantu usaha,5,2023-12-30 22:15:49
KasirPintar,Aplikasinya sangat bagus dan mudah dioperasikan,5,2023-12-29 22:42:39
KasirPintar,Masih mencoba,5,2023-12-29 19:19:17
KasirPintar,Mantab,5,2023-12-29 16:57:46
KasirPintar,"Baru nyoba, smoga cocok",5,2023-12-29 15:59:52
KasirPintar,bgus bnget,4,2023-12-29 00:49:59
KasirPintar,"Simpel, mudah, stabil",5,2023-12-28 18:03:38
KasirPintar,Sangat simple dan sangat membantu..,5,2023-12-28 10:43:54
KasirPintar,"Aplikasi nya bagus, apakah karena free sering keluar kelaut",5,2023-12-27 10:56:00
KasirPintar,"Terima kasih, aplikasinya sgt mmbntu",5,2023-12-27 10:12:35
KasirPintar,Aplikasi bagus dan membantu,5,2023-12-27 09:46:56
KasirPintar,"Sangat Membantu sekali, terima kasih kasir pintar.",5,2023-12-26 08:41:40
KasirPintar,Sangat bermanfaat,5,2023-12-25 20:08:04
KasirPintar,"Awalnya bagus, hampir 1 tahun aq pakek, tapi begitu sdh lebih dr 5 outlet bayar lagi, gak masalah sih sebenarnya bayar lagi, tapi sering nge bug (eror) tiap kali komplain jawaban admin selalu sama, gak memuaskan... (Report dari staff gak sama dengan yg masuk ke owner) Kyk nya mending pindah platform lain aja dah... Bye kaspin, klu emang gak ada peningkatan...",1,2023-12-25 19:50:22
KasirPintar,Kerenn,5,2023-12-25 17:16:24
KasirPintar,Mudah dan simple untuk membantu bisnis saya,5,2023-12-25 17:07:13
KasirPintar,Baru pertama coba lumayan,4,2023-12-25 10:53:26
KasirPintar,Sangat Membantu,5,2023-12-23 00:01:24
KasirPintar,Semoga terus berkembang,5,2023-12-21 22:31:48
KasirPintar,Sejauh mencoba mantap sangatlah mudah,5,2023-12-21 19:11:11
KasirPintar,Sangat membantu,5,2023-12-21 19:00:50
KasirPintar,"Aplikasi bagus dan lengkap, mrmbanty banget utk UMKM",5,2023-12-21 07:52:15
KasirPintar,Bagus bgt untuk semua pembuatan nota dll,5,2023-12-20 14:26:09
KasirPintar,Terima kasih aplikasi ini sangat membantu usaha saya,5,2023-12-20 10:55:04
KasirPintar,sangat membantu,5,2023-12-19 18:09:31
KasirPintar,Terimakasih,5,2023-12-19 10:58:47
KasirPintar,Good,3,2023-12-19 01:54:19
KasirPintar,"Ko bisa ya sampe kek gini, gara2 gk login 1tahun udah di nonaktifkan.!!! Yhh akhirnya pindah aplikasi lain",1,2023-12-19 01:50:58
KasirPintar,👌,5,2023-12-18 22:19:32
KasirPintar,Good,5,2023-12-17 07:27:46
KasirPintar,"OTP WA gak masuk""",3,2023-12-16 22:17:56
KasirPintar,Bisa login di 2 hp? Kl langganan brp tiap bulan atau tahun? Bisa konek printer? 🙏🙏🙏,5,2023-12-16 11:54:58
KasirPintar,Aplikasinya bagus,4,2023-12-16 11:41:24
KasirPintar,Sangat membantu usaha UMKM..Sukses Terus,5,2023-12-15 21:24:51
KasirPintar,Bagussss,5,2023-12-15 15:00:20
KasirPintar,Tidak dapat menggunakan aplikasi kembali karena keterangan nya tidak dibuka selama 1 tahun. Padahal data barang dagangan saya disana semua. Kirain aplikasi nya tidak ada batas waktunya. Data jadi hilang,1,2023-12-14 22:25:06
KasirPintar,Bagus banget,5,2023-12-14 16:39:09
KasirPintar,Mantab,5,2023-12-14 16:20:09
KasirPintar,Kenapa saya tdk bisa login ya di tgl 14 Des 2023?,5,2023-12-14 13:06:39
KasirPintar,Bagus,5,2023-12-14 11:13:20
KasirPintar,"Ada limitasi,. Harus update ke versi Pro",4,2023-12-14 09:35:18
KasirPintar,"Lagi coba dulu, nanti di update kalo emang bagus",4,2023-12-13 22:36:18
KasirPintar,Sangat mrmbantu dan free,5,2023-12-13 18:23:36
KasirPintar,Sangat memuaskan,5,2023-12-12 20:47:18
KasirPintar,bagus,5,2023-12-12 15:40:35
KasirPintar,"kenapa angka harga nya bukan Rp. Tp jd yg lain ?? Mau ganti gmna , pdhal ga di di apa²in",5,2023-12-12 15:00:43
KasirPintar,Masih bingung dan belum terbiasa,4,2023-12-12 09:44:21
KasirPintar,Aplikasi mantab,5,2023-12-11 22:00:38
KasirPintar,nice app,5,2023-12-11 14:06:05
KasirPintar,Bagus aplikasinya...,4,2023-12-11 11:05:36
KasirPintar,Sangat membantu usaha saya,5,2023-12-11 01:02:13
KasirPintar,"Sdh ok utk loginnya, moga tdk berulang lagi, tapi masih terkendala hingga kini dan baru saya publikasikan sekarang ini, permasalahannya, yaitu "" tdk bisa input penambahan barang"" / produk baru di android, moga bisa di realisasikan kembali.",3,2023-12-10 07:25:58
KasirPintar,Mantap,5,2023-12-09 23:27:27
KasirPintar,Mantap sangat membantu..,5,2023-12-09 09:00:30
KasirPintar,lagi mempelajari lebih dlm,5,2023-12-08 22:30:22
KasirPintar,Sangat membantu,4,2023-12-08 13:43:08
KasirPintar,"Apk nya bagus, cuman tolong update bagian kolom pengisian harga dasar barang agar bisa diedit ulang...",4,2023-12-08 01:54:45
KasirPintar,Kereeennnnnn,5,2023-12-06 22:53:00
KasirPintar,Sangat membantu dalam berwirausaha,5,2023-12-06 22:30:43
KasirPintar,Aplikasi kasir pintar bagus,5,2023-12-05 08:07:45
KasirPintar,Kasir bagus dan mudah di pergunakannya,5,2023-12-04 23:27:51
KasirPintar,sangat bagussss,5,2023-12-04 23:04:53
KasirPintar,Bagus,5,2023-12-04 21:45:30
KasirPintar,Bisa membantu meringankan pekerjaan,4,2023-12-04 16:33:57
KasirPintar,"Aplikasi ny majnayyoppppp boler ta sayyyii bntur iga nis crus wikula bsengat tjubata bcuramin hrus hrus hrus , ela mengke kia nhup kuman yaku",5,2023-12-04 09:55:04
KasirPintar,Oke,5,2023-12-03 20:18:39
KasirPintar,"Sedang mencoba ,sejauh ini lumayan bagus...",5,2023-12-03 18:38:36
KasirPintar,"lancar, good👍",4,2023-12-03 14:39:47
KasirPintar,"Sangat membantu, terima kasih kasir pintar🙏",5,2023-12-02 23:17:37
KasirPintar,Bagus dan sangat berguna,5,2023-12-02 20:02:29
KasirPintar,"Alhamdulillah pertama kali pakai lancar dan bisa di pakai, terimakasih kasir pintar",5,2023-12-02 17:35:27
KasirPintar,mantappp mudah digunakan,5,2023-12-02 10:22:34
KasirPintar,Mantap 👍🏻,5,2023-12-01 14:29:29
KasirPintar,Josaa,5,2023-11-30 11:59:36
KasirPintar,Mantap,5,2023-11-30 09:15:05
KasirPintar,Sangat membantu semoga fitur fitur nya lebih bagus dan lebih memudahkan lagi,5,2023-11-30 08:18:01
KasirPintar,sangat berguna,5,2023-11-30 02:56:05
KasirPintar,Sangat membantu sekali,5,2023-11-30 00:18:06
KasirPintar,"Sip,,, membantu sekali",5,2023-11-29 14:05:18
KasirPintar,"Alhamdulillah selama ini tidak ada kendala dan sangat membantu, semoga kedepannya semakin baik lagi",4,2023-11-29 07:09:01
KasirPintar,Good,3,2023-11-28 19:26:10
KasirPintar,sangat membantu utk transaksi penjualan,5,2023-11-28 12:44:52
KasirPintar,Bagaimana solusi bug dan eror pada kasir pintar .saya sudah telfon belum ada tanggapan trimakasih,5,2023-11-28 09:25:01
KasirPintar,"Aplikasi kasir yg mudah digunakan, dan sangat membantu dlm bisnis UMKM",5,2023-11-27 23:12:05
KasirPintar,Mantap,5,2023-11-27 19:51:27
KasirPintar,"Mash tahap mencoba, soalnya di input ilang lagi terms",2,2023-11-27 14:01:30
KasirPintar,Bagus banget aplikasi ini sangat membantu usaha resto saya... 👍,5,2023-11-26 14:08:05
KasirPintar,God job,5,2023-11-26 00:29:02
KasirPintar,Keren bgt pokoknya,5,2023-11-24 22:11:21
KasirPintar,"Saya sudah Membuat menu, tapi di transaksi penjualan kok kosong ya, ada yg bisa bantu ?",4,2023-11-24 17:22:58
KasirPintar,Tidak ribet saat mendaftar,5,2023-11-24 06:54:23
KasirPintar,Belum free semua akses nya,3,2023-11-23 23:54:48
KasirPintar,Bagus sihh,5,2023-11-23 22:31:11
KasirPintar,"Bagus dan membantu, sayang harus bayar",5,2023-11-22 08:47:04
KasirPintar,"Selama ini sangat membantu, semoga tidak ada kendala. Pertanyaan saya untuk mengganti nomor telp bagaimana ??",4,2023-11-22 07:05:36
KasirPintar,Mantap,5,2023-11-21 21:31:28
KasirPintar,Semoga bisa membantu,5,2023-11-21 21:18:50
KasirPintar,Bagus,5,2023-11-20 22:49:46
KasirPintar,Knp namaku muncul di struk? Bgmn cara menghilangkan namaku di struk? Apakah KASIR PINTAR di pakai OFFLINE? Bgmn cara mengubah settingan printer 80 mm mjd 58 mm?,3,2023-11-20 17:37:38
KasirPintar,no verikipasi tu di isi apa tidak terus apa kegunaannya jika di isi,5,2023-11-20 08:17:56
KasirPintar,Mantap Buat Usaha Dagang,5,2023-11-18 23:21:04
KasirPintar,Terimakasih aplikasi yang sangat membantu sekali..,5,2023-11-18 23:17:01
KasirPintar,Sangat membantu,5,2023-11-18 23:11:02
KasirPintar,Sangat membantu,5,2023-11-18 01:10:51
KasirPintar,cara mengaktifkan kembali akun bagaimana caranya?,4,2023-11-17 17:15:31
KasirPintar,Sangat membantu,5,2023-11-17 11:34:43
KasirPintar,Ok,5,2023-11-17 10:22:44
KasirPintar,Wah mantap sangat mudah digunakan sangat besar membantu sekali,5,2023-11-17 00:10:12
KasirPintar,Masih dicoba,5,2023-11-16 20:30:52
KasirPintar,Mantap sih ini terimakasih,5,2023-11-16 14:33:20
KasirPintar,Mudah digunakan,5,2023-11-16 13:11:36
KasirPintar,"Terimakasih Kasir pintar.. sangat membantu memudahkan kami dalam membuat Nota dan pembukuan ,semoga kasir pintar makin SUKSES 🙏",5,2023-11-16 06:38:49
KasirPintar,"Kak untuk berlangganan permanen gak ada ya? Kalau geratis kan cuman sampe 1000 produk, barang saya lebih dari situ",5,2023-11-15 18:36:28
KasirPintar,Mantaaap,5,2023-11-15 17:47:31
KasirPintar,Bagussssss,5,2023-11-15 08:38:53
KasirPintar,Good,5,2023-11-15 00:54:19
KasirPintar,Aplikasi gratis yang sangat membantu,5,2023-11-14 22:04:18
KasirPintar,Nice Aplikasi,5,2023-11-14 20:08:06
KasirPintar,Lg uji coba,5,2023-11-14 18:11:05
KasirPintar,Sangat sangat membantu umkm seperti saya,5,2023-11-14 18:09:03
KasirPintar,Ada yg punya solusi gak😇 Cash drawer g mau terbuka otomstis,3,2023-11-14 13:08:31
KasirPintar,"Sudah 2 hari error, lapor bug sama eror di no yg ada di aplikasi no ny ga bisa di hub. Padahal udah langganan, maaf bingtang kita kurangi.",5,2023-11-14 03:44:08
KasirPintar,Good job,5,2023-11-14 01:24:32
KasirPintar,Bagus sangat membantu dan ada vrsi gratis selama nya ....buat pencipta apk ini smoga makin jaya sehat selalu agar trus dpt menciptakan banyak karya yg dibutuhkan org banyak,5,2023-11-13 20:03:04
KasirPintar,Sangat membantu sekali dan sangat bagus nih aplikasi,5,2023-11-13 19:00:03
KasirPintar,Mantul dah,5,2023-11-13 10:49:19
KasirPintar,Sangat membantu,5,2023-11-12 08:06:34
KasirPintar,"Aplikasinya bagus, tapi dibagian transaksi penjualan bagian total biaya dan pengisian jumlah yg dibayar konsumen tidak dapat dikosongkan, karena ada konsumen yg tidak langsung ingin bayar sebelum pengerjaan order selesai dan tidak bisa selesai saat itu juga. Jadi mungkin pengisian total biaya konsumen bisa dikosongkan agar bisa tau biayanya sudah dibayarkan atau belum. Trimss",5,2023-11-11 19:43:13
KasirPintar,Membantu,5,2023-11-11 00:58:54
KasirPintar,Cloud nya parah..transaksi hari2 sebelumnya malah hilang..payah..,1,2023-11-09 22:35:02
KasirPintar,Ssangat membantu,5,2023-11-09 19:22:21
KasirPintar,Salam Pengguna baru,4,2023-11-09 15:41:26
KasirPintar,Sangat membantu,5,2023-11-09 09:29:42
KasirPintar,aplikasi berbayar dan wajib membuat akun,3,2023-11-09 09:16:51
KasirPintar,aplikasi Sangat Membantu usaha,5,2023-11-09 00:50:30
KasirPintar,Sangat membantu bagi kami yang masih merintis toko kelontong,4,2023-11-08 22:33:50
KasirPintar,"Habis daftar nomer saya banyak spam tawaran pinjol, meresahkan",1,2023-11-08 19:49:19
KasirPintar,Gratis,5,2023-11-08 19:15:41
KasirPintar,Sipp..,5,2023-11-07 20:30:43
KasirPintar,Bagus,5,2023-11-07 19:38:02
KasirPintar,Aplikasinya lumayan bagus,5,2023-11-07 16:32:02
KasirPintar,Pas daftar ga bisa digeser ke bawah terus nyimpanya gimana.? Susah banget.,1,2023-11-07 07:25:35
KasirPintar,mantap,5,2023-11-06 22:16:15
KasirPintar,Baru install moga membantu,5,2023-11-06 20:44:21
KasirPintar,Top,5,2023-11-05 18:58:26
KasirPintar,So far so good,5,2023-11-05 18:54:45
KasirPintar,Keren dan sangat mrmbantu,5,2023-11-05 16:50:16
KasirPintar,Ok banget,5,2023-11-03 18:01:20
KasirPintar,Aplikasi keren.sangat membantu,5,2023-11-03 17:36:27
KasirPintar,Sangat membantu dalam usaha. Apalagi ada yg free. Dan tidak rugi apabila mengambil yg versi pro dikarenakan harga yg diminta masih sangat rasional dan ramah dikantong,5,2023-11-03 14:04:10
KasirPintar,sangat membantu,5,2023-11-02 23:21:08
KasirPintar,Terimakasih telah membuat Aplikasi ini. Sangat membantu management Usaha Mikro,5,2023-11-02 20:29:53
KasirPintar,Baik,4,2023-11-02 12:29:57
KasirPintar,kurang bagus,1,2023-11-02 11:23:27
KasirPintar,"Saya mau logout pindah ke device lain ,, data kita bakalan hilang ga min?",5,2023-11-01 19:32:36
KasirPintar,App yg bagus dan sangat membantu,5,2023-11-01 07:11:22
KasirPintar,Sangat membantu,5,2023-11-01 01:02:10
KasirPintar,"untuk saat ini bagus sebagai pemula coba dlu yang free, nanti klo cocok mulai berlangganan",4,2023-10-31 12:01:50
KasirPintar,Terima kasih,5,2023-10-30 21:13:36
KasirPintar,Bagus,5,2023-10-30 20:43:10
KasirPintar,Helpfull Aplication,5,2023-10-30 19:48:18
KasirPintar,"Mantullllll banget, simple & gak ribet",5,2023-10-30 14:42:17
KasirPintar,User friendly,5,2023-10-29 21:33:29
KasirPintar,1. Pada transaksi sekarang hanya % sebelumnya bagus bisa pakai Rp. 2. Stock tiba 0 Semoga bisa d update kmbli terima kasih.,4,2023-10-29 01:10:11
KasirPintar,Bagus,5,2023-10-28 18:38:28
KasirPintar,sangat membantu,5,2023-10-28 14:11:13
KasirPintar,Sangat Membantu Usaha,5,2023-10-27 23:44:16
KasirPintar,nyoba dulu ya,5,2023-10-27 23:37:29
KasirPintar,sangat membantu,5,2023-10-27 12:49:04
KasirPintar,Sangat memudahkan pebisnis,5,2023-10-27 11:22:42
KasirPintar,Aplikasi bagus,5,2023-10-26 18:42:51
KasirPintar,Good,4,2023-10-26 14:51:30
KasirPintar,Aplikasih nya sangatbagus dan mudah di gunakan,5,2023-10-26 07:15:01
KasirPintar,Oke,5,2023-10-26 04:08:46
KasirPintar,Sangat membantu umkm.,5,2023-10-25 17:51:11
KasirPintar,Saya suka banget aplikasinya cepat,5,2023-10-25 12:23:34
KasirPintar,"mantap sangat membantu buat umkm, terima kasih",5,2023-10-24 12:46:27
KasirPintar,Ok,4,2023-10-24 03:59:35
KasirPintar,Saya tidak bisa sinkronisasi. Pada jaringan sudah bagus.,2,2023-10-23 23:04:35
KasirPintar,"Kenapa tidak bisa di gunakan. Tidak dpt signal., sedngkan signal bagus disini",3,2023-10-23 22:53:37
KasirPintar,Sangat mudah digunakan dan sangat membantu kelancaran usaha kami,5,2023-10-23 22:41:48
KasirPintar,"Error bos aplikasinya, penjualan 5 hari jadi hilang. Dan tidak dapat login ulang. Mengecewakan",1,2023-10-23 22:26:59
KasirPintar,Ga usah d download. Buang - buang waktu.. Udah Cape cape input 58 produk.. Pas produk ke 59 ga ada koneksi.. Kalau ga niat bantu ga usah kasih versi Gratis.. Tulisannya tidak tersambung internet? .. Ini saya kirim review bisa ..,1,2023-10-23 22:19:41
KasirPintar,sangat bagus,5,2023-10-23 10:49:52
KasirPintar,"Bagus dan sangat membantu,,apa lagi buat pemula yg TDK bisa mengingat semua daftar harga barang,,",5,2023-10-23 09:24:27
KasirPintar,Kita lihat lagi kedepannya baru fambah bintang,3,2023-10-22 13:04:37
KasirPintar,Terima kasih kasir pintar,5,2023-10-21 20:10:28
KasirPintar,Kk saya sudah melakukan pembayaran tapi aplikasi tidak bisa di bukak. Gimana kk. Mohon bantuan nya kk.,5,2023-10-21 16:10:28
KasirPintar,Sangat membantu dngn adanya kasir pintar cocok untuk berdagang,5,2023-10-21 14:11:46
KasirPintar,Kasir pintar memang mantap,5,2023-10-21 10:13:56
KasirPintar,Kalau mantap lanjut pro,5,2023-10-21 00:09:55
KasirPintar,Sangat bagus semakin mudah,5,2023-10-20 13:24:39
KasirPintar,Sangat membantu,5,2023-10-20 11:32:51
KasirPintar,"Kak, gak bisa log in soalnya akun udah nonaktif sama lupa password. Biar. Isa pek lagi gimana ya kak?",5,2023-10-19 22:50:18
KasirPintar,Aplikasi nya bagus sih. tapi kok aturharga jual PPOBnya harus pro Kalo pro kan berbayar,5,2023-10-19 18:30:38
KasirPintar,👍,5,2023-10-19 11:20:11
KasirPintar,Sangat menbantu,5,2023-10-18 22:58:59
KasirPintar,"Aplikasinya bagus untuk bisnis usaha apa saja terutama lbh mudah mengontrol keluar & masuknya barang,sukses selalu",5,2023-10-18 19:54:27
KasirPintar,Good,5,2023-10-18 19:41:30
KasirPintar,jos,5,2023-10-18 17:27:23
KasirPintar,Bagus,5,2023-10-18 15:34:51
KasirPintar,Good,5,2023-10-18 14:31:31
KasirPintar,Baguss,5,2023-10-17 18:39:18
KasirPintar,Top,5,2023-10-16 18:24:42
KasirPintar,Aplikasi kasir berbasis online sangat penting khususnya dalam manajemen kedai itu sendiri,5,2023-10-16 09:54:24
KasirPintar,Toppp,5,2023-10-15 23:56:10
KasirPintar,Aplikasi Kasir pintar terBaik,5,2023-10-15 21:06:46
KasirPintar,Membantuuu,5,2023-10-15 11:22:17
KasirPintar,Good,5,2023-10-14 19:01:21
KasirPintar,"Aplikasi Mesin kasir terlengkap untuk UMKM ,sangat mudah di gunakan ,lebih efisien ,terus tingkatkan",5,2023-10-13 22:32:50
KasirPintar,Mantap,5,2023-10-13 18:11:28
KasirPintar,Mantap,5,2023-10-13 15:44:11
KasirPintar,Simple dan berguna,5,2023-10-13 05:50:03
KasirPintar,Bagus,5,2023-10-13 00:27:37
KasirPintar,sangat membantu...,5,2023-10-12 13:29:26
KasirPintar,apk pro buat chroomebook mana,5,2023-10-12 09:05:06
KasirPintar,bagus untuk di pake usaha,5,2023-10-11 13:00:03
KasirPintar,Pengalaman baik,5,2023-10-11 11:19:10
KasirPintar,Sangat membantu,5,2023-10-11 09:20:46
KasirPintar,Sangat membantu,5,2023-10-10 23:23:45
KasirPintar,Bagus' sangat membantu,5,2023-10-10 20:38:26
KasirPintar,Ok,5,2023-10-10 20:17:44
KasirPintar,Terima kasih telah membantu umkm,5,2023-10-10 19:22:23
KasirPintar,sangat membantu untuk toko saya. terimakasih kasir pintar,5,2023-10-10 09:38:08
KasirPintar,Mantap,5,2023-10-10 09:29:26
KasirPintar,👍,5,2023-10-10 01:21:20
KasirPintar,Terimakasih kasir pintar sudah mau menanggapi keluhan saya dengan cepat dan mudah semoga bisa ke Pro ya doakan usaha saya sukses 🤲🙏,5,2023-10-09 20:10:28
KasirPintar,Aplikasi nya gmn sih..saya dftr ketrngnnya sdh trdftr nama email saya...saya login lupa pasword ketrgannya tdk aktif krn 1 thn ga ada dipakai. Tp saya masuk lagi ga bs..gmn caranya min,3,2023-10-08 21:11:43
KasirPintar,Semoga dengan mendolod aplikasi ini memudahkan sistem kasir keuangan angkringan saya,5,2023-10-08 11:37:27
KasirPintar,Ok,5,2023-10-07 16:00:54
KasirPintar,Terbaik dah,5,2023-10-07 10:26:46
KasirPintar,"Karya anak bangsa, plus Ui nya enak banget dipandang. Simple",5,2023-10-06 20:42:37
KasirPintar,"Hari ini tgl.06.10.23 tiba² saya gk bisa masuk dan tertera disitu bahwasanya saya masuk menggunakan device lain dan harus login ulang, Setelah login ulang Dan masuk kembali semua data hilang. Sungguh mengecewakan..",1,2023-10-06 18:09:13
KasirPintar,"Sudah pakai ±3tahun, yg saya bingung knp stoknya suka berubah-ubah yak, jadi ga balance antara catatan manual & aplikasi, sudah hub. CS tapi jawaban datar aja 🤭 apakah yg lain ada kendala yg sama?",4,2023-10-06 17:23:56
KasirPintar,Canggih,5,2023-10-06 14:32:05
KasirPintar,👍👍👍👍,4,2023-10-06 11:52:02
KasirPintar,Ok,4,2023-10-06 08:52:20
KasirPintar,Mantap,5,2023-10-06 00:10:47
KasirPintar,sangat membantu usaha UMKM,5,2023-10-05 22:09:18
KasirPintar,Good,5,2023-10-05 12:17:54
KasirPintar,cocok,5,2023-10-04 14:22:56
KasirPintar,sangat membantu,5,2023-10-04 09:19:49
KasirPintar,Sangat Membantu untuk UMKM.,5,2023-10-04 04:02:02
KasirPintar,Sangat membantu,5,2023-10-04 02:26:58
KasirPintar,Ok,5,2023-10-03 22:40:52
KasirPintar,Sangat membantu,5,2023-10-03 19:28:54
KasirPintar,"Sangat membantu usaha saya. Terimakasih kasih pintar, semoga kedepannya semakin update fitur2 baru",5,2023-10-03 13:53:24
KasirPintar,Mantapp,5,2023-10-03 12:08:09
KasirPintar,keren tapi yang pro harus bayar,5,2023-10-02 18:19:27
KasirPintar,Sangat membantu,5,2023-10-02 14:12:55
KasirPintar,Aplikasi yg sangat bagus,5,2023-10-02 12:13:47
KasirPintar,"Tidak ada pilihan ""HAPUS AKUN"" Rating akan diperbarui setelah pilihan ""HAPUS AKUN"" muncul dan bisa digunakan",1,2023-10-02 07:39:39
KasirPintar,Sangat membantu bagi UMKM,5,2023-09-30 17:11:48
KasirPintar,Sangat membantu sekali,5,2023-09-30 14:02:47
KasirPintar,"Kak kenapa kasirku tdak bisa dibuka ya,tulisannya tdak tersambung kejaringan,periksa jaringan internet gitu kak.mohon bantuannya kak🙏",4,2023-09-30 08:56:04
KasirPintar,Ok aplikasi mudah di mengerti,5,2023-09-29 21:51:26
KasirPintar,Baru nyoba semoga terbiasa dan fitur2nya semakin bagus Dan gratis,5,2023-09-29 14:28:49
KasirPintar,Mantab,5,2023-09-29 02:38:09
KasirPintar,Sangat membantu,5,2023-09-28 16:26:55
KasirPintar,Bagus buat usaha nih,5,2023-09-28 15:59:30
KasirPintar,"Sangat membantu,tp sering keluar sendiri",5,2023-09-28 15:00:23
KasirPintar,"Sangat membantu,,dalam penjualan saya,",5,2023-09-28 10:32:52
KasirPintar,Bagus buat saya jualan,5,2023-09-28 06:12:58
KasirPintar,Sangat membantu sekali,5,2023-09-27 21:36:23
KasirPintar,Aplikasinya mudah dan gampang di gunakan.suport untuk android os 5.,4,2023-09-27 18:29:58
KasirPintar,Sangat membantu umkm,5,2023-09-25 22:07:50
KasirPintar,mau daftar bikin pass nya aja susah bgt gmn ya? ga approv terus padahal udh gonta ganti nyoba,4,2023-09-24 20:18:25
KasirPintar,"Bermanfaat sekaliii apk kerennn, download guys",5,2023-09-24 13:43:47
KasirPintar,Saran Tombol transaksi penjualan dibuat mudah diakses di posisi mana saja dan besar,5,2023-09-24 12:23:56
KasirPintar,👍👍👍😎😎😎,5,2023-09-24 09:23:53
KasirPintar,Sangat membantu,5,2023-09-24 05:46:38
KasirPintar,Aplikasi mudah digunakan,5,2023-09-23 20:53:02
KasirPintar,Mantul👍👍👍👍👍👍👍,5,2023-09-23 20:41:37
KasirPintar,Aplikasinya bagus bangat aku suka bangat Aplikasi nya ga ter lalu murah dan gak mahal jadi bagus bangat👍,5,2023-09-23 17:15:08
KasirPintar,Selalu eror aplikasinya ketika mau di print struk. Sdh berhari-hari dicoba tetap gak bisa. Pusat bantuan jg gak bisa menemukan solusi.,1,2023-09-23 16:25:29
KasirPintar,Mantap nih,5,2023-09-22 17:19:07
KasirPintar,Hallo gimana cara mengaktifkan ulang akun saya ya? Mau login tertulis akun sudah dinonaktifkan? Mohon bantuannya,4,2023-09-22 15:05:20
KasirPintar,Sangat membantu,5,2023-09-22 08:16:04
KasirPintar,Sangat bagus,5,2023-09-21 21:16:20
KasirPintar,Okeee cusssss,4,2023-09-21 13:02:09
KasirPintar,Mempermudah operational,5,2023-09-21 12:55:52
KasirPintar,bagus,5,2023-09-21 11:15:15
KasirPintar,Simple,5,2023-09-20 22:15:25
KasirPintar,"Sangat membantu, dan mudah digunakan.. Bisa Kredit, Q yg sistem jualnya harus DP dulu jd kebantu banget",5,2023-09-20 09:53:58
KasirPintar,Mantap sangat membantu,5,2023-09-20 00:13:51
KasirPintar,Mantep.. membantu pembukuan,5,2023-09-19 21:12:28
KasirPintar,Aplikasi mantp.sangat membantu,5,2023-09-19 15:59:24
KasirPintar,Bagus sangat berguna sekali,5,2023-09-19 14:41:06
KasirPintar,Ok,5,2023-09-19 08:39:05
KasirPintar,Untuk yang pro apakah berlanggan tiap bulannya ?,2,2023-09-18 19:42:05
KasirPintar,The best,5,2023-09-18 13:44:20
KasirPintar,Mudah diaplikasikan,5,2023-09-18 13:38:49
KasirPintar,Bagus,5,2023-09-18 07:38:24
KasirPintar,Nice apk,5,2023-09-18 01:24:56
KasirPintar,Giodjob..sangat membantu ..,5,2023-09-17 23:55:27
KasirPintar,"Sangat membantu sekali, mantap",5,2023-09-17 20:56:44
KasirPintar,Bagus sangat membantu sekali tapi stok selalu ber ubah ubah sendiri,5,2023-09-16 19:26:37
KasirPintar,Sangat Membqntu,5,2023-09-16 10:45:21
KasirPintar,Tidak bjsa register. Di pembuatan password selalu tidak bisa padahal sudah mengikuti langkah langkah,2,2023-09-16 06:36:57
KasirPintar,Sangat membantu Awalnya ribet karena harus masukan semua data barang Tapi setelah program jalan enak 👌,5,2023-09-15 10:20:16
KasirPintar,Sya kurang paham aplikasi gratis tapi tiba kita buka penjualan bayar perbulan Ntah saya yg kurang paham atau aplikasinya yg berbohong,1,2023-09-14 12:03:26
KasirPintar,"Sangat membatu sekali, walaupun yg free sudah sangat mbantu untuk pengusaha di awal2 usaha, semoga kita semua bisa berkembang usahanya, bisa naik ke app yg pro 🙏🙏",5,2023-09-14 11:41:03
KasirPintar,voba dulu,4,2023-09-14 10:33:20
KasirPintar,Good job,5,2023-09-14 09:14:07
KasirPintar,Cukup membantu dan mudah di gunakan,4,2023-09-14 08:07:53
KasirPintar,Manta,5,2023-09-13 21:43:51
KasirPintar,👍,5,2023-09-13 10:16:22
KasirPintar,Sangat membantu,5,2023-09-12 15:20:04
KasirPintar,mantap,5,2023-09-12 08:29:20
KasirPintar,Sangat membantu saya,4,2023-09-11 11:38:08
KasirPintar,Keren,5,2023-09-11 03:53:53
KasirPintar,Sangat membantu mempermudah mengelola toko,5,2023-09-10 16:13:34
KasirPintar,Bismillah membantu,5,2023-09-10 13:22:55
KasirPintar,Aplikasi ini sangat membantu saya dalam berjualan,5,2023-09-10 06:26:35
KasirPintar,"Mudah di pahami,, membantu untuk yg ingin memulai Usaha",4,2023-09-10 01:52:32
KasirPintar,Gx bisa masuk padahal imail sudah dimasukan,1,2023-09-09 13:27:03
KasirPintar,awalnya suka bgt. tp skg biaa kluae sndiri dan data lngsung hilang smua. jdinya pengen ganti aplikasi lain aja,2,2023-09-09 13:25:03
KasirPintar,Keren,5,2023-09-09 00:30:40
KasirPintar,Oke puas,5,2023-09-07 03:57:58
KasirPintar,"dengan adanya kasir pintar,sangat membantu usaha saya",5,2023-09-06 22:16:17
KasirPintar,Sangat membantu,5,2023-09-06 13:36:04
KasirPintar,"Nah, ini respon yg jauh lebih baik di berikan developor.. sepertinya lebih baik auto reply aja di buat templet.",5,2023-09-05 17:35:06
KasirPintar,Good Job.,5,2023-09-05 10:29:11
KasirPintar,Masih trial,5,2023-09-05 10:27:41
KasirPintar,Sangat bagus dan membantu,5,2023-09-05 00:26:54
KasirPintar,Mudah di cerna dan bermangpaat,5,2023-09-04 00:01:14
KasirPintar,kebanyakan pro suruh bayar,1,2023-09-03 22:33:37
KasirPintar,Sedang mencoba,4,2023-09-02 18:20:39
KasirPintar,Sangat membantu sekali dan mudah,5,2023-09-02 16:19:23
KasirPintar,Ship bgt,5,2023-09-02 12:46:41
KasirPintar,Bagus lengkap,5,2023-09-02 01:40:49
KasirPintar,Sangat membantu,5,2023-09-01 16:25:58
KasirPintar,"Sementara ku kasih 4 bintang dulu ya, karena masih belum aku terapin. Tapi keseluruhan aplikasi ini membantu banget makasih",4,2023-09-01 11:55:35
KasirPintar,Bagus sangat mudah di jalankan serta mudah di mengerti,4,2023-08-31 20:38:01
KasirPintar,Sangat membantuuuuu😍😍😍,5,2023-08-31 09:50:23
KasirPintar,Aplikasi nya bagus mudah di mengerti cmn beda nya ga ada variant aja untuk satu produk yang sama tp beda rasa mungkin jadi bahan masukkan,4,2023-08-30 09:21:39
KasirPintar,Mantap,5,2023-08-29 20:46:39
KasirPintar,👍👍👍👍,5,2023-08-29 17:47:02
KasirPintar,Mantap,5,2023-08-29 15:09:07
KasirPintar,Mantap,5,2023-08-29 12:58:13
KasirPintar,Sangat bagus dan mudah di mengerti,5,2023-08-29 00:47:36
KasirPintar,Aplikasi yang sangat membantu sekaliii,5,2023-08-28 13:57:38
KasirPintar,Bagus,5,2023-08-27 22:04:13
KasirPintar,"Good job brooo, sipppp",5,2023-08-27 20:43:40
KasirPintar,🌹☺️👍🏻,5,2023-08-27 08:33:53
KasirPintar,Ok,5,2023-08-26 18:15:18
KasirPintar,Bagus memudah kan saya Dalam berniaga,5,2023-08-25 21:18:15
KasirPintar,Siap membantu,5,2023-08-25 12:48:53
KasirPintar,Mantap,5,2023-08-24 19:32:23
KasirPintar,4 ajah dl,4,2023-08-24 18:27:18
KasirPintar,aplikasi membantu dan mempermudah,5,2023-08-24 17:39:31
KasirPintar,Sangat membantu usaha kami...trimksh kasir pintar,4,2023-08-23 17:38:56
KasirPintar,Bagua,4,2023-08-23 15:01:36
KasirPintar,"Mohon ditingkatkan lagi fasilitas nya, dibagian akhir laporan, jumlah awal dan akhir per item penjualan laporan nya lebih jelas",5,2023-08-23 01:46:35
KasirPintar,Sngat membantu bagi usahanya yang mas merintis,4,2023-08-22 22:18:05
KasirPintar,Sangat mudah,5,2023-08-21 20:12:48
KasirPintar,Oke,5,2023-08-21 19:16:00
KasirPintar,Sangar membantu,5,2023-08-21 15:57:13
KasirPintar,Aplikasi ini sgat bagus 👍,4,2023-08-20 12:14:09
KasirPintar,"Sangat membantu kami, pilih yang gratis saja.♥️👍",5,2023-08-19 20:02:25
KasirPintar,Ok,5,2023-08-19 11:56:32
KasirPintar,Terima kasih,5,2023-08-19 08:41:26
KasirPintar,Lumayan,4,2023-08-18 21:06:02
KasirPintar,Ka ko saya tidak bisa masuk ke akun saya emil saya belum terdaftar?,2,2023-08-18 19:00:34
KasirPintar,Sangat bermanfaat untuku usaha,5,2023-08-18 11:52:33
KasirPintar,sipppp,4,2023-08-17 21:13:00
KasirPintar,Good,4,2023-08-17 12:54:14
KasirPintar,"Padahal @mail dan kt sandi q sudah benar,tapi tetap gak bisa masuk apk.🤦capek2 sudah masukin data.",2,2023-08-17 12:07:27
KasirPintar,"SETELAH PAKAI INI SEBULAN, APLIKASI LUMAYAN CACAT UNTUK TRANSAKSI DIATAS 40 ITEM SUKA HILANG SENDIRI DARI KERANJANG. GAK WORK UNTUK TOKO GROSIR",4,2023-08-16 20:18:32
KasirPintar,Suka,5,2023-08-16 20:12:34
KasirPintar,Mudah d gunakan,5,2023-08-16 18:45:08
KasirPintar,Membantu saya,5,2023-08-16 13:43:17
KasirPintar,aplikasinya sangat membantu,5,2023-08-16 10:28:57
KasirPintar,👌,5,2023-08-15 13:51:45
KasirPintar,Fitur nya bagus dan lengkap.,5,2023-08-14 20:39:25
KasirPintar,"Belum coba, keliatannya oke",5,2023-08-13 10:43:26
KasirPintar,Membantu,4,2023-08-13 08:40:33
KasirPintar,"Request untuk stok tidak bisa d kurangi. Walaupun bisa di kurangi ada data yang tidak bisa d edit atau di ubah, agar karyawan tidak nakal kurangin stok",4,2023-08-12 20:18:49
KasirPintar,Simple,5,2023-08-12 16:38:22
KasirPintar,Bagus untuk saat ini,3,2023-08-12 14:07:17
KasirPintar,Sangat membantu,5,2023-08-10 21:40:00
KasirPintar,Ok,5,2023-08-10 18:00:08
KasirPintar,BUG terus,1,2023-08-10 13:37:08
KasirPintar,Good,5,2023-08-09 22:22:56
KasirPintar,Mayan,5,2023-08-09 18:41:45
KasirPintar,Sangat membantu kami yg di daerah,5,2023-08-09 11:27:19
KasirPintar,Josss,5,2023-08-09 07:39:20
KasirPintar,Praktis,5,2023-08-08 22:02:46
KasirPintar,Mantap,5,2023-08-08 00:11:55
KasirPintar,Sangat membantu,5,2023-08-07 19:25:05
KasirPintar,Okelah buat usaha mikro,5,2023-08-07 12:44:17
KasirPintar,Ngebantu banget,5,2023-08-07 11:28:58
KasirPintar,"Alhamdulilah... Untuk usaha kecil seperti saya, aplikasi ini sangat membantu. Luar biasa, 👍🤲🙏",5,2023-08-07 10:47:29
KasirPintar,Terima kasih... app ini sangat2 membantu untuk mengingat harga barang2 yg tdk bisa saya hafal 👍👍👍,5,2023-08-06 19:13:21
KasirPintar,Lg mmpelajari apk..semoga bs mmbantu pekerjaan,5,2023-08-05 16:05:01
KasirPintar,Jop,5,2023-08-05 14:14:50
KasirPintar,Mantaplahhh,5,2023-08-05 11:48:04
KasirPintar,Untuk saat ini sih bagus,5,2023-08-04 19:32:16
KasirPintar,Gampang banget ngak ribet,5,2023-08-04 14:28:56
KasirPintar,Ok ok,4,2023-08-04 09:35:57
KasirPintar,Sangat membantu sekali,5,2023-08-03 19:22:00
KasirPintar,"Sangat membantu, buat kalian jangan ragu coba aplikasi ini",5,2023-08-03 16:59:39
KasirPintar,"bagus tidak ribet dan mudah di operasikan, untuk sementara 4 dulu.",4,2023-08-03 11:51:58
KasirPintar,Membantu sekali dalam penjualan saya,5,2023-08-03 07:24:50
KasirPintar,Sangat sangat membantu,5,2023-08-02 21:58:15
KasirPintar,Terbaik,5,2023-08-02 13:37:00
KasirPintar,Good,5,2023-08-02 11:37:24
KasirPintar,Sangat membantu umkm,5,2023-08-02 11:06:50
KasirPintar,Sangat membantu,5,2023-08-01 23:26:28
KasirPintar,bagus sangat,5,2023-08-01 19:07:00
KasirPintar,Good,5,2023-08-01 11:34:16
KasirPintar,Sangat membantu,5,2023-07-31 17:29:16
KasirPintar,Benar benar sangat membantu usaha saya terimakasih,5,2023-07-31 09:42:02
KasirPintar,Lumayan,5,2023-07-30 03:38:39
KasirPintar,Mantap,5,2023-07-30 01:57:01
KasirPintar,Sangat membantu UMKM,5,2023-07-29 18:06:37
KasirPintar,KLO SUDAH 1000 DATA PASTI ADA YG ILANG. APLIKASI GRATIS HANYA PANCINGAN SAJA KEREN,1,2023-07-29 15:27:00
KasirPintar,Mantap,2,2023-07-29 03:50:44
KasirPintar,Sangat bermanfaat mudah digunakan membantu saya untuk berbisnis,5,2023-07-29 01:26:32
KasirPintar,Nice,5,2023-07-28 23:32:17
KasirPintar,Wow,5,2023-07-28 20:36:26
KasirPintar,mantap bisa kelola bisnis saya dg baik ..,4,2023-07-28 16:56:47
KasirPintar,👍👍👍👍,5,2023-07-28 07:03:38
KasirPintar,Mayan lah,5,2023-07-27 15:13:51
KasirPintar,Aplikasi yg sangat membantu bagi para umkm,4,2023-07-27 07:59:32
KasirPintar,Oke,5,2023-07-26 23:05:14
KasirPintar,Good,3,2023-07-26 13:40:42
KasirPintar,mantap sangat membantu,5,2023-07-26 08:37:04
KasirPintar,Bagus,5,2023-07-25 22:37:54
KasirPintar,Sangat praktis,5,2023-07-25 15:55:35
KasirPintar,"Kak kalo sy pake aplksi ini di hp, terus sy download aplksi kasir pintar di kmptr menggunakan email yg sama apa datanya akan sama?",5,2023-07-25 07:36:46
KasirPintar,Saran sara dari dulu kenapa update stok suka ngaco yah ga up to date tapi di laporan benar stok ajak suka ngaco,2,2023-07-24 21:52:36
KasirPintar,Sangat membantu,5,2023-07-23 19:11:41
KasirPintar,Sangat membantu,5,2023-07-22 22:24:34
KasirPintar,Good,5,2023-07-22 20:05:14
KasirPintar,Sangat bermanfaat goodjoob,5,2023-07-22 15:12:15
KasirPintar,👍,5,2023-07-22 00:13:09
KasirPintar,Aplikasi yang Sangat membantu,5,2023-07-21 19:05:32
KasirPintar,Membantu,5,2023-07-21 16:24:51
KasirPintar,Yg freenya sangat membantu,5,2023-07-21 12:35:02
KasirPintar,"Simple, tingkatkan lagi terutama cara edit foto barang",4,2023-07-21 01:39:27
KasirPintar,Bagus aplikasinya,5,2023-07-20 19:32:15
KasirPintar,Enak buat manajemen keuangan,5,2023-07-20 14:06:58
KasirPintar,"sampai saat ini belum ada kendala, Cocok utk UMKM sudah di lengkapi catatan utang pelanggan.. sukses terus kedepannya",5,2023-07-20 12:45:06
KasirPintar,Mantab aplikasinya sangat membantu,5,2023-07-20 12:35:07
KasirPintar,Sangat membantu,5,2023-07-20 02:33:18
KasirPintar,Lebih mudah diaplikasikan buat yang baru mulai usaha kecil,5,2023-07-19 15:53:58
KasirPintar,Mantaaf,5,2023-07-19 15:28:03
KasirPintar,"Meski komplennya udh ditanggapi dengan datar dan ordinary khas developer2 cari aman..hub cs, lampirkan video.bla bla tp minimal ditanggapi positif.yang padahal tinggal fitur proses ""save struk yg lama"" di perbaiki cukup itu aja..kan nicee...",5,2023-07-19 10:32:20
KasirPintar,Sangat membantu,5,2023-07-18 18:47:50
KasirPintar,mantab,5,2023-07-18 10:34:47
KasirPintar,Masih mencoba,5,2023-07-18 06:30:30
KasirPintar,Sangat membantu dalam manage operational,5,2023-07-17 23:34:51
KasirPintar,Sangat membantu,5,2023-07-16 10:40:39
KasirPintar,Bagus sekali,5,2023-07-16 02:03:31
KasirPintar,Sulit dipahami,2,2023-07-15 21:49:54
KasirPintar,Trimakasih,5,2023-07-15 11:38:41
KasirPintar,Good,5,2023-07-15 09:49:46
KasirPintar,"Akun saya di nonaktifkan, lalu bagaimana caranya login kembali?",3,2023-07-14 22:29:45
KasirPintar,Perbaiki jaringannya terkadang tidak bisa di singkrongkan datanya,5,2023-07-14 06:21:50
KasirPintar,Sangat membantu sekali dalam mengelola keuangan usaha saya,5,2023-07-13 23:43:02
KasirPintar,Sangat bagus dan membantu,5,2023-07-13 21:47:02
KasirPintar,Maaf mau tanya apakah bisa aplikasi ini di sambung dengan alat scan barcod,4,2023-07-13 12:42:43
KasirPintar,"Sementara ini bagus, tp kalo bisa ubah format tanggal struk akan lebih baik lg",4,2023-07-11 15:12:38
KasirPintar,sangat membantu,4,2023-07-11 01:02:35
KasirPintar,Sangat membantu semoga dapat di gunakan selamanya..,5,2023-07-10 22:12:08
KasirPintar,"Aplikasi bagus, simpel, mudah dipahami & dioperasikan",5,2023-07-10 17:47:14
KasirPintar,Kasir pintar bs untk 2 toko ato lbh ngga ya?,4,2023-07-10 14:51:44
KasirPintar,ok,5,2023-07-09 18:40:25
KasirPintar,Mantul dan bermanfaat,5,2023-07-09 17:50:46
KasirPintar,Sangat membantu,5,2023-07-09 05:47:58
KasirPintar,Good job thanks,5,2023-07-08 21:03:04
KasirPintar,"Free tapi tidak guna,, harus update fro,,",1,2023-07-08 19:50:04
KasirPintar,Sangat bagus mudah digunakan.,5,2023-07-08 16:45:54
KasirPintar,Sangat membantu,4,2023-07-07 21:09:32
KasirPintar,Good,5,2023-07-07 00:09:41
KasirPintar,aplikasi yg sangat membantu,5,2023-07-06 23:37:01
KasirPintar,mudah di gunakan sangat membantu untuk kami pemula,1,2023-07-06 14:55:48
KasirPintar,Membantu umkm seperti saya yang pemula,5,2023-07-06 10:22:29
KasirPintar,"Masih uji coba, semoga bisa terus d pakai, makasi",5,2023-07-05 22:28:19
KasirPintar,Aplikasinya bagus,5,2023-07-05 19:21:22
KasirPintar,Minta otp berkali-kali buat daftar tapi ga ada kode yang masuk. Yaudahlah aplikasi gak berguna,1,2023-07-05 12:19:40
KasirPintar,Good,5,2023-07-05 07:08:28
KasirPintar,baru nyoba...liat ke depan nya dl..baru bisa kasih rating lebih..,4,2023-07-04 20:41:12
KasirPintar,Mantap,4,2023-07-04 14:43:56
KasirPintar,Josss,5,2023-07-03 22:15:51
KasirPintar,Baik,5,2023-07-03 20:49:37
KasirPintar,mntab,5,2023-07-03 17:14:12
KasirPintar,Sangat baik,5,2023-07-03 11:56:04
KasirPintar,Aplikasi yang luar biasa 👍 sungguh sangat membantu semoga bermanfaat dan bisa lebih baik lagi kedepannya 🙏,5,2023-07-03 08:23:30
KasirPintar,Mantap,5,2023-07-02 14:18:02
KasirPintar,Wahhh repot value sama fisik barang tidak singkron. Pas dihitung manual selisihnya banyak.,2,2023-07-02 13:44:40
KasirPintar,Trims krn sangat membantu dalam saya menjalankan bisnis saya..semoga apabila terjadi update tdk terjadi perubahan yg mempersulit pengguna aplikasi,5,2023-07-01 14:06:05
KasirPintar,"Bagus, terimakasih",5,2023-07-01 08:11:01
KasirPintar,Good,3,2023-07-01 01:22:55
KasirPintar,Sangat membantu,5,2023-06-30 19:47:28
KasirPintar,mantap poknya siplah,5,2023-06-30 17:44:57
KasirPintar,Bagus,5,2023-06-30 13:46:23
KasirPintar,"Masih 1 hari pakek. Minus aplikasi ini adalah tidak bisa mengatur tanggal transaksi dihari yg sudah berlalu, jadi pengennya masukin data transaksi untuk tanggal sbelumnya (hari yg sudah berlalu) tidak bisa, masuknya malah hari ini. Bukan masalah berbayar atau tidak. Berbayarpun juga tidak bisa nambahin transaksi untuk tgl kemarin, masuknya tetep tgl hari ini",3,2023-06-30 10:21:28
KasirPintar,Sangat Membantu Aplikasi Kasir Pintar,5,2023-06-30 08:52:43
KasirPintar,Bagus,5,2023-06-30 02:10:50
KasirPintar,Mudah d gunakan,5,2023-06-29 17:26:03
KasirPintar,Sangat baik bagus sekali,5,2023-06-29 01:43:50
KasirPintar,Sangat bagus sekali dan cocok buat jualan seperti saya,5,2023-06-28 20:30:13
KasirPintar,"Terima kasih, sangat membantu kami. Maaf saran aja, kalau bisa dari free mau upgrade ke pro lebih dipermudah (tdk perlu input barang satu demi satu lagi)",5,2023-06-28 16:09:06
KasirPintar,Ok baik sekali membantu,5,2023-06-28 02:51:40
KasirPintar,Bagus simple,5,2023-06-27 19:43:01
KasirPintar,Tolong saranin ..yg compatible dgn aplikasi ini yg berupa handheld barcode scanner,4,2023-06-27 09:37:43
KasirPintar,Semoga lebih baik lagi,5,2023-06-26 20:04:11
KasirPintar,Mantap,5,2023-06-25 20:41:38
KasirPintar,Membantu penjumlahan,4,2023-06-25 07:19:12
KasirPintar,Bagus,5,2023-06-24 13:49:33
KasirPintar,Good,5,2023-06-24 08:56:10
KasirPintar,Bagus... sangat membantu.. tapi prnh tiba* kyk ngerestart... smpet worry hilang smua.. tp alhamdulilah aman... cm nomer strukx aja yg ngulang...,5,2023-06-23 23:41:53
KasirPintar,Sangat membantu,4,2023-06-23 17:35:14
KasirPintar,Ok banget deh...,5,2023-06-23 07:59:06
KasirPintar,Bismillah,5,2023-06-23 07:55:59
KasirPintar,Mantep nih,5,2023-06-23 01:57:54
KasirPintar,Mantap membantu dalam proses penjualan,5,2023-06-22 22:32:47
KasirPintar,sangat bagus.. sehingga saya tertarik,5,2023-06-22 13:45:53
KasirPintar,Hasil printernya kertasnya yg keluar lebih banyak,3,2023-06-22 12:13:38
KasirPintar,Mudah digunakan dan simple,5,2023-06-21 23:35:34
KasirPintar,Sangat membantu sekali,5,2023-06-21 18:48:50
KasirPintar,Saya senang dengan aplikasi ini saya membatu usaha kecil saya berjualan buah.,5,2023-06-21 16:28:31
KasirPintar,Sangat membantu,5,2023-06-21 15:08:38
KasirPintar,Baik,4,2023-06-21 11:22:47
KasirPintar,Sangat membantu,5,2023-06-21 09:50:04
KasirPintar,"Baru mencoba yang geratis, sejauh ini bagus dan mudah serta murah. Sangat membantu dalam mengelola barang dagangan",4,2023-06-21 06:18:26
KasirPintar,Untuk saat ini enak dipakai,5,2023-06-21 03:46:52
KasirPintar,teeimakasih. sangat membantu utk mengetahui profit margin jualan,5,2023-06-20 22:22:16
KasirPintar,Akun dinonaktifkan peeh,1,2023-06-20 19:37:11
KasirPintar,Good. Lah,5,2023-06-20 16:09:31
KasirPintar,Bagus membantu,5,2023-06-20 10:09:05
KasirPintar,Sangat membantu 👍,5,2023-06-20 00:03:26
KasirPintar,Sangat membantu,4,2023-06-19 19:51:32
KasirPintar,SEMOGA GRATIS SELAMANYA.,5,2023-06-18 10:27:41
KasirPintar,Baru belajar jualan,5,2023-06-17 22:50:06
KasirPintar,"Dari aplikasi kasir yg sy pernah pakai, masih ini yg paling mudah dan praktis digunakan",5,2023-06-17 17:03:34
KasirPintar,Keren,5,2023-06-17 11:51:50
KasirPintar,Good,5,2023-06-15 22:37:53
KasirPintar,membantu sekali,5,2023-06-15 00:30:19
KasirPintar,"Seneng bangetttttttttttttt pke apk ini...bnr² membantu,,bnr² worth it bngttt..mempermudah bangettttttttt pokoknya...rekomendasi buat warung² ini mah..maksih bngt yg udh bikin apk iniiiii",5,2023-06-14 16:06:48
KasirPintar,top markotop,5,2023-06-14 13:09:16
KasirPintar,Cukup Keren,5,2023-06-12 22:54:49
KasirPintar,Bagus dapat mengetahui harga barang yg ada di toko tanpa harus menghafal,5,2023-06-12 21:38:15
KasirPintar,Mantap,5,2023-06-12 16:02:53
KasirPintar,Sangat membantu sekali,5,2023-06-12 10:30:57
KasirPintar,Aplikasi yg sangatt bagusss,5,2023-06-10 17:48:49
KasirPintar,Jos,5,2023-06-10 16:43:21
KasirPintar,"Maaf Ka admin mau tanya untuk aplikasi ini berbayar tidak ya, karena saya baru instal blm masuk ke aplikasinya. Mohon penjelasannya.terima kasih",5,2023-06-10 14:58:19
KasirPintar,Terimakasih,4,2023-06-10 12:45:15
KasirPintar,Mantap,5,2023-06-10 09:31:37
KasirPintar,Aplikasi ini sangat membantu untuk bertransaksi usaha setiap hari.,5,2023-06-09 17:28:14
KasirPintar,sangat membantu,5,2023-06-09 09:40:05
